% Model:              CVD_S_Multiphysics_Coupled.mph
% Version:            COMSOL 6.4.0.378
% Date:               Sep 1 2026, 15:10
% Dimension:          2
% Nodes:              10201
% Expressions:        2
% Description:        Velocity magnitude, Temperature
% Length unit:        m
% R                       Z                        spf.U (m/s)              T (K)
7.5E-5                    0                        7.624298767543218E-17    772.9874519260791
1.1424999999999999E-4     0                        0.6236138200349649       772.9874519666764
1.535E-4                  0                        1.0591499939672373       772.9874520611787
1.9275E-4                 0                        1.3915697510014855       772.9874521716312
2.32E-4                   0                        1.6633856923716865       772.9874522931051
2.7125E-4                 0                        1.8861682571646097       772.987452422521
3.1049999999999996E-4     0                        2.0800683451912545       772.9874525413433
3.4974999999999996E-4     0                        2.2484845633322372       772.9874526460183
3.8899999999999997E-4     0                        2.393480904292192        772.9874527349716
4.2825E-4                 0                        2.524823976585332        772.9874528028158
4.675E-4                  0                        2.6436937575420187       772.987452849103
5.0675E-4                 0                        2.7500902464448735       772.9874528738327
5.459999999999999E-4      0                        2.8441723060896          772.9874528770305
5.852499999999999E-4      0                        2.9301825802017873       772.9874528580722
6.245E-4                  0                        3.00961302020694         772.9874528161926
6.6375E-4                 0                        3.082463625418864        772.9874527513912
7.03E-4                   0                        3.1487343956061586       772.9874526636683
7.4225E-4                 0                        3.208425330935829        772.9874525530239
7.815E-4                  0                        3.2618419409912605       772.9874524195855
8.2075E-4                 0                        3.3115442783110063       772.987452263694
8.6E-4                    0                        3.3570895549142548       772.9874520846529
8.9925E-4                 0                        3.3984777706420535       772.9874518824623
9.385E-4                  0                        3.4357089254207693       772.9874516571218
9.7775E-4                 0                        3.468783019256124        772.987451408632
0.001017                  0                        3.4977000522290207       772.9874511369924
0.00105625                0                        3.5235578909367415       772.9874508426009
0.0010955                 0                        3.54674459027565         772.9874505250219
0.00113475                0                        3.5669589832972117       772.987450184043
0.001174                  0                        3.584201069972285        772.9874498196641
0.00121325                0                        3.5984708503020952       772.9874494318849
0.0012525                 0                        3.609796033110041        772.9874490205758
0.00129175                0                        3.6187352103980923       772.9874485849584
0.001331                  0                        3.625258374869127        772.9874481267136
0.00137025                0                        3.6293655265097606       772.9874476458411
0.0014095                 0                        3.6310566653178795       772.9874471423412
0.00144875                0                        3.630336723871055        772.9874466161914
0.001488                  0                        3.627435629907662        772.9874460681934
0.00152725                0                        3.62242964946513         772.9874454996103
0.0015665                 0                        3.615318782539193        772.9874449104415
0.00160575                0                        3.606103029129329        772.9874443006876
0.001645                  0                        3.5947841182723894       772.9874436702913
0.00168425                0                        3.581505531690037        772.9874430181346
0.0017235                 0                        3.5663290710249917       772.9874423454842
0.00176275                0                        3.549254736275391        772.9874416523401
0.001802                  0                        3.5302825274410288       772.9874409387023
0.00184125                0                        3.509412969123207        772.9874402045795
0.0018805                 0                        3.486743617166185        772.9874394517814
0.00191975                0                        3.4623232141231095       772.9874386812954
0.001959                  0                        3.4361517599930176       772.9874378931216
0.00199825                0                        3.4082292547757977       772.9874370872599
0.0020375                 0                        3.37855569847223         772.9874362637103
0.00207675                0                        3.347199676964039        772.9874354246291
0.002116                  0                        3.3142005476102687       772.9874345716615
0.00215525                0                        3.279558310410367        772.9874337048072
0.0021945                 0                        3.243272965364267        772.9874328240662
0.00223375                0                        3.2053445124724114       772.9874319294388
0.002273                  0                        3.165821867548502        772.9874310232266
0.00231225                0                        3.124737995830422        772.9874301078039
0.0023515                 0                        3.082092692640981        772.9874291831707
0.00239075                0                        3.037885957980132        772.9874282493263
0.00243                   0                        2.9921177918481496       772.9874273062713
0.00246925                0                        2.944824011967072        772.9874263563754
0.0025085                 0                        2.8960323446182326       772.9874254027748
0.00254775                0                        2.845742529475469        772.987424445482
0.002587                  0                        2.7939545665387455       772.9874234844967
0.0026262499999999997     0                        2.7406684558082457       772.9874225198193
0.0026655                 0                        2.6859108436827666       772.9874215538315
0.0027047499999999997     0                        2.629705668147157        772.987420590466
0.002744                  0                        2.5720527037815475       772.9874196297651
0.0027832499999999997     0                        2.512951950585914        772.9874186717286
0.0028225                 0                        2.452403408560389        772.9874177163565
0.0028617499999999997     0                        2.3904207394541213       772.9874167654409
0.002901                  0                        2.3270333193883186       772.9874158245307
0.0029402499999999997     0                        2.262241756296961        772.9874148937845
0.0029795                 0                        2.1960460501800108       772.9874139732029
0.0030187499999999997     0                        2.1284462010375145       772.9874130627855
0.003058                  0                        2.0594395910012677       772.9874121622822
0.0030972499999999997     0                        1.9890483225997273       772.9874112772225
0.0031365                 0                        1.917292100692102        772.9874104113196
0.0031757499999999998     0                        1.8441709252783287       772.9874095645733
0.003215                  0                        1.7696847963583824       772.9874087369835
0.0032542499999999998     0                        1.6938337139322857       772.9874079285507
0.0032935                 0                        1.6166176780001145       772.9874071392745
0.0033327499999999998     0                        1.5380462386375662       772.9874063738299
0.003372                  0                        1.4581372423150252       772.9874056393012
0.00341125                0                        1.3768910949642532       772.9874049357234
0.0034505                 0                        1.2943077965852074       772.987404263097
0.00348975                0                        1.2103873471779119       772.9874036214219
0.003529                  0                        1.1251327531149948       772.9874030114464
0.00356825                0                        1.0385622829027503       772.9874024416987
0.0036075                 0                        0.9506752699220611       772.9874019143093
0.00364675                0                        0.8614717141728798       772.9874014292777
0.003686                  0                        0.7709516156552229       772.9874009866047
0.00372525                0                        0.6791235085874541       772.9874005908022
0.0037645                 0                        0.58599463188891         772.9874002479363
0.00380375                0                        0.49156388091066666      772.9873999577599
0.0038429999999999996     0                        0.39583336025882204      772.9873997213579
0.00388225                0                        0.29880976496490513      772.9873995393577
0.0039215                 0                        0.20049389734612816      772.9873994104308
0.00396075                0                        0.10088972375255223      772.9873993335632
0.004                     0                        0                        772.9873993080595
7.5E-5                    0.0022                   2.4006803814021006E-16   772.9872890643185
1.1424999999999999E-4     0.0022                   0.622890896611546        772.9872890568973
1.535E-4                  0.0022                   1.0582062145006337       772.9872890449235
1.9275E-4                 0.0022                   1.3918419379598999       772.9872890181224
2.32E-4                   0.0022                   1.6622425189590098       772.9872889749207
2.7125E-4                 0.0022                   1.8864761183400025       772.9872889215785
3.1049999999999996E-4     0.0022                   2.0801857805498          772.9872888605511
3.4974999999999996E-4     0.0022                   2.2467738349511994       772.987288789312
3.8899999999999997E-4     0.0022                   2.394314260679143        772.9872887051208
4.2825E-4                 0.0022                   2.5264265762906066       772.987288611235
4.675E-4                  0.0022                   2.643140601417585        772.9872885077091
5.0675E-4                 0.0022                   2.7482519284825466       772.9872883974745
5.459999999999999E-4      0.0022                   2.8444526182304126       772.9872882820647
5.852499999999999E-4      0.0022                   2.931865849667202        772.9872881632218
6.245E-4                  0.0022                   3.0104812573172035       772.9872880402493
6.6375E-4                 0.0022                   3.081918988544532        772.9872879106654
7.03E-4                   0.0022                   3.1478050051722315       772.9872877878653
7.4225E-4                 0.0022                   3.2081393071821274       772.9872876718481
7.815E-4                  0.0022                   3.262942802013867        772.9872875615097
8.2075E-4                 0.0022                   3.3123886397328204       772.9872874487505
8.6E-4                    0.0022                   3.3571585088571942       772.987287341091
8.9925E-4                 0.0022                   3.3980920412261373       772.98728723301
9.385E-4                  0.0022                   3.4350931658709825       772.9872871215638
9.7775E-4                 0.0022                   3.4681290076369          772.9872870086746
0.001017                  0.0022                   3.4976551264748044       772.98728688458
0.00105625                0.0022                   3.5239436430037694       772.9872867301414
0.0010955                 0.0022                   3.547006097567867        772.9872865470012
0.00113475                0.0022                   3.5669469928591306       772.9872863337155
0.001174                  0.0022                   3.5839958348265237       772.987286111261
0.00121325                0.0022                   3.598310009739373        772.9872858994796
0.0012525                 0.0022                   3.6098947258859226       772.9872856984224
0.00129175                0.0022                   3.618853117724064        772.9872854943703
0.001331                  0.0022                   3.625282617454148        772.9872853013524
0.00137025                0.0022                   3.629321668358698        772.9872851128722
0.0014095                 0.0022                   3.630995085586578        772.9872849267838
0.00144875                0.0022                   3.6303538519244984       772.9872847536203
0.001488                  0.0022                   3.6274811643890876       772.9872845970104
0.00152725                0.0022                   3.622441354692733        772.9872844649809
0.0015665                 0.0022                   3.6153009557659224       772.9872843360101
0.00160575                0.0022                   3.606059967615211        772.9872842100984
0.001645                  0.0022                   3.59478011162226         772.9872840945839
0.00168425                0.0022                   3.581533014843278        772.9872839600546
0.0017235                 0.0022                   3.566350189202178        772.9872838277845
0.00176275                0.0022                   3.549231634701325        772.987283697773
0.001802                  0.0022                   3.5302402088792637       772.9872835688336
0.00184125                0.0022                   3.509422877342735        772.9872834665749
0.0018805                 0.0022                   3.4867789910820495       772.9872833926302
0.00191975                0.0022                   3.4623291184073817       772.9872833647782
0.001959                  0.0022                   3.4361302964107643       772.9872833917577
0.00199825                0.0022                   3.4082021170922534       772.9872834513483
0.0020375                 0.0022                   3.3785642213257376       772.9872835354557
0.00207675                0.0022                   3.347220778233942        772.9872836420819
0.002116                  0.0022                   3.314202793181798        772.987283769663
0.00215525                0.0022                   3.279545826020369        772.9872839186235
0.0021945                 0.0022                   3.24326021417533         772.9872840824587
0.00223375                0.0022                   3.205343971776966        772.987284263415
0.002273                  0.0022                   3.165834380424991        772.987284446209
0.00231225                0.0022                   3.124747933528139        772.9872846288072
0.0023515                 0.0022                   3.082085362866475        772.9872848090969
0.00239075                0.0022                   3.037868182136534        772.9872849908414
0.00243                   0.0022                   2.9921191356244567       772.9872851732711
0.00246925                0.0022                   2.9448381885708845       772.9872853562474
0.0025085                 0.0022                   2.89603381357419         772.9872855418772
0.00254775                0.0022                   2.8457356727797443       772.9872857328951
0.002587                  0.0022                   2.7939462899296075       772.9872859287523
0.0026262499999999997     0.0022                   2.7406659067648182       772.9872861297952
0.0026655                 0.0022                   2.685916584077281        772.9872863398894
0.0027047499999999997     0.0022                   2.6297120126696245       772.9872865548383
0.002744                  0.0022                   2.5720521925418662       772.9872867746417
0.0027832499999999997     0.0022                   2.5129390959022357       772.9872869998586
0.0028225                 0.0022                   2.452396298208852        772.9872872270805
0.0028617499999999997     0.0022                   2.390431712511118        772.9872874533941
0.002901                  0.0022                   2.3270453388091097       772.9872876787996
0.0029402499999999997     0.0022                   2.2622420838207526       772.9872879047206
0.0029795                 0.0022                   2.196037092298973        772.9872881201967
0.0030187499999999997     0.0022                   2.128434108347849        772.9872883196575
0.003058                  0.0022                   2.0594425645443244       772.9872884982966
0.0030972499999999997     0.0022                   1.989064909246153        772.9872886491597
0.0031365                 0.0022                   1.9173044192722584       772.9872887766493
0.0031757499999999998     0.0022                   1.8441752175478585       772.9872888910709
0.003215                  0.0022                   1.7696831107467528       772.9872889917757
0.0032542499999999998     0.0022                   1.6938280988689307       772.9872890787635
0.0032935                 0.0022                   1.6166100764872717       772.9872891521055
0.0033327499999999998     0.0022                   1.5380437380013061       772.9872892153369
0.003372                  0.0022                   1.4581373924440988       772.987289272688
0.00341125                0.0022                   1.376891038142114        772.9872893238862
0.0034505                 0.0022                   1.2943046750953522       772.987289368931
0.00348975                0.0022                   1.2103799054035531       772.9872894092105
0.003529                  0.0022                   1.1251326654213143       772.9872894503295
0.00356825                0.0022                   1.0385645972774462       772.9872894883972
0.0036075                 0.0022                   0.9506757009719254       772.9872895234139
0.00364675                0.0022                   0.8614678258212257       772.987289555484
0.003686                  0.0022                   0.7709508038500724       772.9872895794248
0.00372525                0.0022                   0.6791261223575301       772.987289599571
0.0037645                 0.0022                   0.5859946784090545       772.9872896165073
0.00380375                0.0022                   0.4915635465357823       772.9872896361126
0.0038429999999999996     0.0022                   0.3958339163544337       772.9872896591731
0.00388225                0.0022                   0.29880987728727276      772.9872896848233
0.0039215                 0.0022                   0.2004941429916572       772.987289708696
0.00396075                0.0022                   0.10088987182986009      772.987289726481
0.004                     0.0022                   3.2219445624695744E-15   772.9872897334154
7.5E-5                    0.0044                   0                        772.9870798338529
1.1424999999999999E-4     0.0044                   0.6229375984958154       772.987079808597
1.535E-4                  0.0044                   1.0582621864044526       772.9870797553102
1.9275E-4                 0.0044                   1.392045077500709        772.9870796833179
2.32E-4                   0.0044                   1.6621893918324517       772.9870795950043
2.7125E-4                 0.0044                   1.8869695803417208       772.9870794935788
3.1049999999999996E-4     0.0044                   2.08015383249936         772.9870793804753
3.4974999999999996E-4     0.0044                   2.2463196543832775       772.98707925886
3.8899999999999997E-4     0.0044                   2.394887535841534        772.9870791240504
4.2825E-4                 0.0044                   2.5259727254766586       772.9870789742627
4.675E-4                  0.0044                   2.6425632727152113       772.987078806003
5.0675E-4                 0.0044                   2.7486719522843353       772.987078640669
5.459999999999999E-4      0.0044                   2.844861252806806        772.9870784790029
5.852499999999999E-4      0.0044                   2.931156716527636        772.9870783213352
6.245E-4                  0.0044                   3.0098779436766523       772.9870781735816
6.6375E-4                 0.0044                   3.0823430302827317       772.9870780378681
7.03E-4                   0.0044                   3.1485519773118242       772.9870779141943
7.4225E-4                 0.0044                   3.2085861526540866       772.9870778006448
7.815E-4                  0.0044                   3.262640704398119        772.9870776949872
8.2075E-4                 0.0044                   3.312058948770343        772.987077614511
8.6E-4                    0.0044                   3.3572630093742197       772.9870775250218
8.9925E-4                 0.0044                   3.3982059519872565       772.9870774248726
9.385E-4                  0.0044                   3.4349606676988147       772.987077308321
9.7775E-4                 0.0044                   3.468088267430217        772.9870771812732
0.001017                  0.0044                   3.4977083238777134       772.9870770548334
0.00105625                0.0044                   3.52391460283818         772.9870769492273
0.0010955                 0.0044                   3.546929682575089        772.9870768771435
0.00113475                0.0044                   3.566980195213206        772.9870768467473
0.001174                  0.0044                   3.5840661407553576       772.9870768580381
0.00121325                0.0044                   3.5982878921010193       772.9870768984981
0.0012525                 0.0044                   3.6098387011165003       772.9870769813325
0.00129175                0.0044                   3.6188557219261823       772.9870770955465
0.001331                  0.0044                   3.6253389545050654       772.9870772411399
0.00137025                0.0044                   3.6293130107858693       772.9870774254877
0.0014095                 0.0044                   3.6309597655399077       772.9870776562384
0.00144875                0.0044                   3.6303517236262044       772.9870779138699
0.001488                  0.0044                   3.627513714526154        772.9870782124323
0.00152725                0.0044                   3.6224457382405744       772.987078551926
0.0015665                 0.0044                   3.6152769345082914       772.9870789074882
0.00160575                0.0044                   3.6060574711637328       772.9870792694876
0.001645                  0.0044                   3.5947939687510315       772.9870796339271
0.00168425                0.0044                   3.581530229689806        772.9870799927102
0.0017235                 0.0044                   3.5663467674230396       772.9870803591072
0.00176275                0.0044                   3.5492371525411097       772.9870807353644
0.001802                  0.0044                   3.5302346383106555       772.9870811360042
0.00184125                0.0044                   3.5094147050593865       772.9870815779761
0.0018805                 0.0044                   3.486779175681814        772.9870820586841
0.00191975                0.0044                   3.4623287634320477       772.9870825796975
0.001959                  0.0044                   3.43612656566682         772.987083139325
0.00199825                0.0044                   3.40820210659285         772.987083721721
0.0020375                 0.0044                   3.3785558471835664       772.9870843275482
0.00207675                0.0044                   3.347210668474162        772.9870849347417
0.002116                  0.0044                   3.314208109296215        772.9870855584393
0.00215525                0.0044                   3.2795491725091575       772.9870861978577
0.0021945                 0.0044                   3.2432445821175735       772.9870868629978
0.00223375                0.0044                   3.205340770379883        772.9870875489075
0.002273                  0.0044                   3.1658382485842753       772.9870882535155
0.00231225                0.0044                   3.1247418867159404       772.9870889752111
0.0023515                 0.0044                   3.082083164161816        772.9870897084729
0.00239075                0.0044                   3.0378703553093773       772.9870904555627
0.00243                   0.0044                   2.9921154689777083       772.987091215869
0.00246925                0.0044                   2.9448302549785255       772.9870919896964
0.0025085                 0.0044                   2.896038280039293        772.9870927732569
0.00254775                0.0044                   2.8457399407780426       772.9870935663857
0.002587                  0.0044                   2.7939380878575144       772.9870943686356
0.0026262499999999997     0.0044                   2.740662137891101        772.9870951755391
0.0026655                 0.0044                   2.685919933427533        772.9870959860142
0.0027047499999999997     0.0044                   2.6297114744668115       772.98709680006
0.002744                  0.0044                   2.5720462200437013       772.9870976155398
0.0027832499999999997     0.0044                   2.5129406859653516       772.9870984292953
0.0028225                 0.0044                   2.4523993546693346       772.9870992403087
0.0028617499999999997     0.0044                   2.3904297818387734       772.9871000464095
0.002901                  0.0044                   2.3270397594718055       772.9871008461712
0.0029402499999999997     0.0044                   2.2622435517693846       772.987101635449
0.0029795                 0.0044                   2.196041158731515        772.9871024142436
0.0030187499999999997     0.0044                   2.128432739687608        772.9871031824867
0.003058                  0.0044                   2.0594361064956295       772.9871039351115
0.0030972499999999997     0.0044                   1.989061048904904        772.9871046697731
0.0031365                 0.0044                   1.9173075669154482       772.9871053864719
0.0031757499999999998     0.0044                   1.8441765187723071       772.987106084376
0.003215                  0.0044                   1.769679959753662        772.9871067613365
0.0032542499999999998     0.0044                   1.693821661589301        772.9871074179367
0.0032935                 0.0044                   1.616609381722074        772.9871080519674
0.0033327499999999998     0.0044                   1.5380471856426636       772.9871086620172
0.003372                  0.0044                   1.4581378715730415       772.9871092481552
0.00341125                0.0044                   1.3768905797072815       772.9871098086865
0.0034505                 0.0044                   1.2943054988470453       772.9871103435545
0.00348975                0.0044                   1.2103826289925466       772.9871108527595
0.003529                  0.0044                   1.1251323239638593       772.9871113357619
0.00356825                0.0044                   1.0385652284218159       772.9871117894393
0.0036075                 0.0044                   0.9506772473274219       772.9871122135568
0.00364675                0.0044                   0.8614683806805236       772.9871126081143
0.003686                  0.0044                   0.7709502957665652       772.9871129680648
0.00372525                0.0044                   0.679125680399659        772.9871132912804
0.0037645                 0.0044                   0.5859944527814592       772.987113578072
0.00380375                0.0044                   0.4915634393669508       772.9871138308332
0.0038429999999999996     0.0044                   0.3958338571881619       772.9871140494802
0.00388225                0.0044                   0.29880984773189145      772.9871142305219
0.0039215                 0.0044                   0.20049412971749905      772.9871143680581
0.00396075                0.0044                   0.10088986298003542      772.9871144555202
0.004                     0.0044                   3.016807952115212E-15    772.9871144861527
7.5E-5                    0.0066                   0                        772.9869925033049
1.1424999999999999E-4     0.0066                   0.6228701624102141       772.9869924862397
1.535E-4                  0.0066                   1.0581061744920526       772.9869924522247
1.9275E-4                 0.0066                   1.3920723801665846       772.9869923985045
2.32E-4                   0.0066                   1.6622343765116943       772.986992328805
2.7125E-4                 0.0066                   1.886603561893688        772.9869922496891
3.1049999999999996E-4     0.0066                   2.0801259294284047       772.986992162348
3.4974999999999996E-4     0.0066                   2.24637136668729         772.9869920638112
3.8899999999999997E-4     0.0066                   2.3943974616877934       772.986991951024
4.2825E-4                 0.0066                   2.526400063489775        772.9869918261805
4.675E-4                  0.0066                   2.642800252711725        772.9869916877842
5.0675E-4                 0.0066                   2.748615291777984        772.9869915403361
5.459999999999999E-4      0.0066                   2.844937346535837        772.9869913843918
5.852499999999999E-4      0.0066                   2.9318439333848754       772.9869912205154
6.245E-4                  0.0066                   3.010102930837435        772.9869910514958
6.6375E-4                 0.0066                   3.082212751652885        772.9869908754056
7.03E-4                   0.0066                   3.1483301383911613       772.986990689814
7.4225E-4                 0.0066                   3.208452276059158        772.986990495626
7.815E-4                  0.0066                   3.2625529413547314       772.9869902982164
8.2075E-4                 0.0066                   3.3119680841858306       772.9869900892305
8.6E-4                    0.0066                   3.3572450427065914       772.9869898804908
8.9925E-4                 0.0066                   3.3982460117977413       772.9869896738917
9.385E-4                  0.0066                   3.434968080577248        772.9869894692856
9.7775E-4                 0.0066                   3.468048894587561        772.9869892772833
0.001017                  0.0066                   3.497723376106883        772.9869891162232
0.00105625                0.0066                   3.523987418125917        772.9869889848528
0.0010955                 0.0066                   3.546937295879743        772.9869888883281
0.00113475                0.0066                   3.566949507071551        772.9869888224786
0.001174                  0.0066                   3.5840672207007795       772.9869887797488
0.00121325                0.0066                   3.598294228639801        772.9869887566443
0.0012525                 0.0066                   3.609854677445297        772.9869887510646
0.00129175                0.0066                   3.618861398822774        772.9869887777976
0.001331                  0.0066                   3.625314392784699        772.9869888368435
0.00137025                0.0066                   3.629303880569522        772.986988933784
0.0014095                 0.0066                   3.6309866337852363       772.9869890754092
0.00144875                0.0066                   3.6303651846477605       772.9869892615195
0.001488                  0.0066                   3.6274667998737593       772.9869894964276
0.00152725                0.0066                   3.6224399048539104       772.9869897685628
0.0015665                 0.0066                   3.6153060530204826       772.9869900687403
0.00160575                0.0066                   3.6060652443750425       772.98699039696
0.001645                  0.0066                   3.594771915596876        772.986990743196
0.00168425                0.0066                   3.581535373316381        772.9869911051213
0.0017235                 0.0066                   3.56635215869537         772.9869914899218
0.00176275                0.0066                   3.549224457692359        772.9869918998824
0.001802                  0.0066                   3.530232171986691        772.9869923499034
0.00184125                0.0066                   3.509414550273152        772.9869928304906
0.0018805                 0.0066                   3.486771592552115        772.9869933416436
0.00191975                0.0066                   3.462323497729102        772.9869938786196
0.001959                  0.0066                   3.436132697666077        772.9869944207743
0.00199825                0.0066                   3.4082049497546767       772.9869949669356
0.0020375                 0.0066                   3.3785463807889258       772.9869955096905
0.00207675                0.0066                   3.347210871943776        772.986996060193
0.002116                  0.0066                   3.314210807062825        772.9869966320111
0.00215525                0.0066                   3.279545631270058        772.9869972204947
0.0021945                 0.0066                   3.2432447875445214       772.9869978472258
0.00223375                0.0066                   3.2053418823706106       772.9869984780922
0.002273                  0.0066                   3.1658374740190993       772.9869991095547
0.00231225                0.0066                   3.1247375842435203       772.9869997318489
0.0023515                 0.0066                   3.0820823365747785       772.9870003416854
0.00239075                0.0066                   3.037873649976264        772.9870009659486
0.00243                   0.0066                   2.9921110726377607       772.9870016049621
0.00246925                0.0066                   2.944826009738338        772.9870022817363
0.0025085                 0.0066                   2.896035727362598        772.9870029916588
0.00254775                0.0066                   2.845740225510529        772.9870037347291
0.002587                  0.0066                   2.793940528516181        772.987004509743
0.0026262499999999997     0.0066                   2.7406605448170196       772.9870053159254
0.0026655                 0.0066                   2.685917693851213        772.9870061301681
0.0027047499999999997     0.0066                   2.629711455654533        772.9870069541269
0.002744                  0.0066                   2.5720447089763763       772.9870077728762
0.0027832499999999997     0.0066                   2.512938747027433        772.9870085711409
0.0028225                 0.0066                   2.4523984861516044       772.9870093564218
0.0028617499999999997     0.0066                   2.3904285531281353       772.9870101251825
0.002901                  0.0066                   2.3270388349011917       772.9870108779825
0.0029402499999999997     0.0066                   2.262242411753487        772.987011610958
0.0029795                 0.0066                   2.1960392079932882       772.9870123241411
0.0030187499999999997     0.0066                   2.128430988966429        772.9870130169165
0.003058                  0.0066                   2.0594364711098327       772.987013685952
0.0030972499999999997     0.0066                   1.98906147252078         772.9870143313392
0.0031365                 0.0066                   1.9173059931990786       772.9870149530782
0.0031757499999999998     0.0066                   1.8441745265149765       772.9870155518191
0.003215                  0.0066                   1.769679190545197        772.9870161288947
0.0032542499999999998     0.0066                   1.6938214297767245       772.9870166840495
0.0032935                 0.0066                   1.6166095251061252       772.987017217134
0.0033327499999999998     0.0066                   1.5380449813219075       772.9870177284338
0.003372                  0.0066                   1.4581374141638292       772.9870182182196
0.00341125                0.0066                   1.3768908985564903       772.9870186862798
0.0034505                 0.0066                   1.294305434499917        772.987019132614
0.00348975                0.0066                   1.2103810219941893       772.9870195572225
0.003529                  0.0066                   1.125132344541609        772.987019960706
0.00356825                0.0066                   1.0385650053789899       772.9870203420171
0.0036075                 0.0066                   0.9506762473497988       772.9870207009095
0.00364675                0.0066                   0.8614671802309136       772.9870210368522
0.003686                  0.0066                   0.7709503439646546       772.9870213430877
0.00372525                0.0066                   0.6791256701447146       772.9870216196704
0.0037645                 0.0066                   0.5859942929122026       772.9870218668449
0.00380375                0.0066                   0.49156333951908837      772.987022086189
0.0038429999999999996     0.0066                   0.39583373415256284      772.9870222773957
0.00388225                0.0066                   0.2988097530697737       772.9870224370572
0.0039215                 0.0066                   0.20049406792666055      772.9870225593141
0.00396075                0.0066                   0.10088983392643533      772.9870226374112
0.004                     0.0066                   2.0919419787297603E-15   772.987022664922
7.5E-5                    0.0088                   2.4091236036656603E-16   772.9869911002124
1.1424999999999999E-4     0.0088                   0.622915796160978        772.9869910845352
1.535E-4                  0.0088                   1.0581316585762228       772.9869910527867
1.9275E-4                 0.0088                   1.392118894448479        772.9869910080022
2.32E-4                   0.0088                   1.6622193274815298       772.9869909507346
2.7125E-4                 0.0088                   1.8867499240230596       772.9869908798853
3.1049999999999996E-4     0.0088                   2.0804129044057658       772.9869907962278
3.4974999999999996E-4     0.0088                   2.2463283484190297       772.9869906997017
3.8899999999999997E-4     0.0088                   2.394667083944428        772.98699058556
4.2825E-4                 0.0088                   2.5263633648899275       772.9869904530467
4.675E-4                  0.0088                   2.642594914367157        772.9869903064456
5.0675E-4                 0.0088                   2.7482157836764673       772.9869901605549
5.459999999999999E-4      0.0088                   2.8441301937614476       772.9869900171358
5.852499999999999E-4      0.0088                   2.9316516452230594       772.9869898785902
6.245E-4                  0.0088                   3.0107801393261004       772.986989744918
6.6375E-4                 0.0088                   3.0823018954509127       772.9869896147453
7.03E-4                   0.0088                   3.1476943660898664       772.986989489784
7.4225E-4                 0.0088                   3.2078367671356536       772.9869893694984
7.815E-4                  0.0088                   3.2628937740584933       772.98698925268
8.2075E-4                 0.0088                   3.312697004393807        772.9869891395211
8.6E-4                    0.0088                   3.357325587497116        772.9869890299265
8.9925E-4                 0.0088                   3.398074258457983        772.9869889232123
9.385E-4                  0.0088                   3.435003698608807        772.9869888221978
9.7775E-4                 0.0088                   3.4682046746087516       772.9869887262291
0.001017                  0.0088                   3.4977100740633227       772.9869886352972
0.00105625                0.0088                   3.523962227220764        772.9869885531766
0.0010955                 0.0088                   3.5470185205379323       772.986988481647
0.00113475                0.0088                   3.566960514675751        772.986988421826
0.001174                  0.0088                   3.583977410330012        772.9869883748813
0.00121325                0.0088                   3.5982877270283042       772.9869883457096
0.0012525                 0.0088                   3.60992104334929         772.9869883357134
0.00129175                0.0088                   3.6188467729791385       772.9869883444879
0.001331                  0.0088                   3.6252824146345026       772.9869883730763
0.00137025                0.0088                   3.6293083859862683       772.9869884216783
0.0014095                 0.0088                   3.6309914611499052       772.9869884913775
0.00144875                0.0088                   3.630338552455503        772.9869885821221
0.001488                  0.0088                   3.6274780428313993       772.9869886935095
0.00152725                0.0088                   3.6224561931761223       772.9869888256744
0.0015665                 0.0088                   3.6152858547117          772.9869889789946
0.00160575                0.0088                   3.6060303141979486       772.9869891547557
0.001645                  0.0088                   3.5947732377454282       772.9869893522194
0.00168425                0.0088                   3.5815502098580145       772.9869895722117
0.0017235                 0.0088                   3.5663494938268645       772.9869898144767
0.00176275                0.0088                   3.549223562217945        772.9869900793658
0.001802                  0.0088                   3.530237976145211        772.9869903660663
0.00184125                0.0088                   3.5094166322501805       772.9869906740142
0.0018805                 0.0088                   3.4867626266512577       772.9869910031948
0.00191975                0.0088                   3.4623276168663604       772.9869913515322
0.001959                  0.0088                   3.4361373537105866       772.9869917184208
0.00199825                0.0088                   3.4082009704241445       772.9869921030497
0.0020375                 0.0088                   3.378544321741398        772.9869925035982
0.00207675                0.0088                   3.3472113127824326       772.9869929197238
0.002116                  0.0088                   3.314212657551937        772.9869933503572
0.00215525                0.0088                   3.279542958020053        772.9869937958375
0.0021945                 0.0088                   3.2432450706713523       772.9869942562768
0.00223375                0.0088                   3.2053388318664746       772.9869947307188
0.002273                  0.0088                   3.1658355664928424       772.9869952203677
0.00231225                0.0088                   3.1247374497895137       772.9869957252158
0.0023515                 0.0088                   3.0820784589202175       772.9869962453781
0.00239075                0.0088                   3.0378699686238027       772.9869967809525
0.00243                   0.0088                   2.9921141761997436       772.9869973319461
0.00246925                0.0088                   2.9448254541572507       772.9869978987127
0.0025085                 0.0088                   2.896031125813188        772.9869984781952
0.00254775                0.0088                   2.845737636213854        772.9869990696167
0.002587                  0.0088                   2.793942577688296        772.9869996729587
0.0026262499999999997     0.0088                   2.740662035579054        772.9870002855457
0.0026655                 0.0088                   2.685915378892719        772.9870009032247
0.0027047499999999997     0.0088                   2.6297087839447646       772.987001521795
0.002744                  0.0088                   2.5720439984684176       772.9870021418308
0.0027832499999999997     0.0088                   2.512937939405043        772.9870027545793
0.0028225                 0.0088                   2.4523980771508995       772.9870033535512
0.0028617499999999997     0.0088                   2.390427279806558        772.9870039417726
0.002901                  0.0088                   2.327036411623054        772.9870045208488
0.0029402499999999997     0.0088                   2.262240918219379        772.9870050948797
0.0029795                 0.0088                   2.19603875533032         772.9870056648626
0.0030187499999999997     0.0088                   2.128432609425406        772.9870062308255
0.003058                  0.0088                   2.0594372152195333       772.987006782629
0.0030972499999999997     0.0088                   1.9890593674389527       772.9870073173448
0.0031365                 0.0088                   1.917304132515413        772.9870078355108
0.0031757499999999998     0.0088                   1.844172212063196        772.9870083328352
0.003215                  0.0088                   1.7696783546490684       772.9870088151031
0.0032542499999999998     0.0088                   1.693822653759876        772.9870092823821
0.0032935                 0.0088                   1.61660819191722         772.9870097341515
0.0033327499999999998     0.0088                   1.5380424051056496       772.9870101705307
0.003372                  0.0088                   1.4581356055944321       772.9870105911814
0.00341125                0.0088                   1.376890380747265        772.9870109954012
0.0034505                 0.0088                   1.2943051692379013       772.9870113835436
0.00348975                0.0088                   1.2103799217363114       772.987011755624
0.003529                  0.0088                   1.1251325879982317       772.987012109767
0.00356825                0.0088                   1.0385647476453008       772.9870124466934
0.0036075                 0.0088                   0.9506761299868784       772.9870127641469
0.00364675                0.0088                   0.8614673111755483       772.9870130616625
0.003686                  0.0088                   0.7709502106602181       772.9870133334927
0.00372525                0.0088                   0.6791252156063514       772.9870135789503
0.0037645                 0.0088                   0.5859941009666603       772.9870137982383
0.00380375                0.0088                   0.49156315532543143      772.9870139923298
0.0038429999999999996     0.0088                   0.39583356652482055      772.9870141609936
0.00388225                0.0088                   0.2988096680432817       772.9870143017622
0.0039215                 0.0088                   0.2004939882595346       772.9870144103002
0.00396075                0.0088                   0.10088979023685976      772.9870144799986
0.004                     0.0088                   5.347748589136665E-16    772.9870145046337
7.5E-5                    0.011000000000000001     1.2108255410650766E-16   772.9870513413008
1.1424999999999999E-4     0.011000000000000001     0.6228626174090574       772.9870513306099
1.535E-4                  0.011000000000000001     1.0580979306351852       772.9870513113551
1.9275E-4                 0.011000000000000001     1.3920937271933815       772.9870512819131
2.32E-4                   0.011000000000000001     1.6622153532987667       772.9870512432791
2.7125E-4                 0.011000000000000001     1.8864565142525094       772.9870512010334
3.1049999999999996E-4     0.011000000000000001     2.0802549842312756       772.9870511557076
3.4974999999999996E-4     0.011000000000000001     2.246295010786358        772.9870511054028
3.8899999999999997E-4     0.011000000000000001     2.3941403034291957       772.9870510472861
4.2825E-4                 0.011000000000000001     2.5264722569257025       772.987050981497
4.675E-4                  0.011000000000000001     2.6432908702211995       772.9870509080354
5.0675E-4                 0.011000000000000001     2.7484812048892078       772.9870508285883
5.459999999999999E-4      0.011000000000000001     2.8447158295904034       772.9870507436996
5.852499999999999E-4      0.011000000000000001     2.9319744384777096       772.9870506533521
6.245E-4                  0.011000000000000001     3.010395042106415        772.9870505574096
6.6375E-4                 0.011000000000000001     3.0821626455650217       772.9870504549039
7.03E-4                   0.011000000000000001     3.1481240121624836       772.9870503447366
7.4225E-4                 0.011000000000000001     3.2082638515493374       772.9870502270326
7.815E-4                  0.011000000000000001     3.262582163725963        772.9870501017916
8.2075E-4                 0.011000000000000001     3.3120129294121052       772.9870499658564
8.6E-4                    0.011000000000000001     3.357224248228106        772.9870498191093
8.9925E-4                 0.011000000000000001     3.39820724384097         772.987049661961
9.385E-4                  0.011000000000000001     3.4349760323341747       772.9870494965046
9.7775E-4                 0.011000000000000001     3.4680598368261975       772.9870493217829
0.001017                  0.011000000000000001     3.497712796897302        772.987049132958
0.00105625                0.011000000000000001     3.5239536231275683       772.9870489296871
0.0010955                 0.011000000000000001     3.5469331588589674       772.9870487146006
0.00113475                0.011000000000000001     3.5669706281730043       772.9870485138207
0.001174                  0.011000000000000001     3.5840734837898824       772.987048330569
0.00121325                0.011000000000000001     3.5982853101029137       772.987048185928
0.0012525                 0.011000000000000001     3.609811888129199        772.9870480995539
0.00129175                0.011000000000000001     3.618832558433766        772.9870480622376
0.001331                  0.011000000000000001     3.625344515040293        772.9870480764479
0.00137025                0.011000000000000001     3.629346747847981        772.9870481437163
0.0014095                 0.011000000000000001     3.63095786569942         772.9870482673596
0.00144875                0.011000000000000001     3.630344645784372        772.987048418239
0.001488                  0.011000000000000001     3.627503457737729        772.9870485916482
0.00152725                0.011000000000000001     3.6224355781305744       772.9870487782961
0.0015665                 0.011000000000000001     3.615266435806847        772.987048944343
0.00160575                0.011000000000000001     3.6060540753907797       772.9870490947914
0.001645                  0.011000000000000001     3.594798496881356        772.9870492296417
0.00168425                0.011000000000000001     3.581518539331652        772.9870493472265
0.0017235                 0.011000000000000001     3.566325894379652        772.9870494821329
0.00176275                0.011000000000000001     3.54923893551059         772.987049647832
0.001802                  0.011000000000000001     3.5302576627253193       772.987049844324
0.00184125                0.011000000000000001     3.509396541586979        772.9870500768594
0.0018805                 0.011000000000000001     3.4867472364137004       772.9870503378215
0.00191975                0.011000000000000001     3.4623295652202386       772.9870506090398
0.001959                  0.011000000000000001     3.4361435280061943       772.9870508905144
0.00199825                0.011000000000000001     3.4081921825791013       772.9870511811737
0.0020375                 0.011000000000000001     3.37853753579968         772.9870514856034
0.00207675                0.011000000000000001     3.3472085996149636       772.9870518240466
0.002116                  0.011000000000000001     3.314209478566697        772.9870521956253
0.00215525                0.011000000000000001     3.279540313822848        772.9870526003971
0.0021945                 0.011000000000000001     3.2432411570812976       772.9870530359799
0.00223375                0.011000000000000001     3.2053371937491644       772.9870534948931
0.002273                  0.011000000000000001     3.165836446051071        772.9870539755719
0.00231225                0.011000000000000001     3.1247411306427164       772.9870544771438
0.0023515                 0.011000000000000001     3.082073197130982        772.987054992306
0.00239075                0.011000000000000001     3.0378646629245423       772.9870555195503
0.00243                   0.011000000000000001     2.992115734879328        772.9870560595202
0.00246925                0.011000000000000001     2.9448314166517586       772.9870566133145
0.0025085                 0.011000000000000001     2.8960260385202474       772.9870571840318
0.00254775                0.011000000000000001     2.8457294920388922       772.9870577713295
0.002587                  0.011000000000000001     2.7939429474296538       772.9870583744666
0.0026262499999999997     0.011000000000000001     2.7406644810507417       772.9870589918954
0.0026655                 0.011000000000000001     2.6859126867917005       772.9870596176967
0.0027047499999999997     0.011000000000000001     2.629706197981561        772.9870602426772
0.002744                  0.011000000000000001     2.5720467213541376       772.9870608664781
0.0027832499999999997     0.011000000000000001     2.5129358972263014       772.9870614883806
0.0028225                 0.011000000000000001     2.4523950413056617       772.9870620978495
0.0028617499999999997     0.011000000000000001     2.390428315126514        772.9870626924067
0.002901                  0.011000000000000001     2.3270374882941605       772.9870632636799
0.0029402499999999997     0.011000000000000001     2.262236707106027        772.9870638099927
0.0029795                 0.011000000000000001     2.1960350913160287       772.987064351014
0.0030187499999999997     0.011000000000000001     2.128432863059248        772.9870648851056
0.003058                  0.011000000000000001     2.059434727264634        772.9870654250213
0.0030972499999999997     0.011000000000000001     1.9890580340092852       772.9870659685159
0.0031365                 0.011000000000000001     1.91730438650322         772.9870665114108
0.0031757499999999998     0.011000000000000001     1.8441739822912033       772.9870670536612
0.003215                  0.011000000000000001     1.769677605512172        772.9870675843868
0.0032542499999999998     0.011000000000000001     1.6938237270195302       772.9870680962156
0.0032935                 0.011000000000000001     1.6166122657348734       772.98706858923
0.0033327499999999998     0.011000000000000001     1.5380439084411102       772.9870690628793
0.003372                  0.011000000000000001     1.458134565548636        772.9870695103405
0.00341125                0.011000000000000001     1.3768874406637157       772.9870699338213
0.0034505                 0.011000000000000001     1.29430225556546         772.987070333203
0.00348975                0.011000000000000001     1.2103793265165836       772.9870707072856
0.003529                  0.011000000000000001     1.12513281544325         772.9870710557028
0.00356825                0.011000000000000001     1.038564050507882        772.9870713807791
0.0036075                 0.011000000000000001     0.9506738263128046       772.9870716816724
0.00364675                0.011000000000000001     0.8614663060056655       772.9870719602852
0.003686                  0.011000000000000001     0.7709500572704712       772.98707221703
0.00372525                0.011000000000000001     0.6791250460015331       772.9870724511364
0.0037645                 0.011000000000000001     0.5859939079474704       772.9870726627447
0.00380375                0.011000000000000001     0.4915629877076274       772.9870728516738
0.0038429999999999996     0.011000000000000001     0.39583336744272934      772.9870730176627
0.00388225                0.011000000000000001     0.29880954855286085      772.9870731564524
0.0039215                 0.011000000000000001     0.20049392322986656      772.9870732632796
0.00396075                0.011000000000000001     0.10088975670851816      772.9870733318965
0.004                     0.011000000000000001     2.3794881906985733E-15   772.9870733561128
7.5E-5                    0.0132                   0                        772.98717396923
1.1424999999999999E-4     0.0132                   0.622915356489599        772.9871739519477
1.535E-4                  0.0132                   1.0582041305866579       772.9871739154977
1.9275E-4                 0.0132                   1.392064540164171        772.9871738641435
2.32E-4                   0.0132                   1.662218983654905        772.9871737983256
2.7125E-4                 0.0132                   1.8865924229408073       772.9871737172807
3.1049999999999996E-4     0.0132                   2.080476901408059        772.9871736223229
3.4974999999999996E-4     0.0132                   2.246137427585114        772.9871735135516
3.8899999999999997E-4     0.0132                   2.3942867226543703       772.9871733923644
4.2825E-4                 0.0132                   2.526752539574612        772.9871732578356
4.675E-4                  0.0132                   2.6433332899721944       772.9871731071149
5.0675E-4                 0.0132                   2.7480395713695667       772.9871729556334
5.459999999999999E-4      0.0132                   2.8437869351848146       772.9871728066628
5.852499999999999E-4      0.0132                   2.931528484491619        772.9871726562678
6.245E-4                  0.0132                   3.0112348787753898       772.9871725043698
6.6375E-4                 0.0132                   3.082731770057005        772.987172350934
7.03E-4                   0.0132                   3.1476529116495975       772.987172195435
7.4225E-4                 0.0132                   3.2076150493476554       772.9871720453768
7.815E-4                  0.0132                   3.2626019746921986       772.9871719074981
8.2075E-4                 0.0132                   3.3126136858850095       772.987171781799
8.6E-4                    0.0132                   3.357650181742595        772.9871716682795
8.9925E-4                 0.0132                   3.398078564171278        772.9871715717198
9.385E-4                  0.0132                   3.434904101472323        772.9871715122941
9.7775E-4                 0.0132                   3.4681461616006697       772.9871714840394
0.001017                  0.0132                   3.497809827262076        772.9871714942836
0.00105625                0.0132                   3.523909683046969        772.9871715463695
0.0010955                 0.0132                   3.546948784318942        772.9871716225407
0.00113475                0.0132                   3.5669860599435013       772.9871717027459
0.001174                  0.0132                   3.584038058664244        772.987171790291
0.00121325                0.0132                   3.5982639475733653       772.9871718499398
0.0012525                 0.0132                   3.6098734812190854       772.9871719156328
0.00129175                0.0132                   3.618863421228139        772.987171985888
0.001331                  0.0132                   3.6252646582047623       772.9871720681355
0.00137025                0.0132                   3.629298689842935        772.9871721901959
0.0014095                 0.0132                   3.631006445252862        772.9871723506424
0.00144875                0.0132                   3.630383359176143        772.9871725450168
0.001488                  0.0132                   3.6274668764498257       772.9871727839269
0.00152725                0.0132                   3.6224166947239667       772.9871730581008
0.0015665                 0.0132                   3.6152822141861534       772.9871733494354
0.00160575                0.0132                   3.606073807555919        772.9871736585297
0.001645                  0.0132                   3.5947914748362226       772.9871739853843
0.00168425                0.0132                   3.5815108242229803       772.9871743192859
0.0017235                 0.0132                   3.5663256692194567       772.9871746768627
0.00176275                0.0132                   3.5492385330944503       772.9871750552918
0.001802                  0.0132                   3.5302444780108178       772.9871754548029
0.00184125                0.0132                   3.509401727905783        772.9871758765747
0.0018805                 0.0132                   3.4867599465957735       772.9871763180431
0.00191975                0.0132                   3.4623328078653284       772.9871767798616
0.001959                  0.0132                   3.436124552600223        772.9871772622328
0.00199825                0.0132                   3.4081897876605494       772.9871777630327
0.0020375                 0.0132                   3.378553050005473        772.9871782814063
0.00207675                0.0132                   3.3472159134752792       772.9871788170813
0.002116                  0.0132                   3.3141937296678563       772.9871793704856
0.00215525                0.0132                   3.279533493412718        772.9871799414
0.0021945                 0.0132                   3.243250962296738        772.9871805276575
0.00223375                0.0132                   3.2053434364352364       772.98718112921
0.002273                  0.0132                   3.1658220579755216       772.9871817458032
0.00231225                0.0132                   3.124734618447542        772.9871823760972
0.0023515                 0.0132                   3.0820841547769082       772.987183022832
0.00239075                0.0132                   3.037871980528502        772.9871836868643
0.00243                   0.0132                   2.9921056307233926       772.9871843728465
0.00246925                0.0132                   2.9448235815727486       772.9871850706401
0.0025085                 0.0132                   2.896031358712959        772.9871857707593
0.00254775                0.0132                   2.8457346332567037       772.9871864664424
0.002587                  0.0132                   2.7939378676765934       772.9871871451047
0.0026262499999999997     0.0132                   2.7406606359171874       772.9871878117561
0.0026655                 0.0132                   2.6859123443700867       772.9871884730188
0.0027047499999999997     0.0132                   2.6297066409071976       772.9871891288719
0.002744                  0.0132                   2.5720440742428052       772.9871897787393
0.0027832499999999997     0.0132                   2.5129331545074987       772.9871904227
0.0028225                 0.0132                   2.4523921576824277       772.9871910610549
0.0028617499999999997     0.0132                   2.3904284648514174       772.9871916928815
0.002901                  0.0132                   2.327039765412258        772.9871923183956
0.0029402499999999997     0.0132                   2.262237481123941        772.987192936115
0.0029795                 0.0132                   2.1960319763948766       772.9871935444161
0.0030187499999999997     0.0132                   2.1284310060991656       772.98719414344
0.003058                  0.0132                   2.0594361362953464       772.987194733342
0.0030972499999999997     0.0132                   1.9890575140090332       772.9871953109164
0.0031365                 0.0132                   1.9173041208501074       772.9871958739376
0.0031757499999999998     0.0132                   1.844175956818559        772.9871964224054
0.003215                  0.0132                   1.7696765513436208       772.9871969547872
0.0032542499999999998     0.0132                   1.6938149382569474       772.9871974685773
0.0032935                 0.0132                   1.6166059896571288       772.9871979629859
0.0033327499999999998     0.0132                   1.538047805302748        772.9871984384692
0.003372                  0.0132                   1.4581398440912505       772.9871988951593
0.00341125                0.0132                   1.3768870294762672       772.9871993330601
0.0034505                 0.0132                   1.294297924644629        772.9871997514693
0.00348975                0.0132                   1.2103794380118313       772.9872001485417
0.003529                  0.0132                   1.1251347797491145       772.9872005242837
0.00356825                0.0132                   1.0385644961047216       772.9872008786365
0.0036075                 0.0132                   0.9506745874351735       772.9872012105617
0.00364675                0.0132                   0.8614661803265965       772.9872015192469
0.003686                  0.0132                   0.7709496052025283       772.9872018003955
0.00372525                0.0132                   0.6791247541815352       772.9872020533843
0.0037645                 0.0132                   0.5859934947207562       772.9872022784924
0.00380375                0.0132                   0.49156275092676494      772.9872024776722
0.0038429999999999996     0.0132                   0.39583326436105604      772.9872026510637
0.00388225                0.0132                   0.298809378797829        772.9872027957297
0.0039215                 0.0132                   0.2004938251247435       772.9872029064081
0.00396075                0.0132                   0.10088971039826759      772.9872029771676
0.004                     0.0132                   1.9816509070644995E-15   772.9872030020601
7.5E-5                    0.0154                   1.2002392695748555E-16   772.987380346713
1.1424999999999999E-4     0.0154                   0.6229130287788655       772.9873803303352
1.535E-4                  0.0154                   1.0582544205474558       772.9873802959098
1.9275E-4                 0.0154                   1.3920876271516152       772.9873802473171
2.32E-4                   0.0154                   1.6622552591041273       772.9873801846834
2.7125E-4                 0.0154                   1.8864261278730483       772.9873801122063
3.1049999999999996E-4     0.0154                   2.0804519910355728       772.9873800282742
3.4974999999999996E-4     0.0154                   2.246694322602232        772.9873799316648
3.8899999999999997E-4     0.0154                   2.394769523218945        772.9873798158922
4.2825E-4                 0.0154                   2.525675437762716        772.9873796822384
4.675E-4                  0.0154                   2.6425702104849353       772.9873795376429
5.0675E-4                 0.0154                   2.748981932979173        772.9873793935062
5.459999999999999E-4      0.0154                   2.8449129353225118       772.9873792499624
5.852499999999999E-4      0.0154                   2.931156939510362        772.9873791058803
6.245E-4                  0.0154                   3.010364193950515        772.987378953248
6.6375E-4                 0.0154                   3.0827553116714133       772.987378795999
7.03E-4                   0.0154                   3.148253808721849        772.9873786343112
7.4225E-4                 0.0154                   3.2078722389490597       772.9873784773173
7.815E-4                  0.0154                   3.262517356160311        772.987378326543
8.2075E-4                 0.0154                   3.3123216150620967       772.987378181085
8.6E-4                    0.0154                   3.357469959367414        772.987378043582
8.9925E-4                 0.0154                   3.3980619119078326       772.9873779140034
9.385E-4                  0.0154                   3.434969679800578        772.9873777946532
9.7775E-4                 0.0154                   3.4682030551492122       772.9873776872141
0.001017                  0.0154                   3.497762037875768        772.987377591686
0.00105625                0.0154                   3.523855034513618        772.9873775088853
0.0010955                 0.0154                   3.5469158678103443       772.9873774441419
0.00113475                0.0154                   3.566993201353595        772.9873773970157
0.001174                  0.0154                   3.5840698461781226       772.9873773675149
0.00121325                0.0154                   3.5982859353690024       772.9873773608595
0.0012525                 0.0154                   3.6098691017260456       772.9873773815965
0.00129175                0.0154                   3.6188487023429827       772.9873774271629
0.001331                  0.0154                   3.625279440378979        772.9873775030317
0.00137025                0.0154                   3.629292841253567        772.9873776073882
0.0014095                 0.0154                   3.630990048514504        772.9873777402996
0.00144875                0.0154                   3.630371062161705        772.9873779017648
0.001488                  0.0154                   3.627460768890147        772.9873780911715
0.00152725                0.0154                   3.6224258095994          772.9873783059624
0.0015665                 0.0154                   3.6152902827232234       772.987378546543
0.00160575                0.0154                   3.6060541882616493       772.9873788129136
0.001645                  0.0154                   3.594771641583345        772.9873791064927
0.00168425                0.0154                   3.581529858193767        772.9873794286001
0.0017235                 0.0154                   3.5663380618112823       772.9873797773058
0.00176275                0.0154                   3.5492214621178704       772.9873801488595
0.001802                  0.0154                   3.530236881059847        772.9873805422532
0.00184125                0.0154                   3.5094151515595744       772.9873809494934
0.0018805                 0.0154                   3.486752404415207        772.9873813724215
0.00191975                0.0154                   3.4623190826825954       772.9873818120986
0.001959                  0.0154                   3.436134020177045        772.9873822789511
0.00199825                0.0154                   3.4081947785885176       772.9873827722295
0.0020375                 0.0154                   3.3785396833125154       772.9873833179308
0.00207675                0.0154                   3.347205588584603        772.9873838924731
0.002116                  0.0154                   3.3142078811882505       772.987384483856
0.00215525                0.0154                   3.2795426915540795       772.987385101179
0.0021945                 0.0154                   3.2432413832801155       772.987385734123
0.00223375                0.0154                   3.205334168965632        772.9873863702011
0.002273                  0.0154                   3.1658290653127885       772.9873870176118
0.00231225                0.0154                   3.1247329359388485       772.9873876723192
0.0023515                 0.0154                   3.082077857580153        772.9873883312916
0.00239075                0.0154                   3.037868064012617        772.9873889958631
0.00243                   0.0154                   2.9921063686432365       772.9873896661023
0.00246925                0.0154                   2.9448248665154173       772.9873903411616
0.0025085                 0.0154                   2.8960324417737864       772.9873910204705
0.00254775                0.0154                   2.845729466955899        772.9873917039042
0.002587                  0.0154                   2.793935935812781        772.9873923885336
0.0026262499999999997     0.0154                   2.7406620262584234       772.9873930740875
0.0026655                 0.0154                   2.685914404138535        772.9873937603809
0.0027047499999999997     0.0154                   2.6297006360576725       772.9873944471271
0.002744                  0.0154                   2.5720412268660717       772.987395132628
0.0027832499999999997     0.0154                   2.5129406029509322       772.987395816285
0.0028225                 0.0154                   2.4523955011581533       772.9873964987592
0.0028617499999999997     0.0154                   2.3904239775267704       772.987397176669
0.002901                  0.0154                   2.32703660237376         772.9873978503387
0.0029402499999999997     0.0154                   2.2622391810617177       772.9873985183941
0.0029795                 0.0154                   2.1960323791984373       772.9873991808356
0.0030187499999999997     0.0154                   2.1284300970543324       772.9873998349282
0.003058                  0.0154                   2.059437875662242        772.9874004790911
0.0030972499999999997     0.0154                   1.9890589777394816       772.9874011123288
0.0031365                 0.0154                   1.9172982936333876       772.9874017338217
0.0031757499999999998     0.0154                   1.8441691420131432       772.987402340439
0.003215                  0.0154                   1.769678275201813        772.98740293077
0.0032542499999999998     0.0154                   1.6938239472000332       772.9874035053359
0.0032935                 0.0154                   1.6166073341701586       772.9874040638045
0.0033327499999999998     0.0154                   1.5380430522574677       772.9874046023791
0.003372                  0.0154                   1.4581357288834011       772.9874051202777
0.00341125                0.0154                   1.3768884289069754       772.9874056164817
0.0034505                 0.0154                   1.294301152328094        772.9874060909912
0.00348975                0.0154                   1.2103802578605525       772.9874065433639
0.003529                  0.0154                   1.1251348421450789       772.9874069725435
0.00356825                0.0154                   1.0385640699919798       772.9874073784994
0.0036075                 0.0154                   0.9506741826700078       772.9874077601656
0.00364675                0.0154                   0.861466049543088        772.9874081149011
0.003686                  0.0154                   0.770949563474106        772.9874084380764
0.00372525                0.0154                   0.6791251541534176       772.9874087291116
0.0037645                 0.0154                   0.5859935850420324       772.9874089881121
0.00380375                0.0154                   0.49156259255873097      772.9874092157378
0.0038429999999999996     0.0154                   0.3958331580866627       772.9874094121732
0.00388225                0.0154                   0.29880928593221245      772.9874095747437
0.0039215                 0.0154                   0.20049375151656332      772.9874096980739
0.00396075                0.0154                   0.10088966736064016      772.9874097763486
0.004                     0.0154                   2.16465937503041E-15     772.987409803741
7.5E-5                    0.0176                   3.5839595768608544E-16   772.9876718987239
1.1424999999999999E-4     0.0176                   0.6229171927983586       772.9876718761476
1.535E-4                  0.0176                   1.0582498154742908       772.9876718264879
1.9275E-4                 0.0176                   1.392038319857581        772.9876717570469
2.32E-4                   0.0176                   1.6622894469625225       772.9876716686349
2.7125E-4                 0.0176                   1.8867413459055606       772.987671561578
3.1049999999999996E-4     0.0176                   2.080399715798114        772.9876714387523
3.4974999999999996E-4     0.0176                   2.2465504996528356       772.9876713019086
3.8899999999999997E-4     0.0176                   2.394894692401305        772.9876711494827
4.2825E-4                 0.0176                   2.525856480350817        772.9876709804583
4.675E-4                  0.0176                   2.642286636561995        772.9876708049645
5.0675E-4                 0.0176                   2.7486826780442573       772.9876706355599
5.459999999999999E-4      0.0176                   2.844944094623403        772.9876704715186
5.852499999999999E-4      0.0176                   2.9313696575787165       772.9876703164043
6.245E-4                  0.0176                   3.0099020742919294       772.9876701743982
6.6375E-4                 0.0176                   3.082219948333071        772.9876700447707
7.03E-4                   0.0176                   3.148323278148524        772.9876699275218
7.4225E-4                 0.0176                   3.2082120637252305       772.9876698226519
7.815E-4                  0.0176                   3.2626891032423573       772.9876697326891
8.2075E-4                 0.0176                   3.3124467098267196       772.9876696579228
8.6E-4                    0.0176                   3.3574272868557857       772.9876695973455
8.9925E-4                 0.0176                   3.3982718658407216       772.987669551165
9.385E-4                  0.0176                   3.4349390274021823       772.9876695205994
9.7775E-4                 0.0176                   3.4681313076427642       772.987669503474
0.001017                  0.0176                   3.4978127736910714       772.9876694994514
0.00105625                0.0176                   3.523983425653131        772.9876695085309
0.0010955                 0.0176                   3.546881812747515        772.9876695303872
0.00113475                0.0176                   3.5669233612620324       772.9876695663429
0.001174                  0.0176                   3.5840647713883986       772.9876696168892
0.00121325                0.0176                   3.598304096654204        772.9876696820816
0.0012525                 0.0176                   3.6098449157855645       772.9876697650445
0.00129175                0.0176                   3.6188365933142634       772.9876698709814
0.001331                  0.0176                   3.6253112437001254       772.9876699990093
0.00137025                0.0176                   3.629293764425956        772.9876701514207
0.0014095                 0.0176                   3.630953659915926        772.987670332074
0.00144875                0.0176                   3.6303575211544943       772.9876705417328
0.001488                  0.0176                   3.627505348141645        772.9876707803974
0.00152725                0.0176                   3.6224212182340887       772.9876710478785
0.0015665                 0.0176                   3.615262387526895        772.9876713434077
0.00160575                0.0176                   3.606053544947884        772.9876716673092
0.001645                  0.0176                   3.594794690497106        772.987672019583
0.00168425                0.0176                   3.58151594072587         772.9876723998467
0.0017235                 0.0176                   3.5663250420407415       772.9876728094782
0.00176275                0.0176                   3.549230939575151        772.9876732491897
0.001802                  0.0176                   3.530247814868253        772.9876737181137
0.00184125                0.0176                   3.509389919046345        772.987674215488
0.0018805                 0.0176                   3.486744006947396        772.9876747471762
0.00191975                0.0176                   3.4623293801202464       772.9876753154697
0.001959                  0.0176                   3.4361460385648472       772.9876759203692
0.00199825                0.0176                   3.4081939822814094       772.9876765618739
0.0020375                 0.0176                   3.378535130729521        772.9876772462039
0.00207675                0.0176                   3.3472068905775343       772.9876779400083
0.002116                  0.0176                   3.3142068793410044       772.9876786406033
0.00215525                0.0176                   3.279536314705902        772.9876793470704
0.0021945                 0.0176                   3.2432422756328596       772.9876800391879
0.00223375                0.0176                   3.2053379059986553       772.9876807202411
0.002273                  0.0176                   3.165824666224438        772.9876813895917
0.00231225                0.0176                   3.1247331084449854       772.9876820473619
0.0023515                 0.0176                   3.0820797293501996       772.9876827039526
0.00239075                0.0176                   3.037864386444178        772.9876833592367
0.00243                   0.0176                   2.99210342281702         772.9876840215226
0.00246925                0.0176                   2.9448270491402617       772.9876847000443
0.0025085                 0.0176                   2.8960356158031764       772.9876853927079
0.00254775                0.0176                   2.8457283595100384       772.9876861001378
0.002587                  0.0176                   2.7939318282312926       772.9876868313399
0.0026262499999999997     0.0176                   2.740661730439987        772.987687564719
0.0026655                 0.0176                   2.685917855677272        772.9876882991424
0.0027047499999999997     0.0176                   2.629702531137126        772.9876890331875
0.002744                  0.0176                   2.5720388654544415       772.9876897560171
0.0027832499999999997     0.0176                   2.512936163663441        772.9876904876103
0.0028225                 0.0176                   2.4523963876552943       772.9876912273239
0.0028617499999999997     0.0176                   2.390423657746778        772.9876919761483
0.002901                  0.0176                   2.327035871733404        772.9876927221725
0.0029402499999999997     0.0176                   2.26223704537868         772.9876934583348
0.0029795                 0.0176                   2.196033292659895        772.9876941694915
0.0030187499999999997     0.0176                   2.128429530233393        772.9876948508526
0.003058                  0.0176                   2.0594362626921288       772.9876955110956
0.0030972499999999997     0.0176                   1.9890596265024125       772.9876961568104
0.0031365                 0.0176                   1.9173018510742972       772.98769678552
0.0031757499999999998     0.0176                   1.8441709818579017       772.9876974072605
0.003215                  0.0176                   1.769678276868705        772.9876980182531
0.0032542499999999998     0.0176                   1.6938241973323522       772.9876986184022
0.0032935                 0.0176                   1.6166096061681021       772.9876992123882
0.0033327499999999998     0.0176                   1.538041395952057        772.9876998027064
0.003372                  0.0176                   1.458133589655715        772.9877003764934
0.00341125                0.0176                   1.3768866057639626       772.9877009317531
0.0034505                 0.0176                   1.2943012367026991       772.987701465466
0.00348975                0.0176                   1.2103784808261038       772.9877019703749
0.003529                  0.0176                   1.12513124851211         772.987702436079
0.00356825                0.0176                   1.0385630634798158       772.9877028674875
0.0036075                 0.0176                   0.9506739253649964       772.9877032644554
0.00364675                0.0176                   0.861466087503286        772.9877036280658
0.003686                  0.0176                   0.7709495323023088       772.9877039599188
0.00372525                0.0176                   0.6791246503468287       772.9877042596943
0.0037645                 0.0176                   0.5859936087355859       772.9877045271764
0.00380375                0.0176                   0.49156286499046326      772.9877047625215
0.0038429999999999996     0.0176                   0.39583320267225747      772.987704965417
0.00388225                0.0176                   0.2988093697629319       772.9877051327321
0.0039215                 0.0176                   0.20049380680819512      772.987705259295
0.00396075                0.0176                   0.10088969836151597      772.9877053393755
0.004                     0.0176                   2.5857540125404026E-15   772.9877053673415
7.5E-5                    0.0198                   1.210960036079414E-16    772.9880707888847
1.1424999999999999E-4     0.0198                   0.6228579655999056       772.9880707713203
1.535E-4                  0.0198                   1.058118434449652        772.9880707347928
1.9275E-4                 0.0198                   1.3920640022426158       772.9880706843296
2.32E-4                   0.0198                   1.6623186318234178       772.9880706240674
2.7125E-4                 0.0198                   1.8862795945393145       772.9880705568472
3.1049999999999996E-4     0.0198                   2.0803658639860134       772.9880704837678
3.4974999999999996E-4     0.0198                   2.2465246395144214       772.9880704042937
3.8899999999999997E-4     0.0198                   2.3942774841282466       772.9880703196187
4.2825E-4                 0.0198                   2.526326517366063        772.9880702315747
4.675E-4                  0.0198                   2.6429783861038225       772.9880701409955
5.0675E-4                 0.0198                   2.748489456437962        772.9880700490215
5.459999999999999E-4      0.0198                   2.8448427846991433       772.9880699569331
5.852499999999999E-4      0.0198                   2.9319530880793256       772.9880698634273
6.245E-4                  0.0198                   3.010224065901182        772.9880697683365
6.6375E-4                 0.0198                   3.082185026040246        772.9880696702044
7.03E-4                   0.0198                   3.148222662410384        772.9880695684805
7.4225E-4                 0.0198                   3.208373709329646        772.9880694600517
7.815E-4                  0.0198                   3.262647604898525        772.9880693445317
8.2075E-4                 0.0198                   3.3120387153032507       772.9880692229392
8.6E-4                    0.0198                   3.3572371115518123       772.9880690824954
8.9925E-4                 0.0198                   3.398140828193514        772.9880689216967
9.385E-4                  0.0198                   3.4349188424095116       772.9880687367914
9.7775E-4                 0.0198                   3.4680972342656204       772.9880685385367
0.001017                  0.0198                   3.4977021330503915       772.9880683275444
0.00105625                0.0198                   3.523890256242296        772.9880681354074
0.0010955                 0.0198                   3.546964692377072        772.9880679810152
0.00113475                0.0198                   3.566982233858767        772.9880678615025
0.001174                  0.0198                   3.584000033013792        772.9880677796597
0.00121325                0.0198                   3.598291505702744        772.988067732588
0.0012525                 0.0198                   3.6098908557473823       772.9880677165927
0.00129175                0.0198                   3.6188551535295135       772.988067732018
0.001331                  0.0198                   3.6252481181100507       772.9880677761913
0.00137025                0.0198                   3.629285281529113        772.9880678452395
0.0014095                 0.0198                   3.6309984626947043       772.9880679402155
0.00144875                0.0198                   3.6303720280223284       772.9880680597689
0.001488                  0.0198                   3.6274559685083054       772.9880682024364
0.00152725                0.0198                   3.622424461537016        772.9880683693174
0.0015665                 0.0198                   3.615286074340254        772.9880685619218
0.00160575                0.0198                   3.6060515046426826       772.9880687785619
0.001645                  0.0198                   3.5947601264612477       772.9880690188506
0.00168425                0.0198                   3.5815239643027974       772.9880692885864
0.0017235                 0.0198                   3.5663435991940964       772.9880695853076
0.00176275                0.0198                   3.549218783200817        772.9880699096191
0.001802                  0.0198                   3.530224305155177        772.9880702678566
0.00184125                0.0198                   3.509405960919852        772.9880706564535
0.0018805                 0.0198                   3.486763750494984        772.988071075409
0.00191975                0.0198                   3.4623153657160883       772.9880715245647
0.001959                  0.0198                   3.436124605370272        772.9880719914314
0.00199825                0.0198                   3.4081966331639304       772.9880724730172
0.0020375                 0.0198                   3.3785410742885267       772.9880729600413
0.00207675                0.0198                   3.3472068028109057       772.9880734491442
0.002116                  0.0198                   3.3142005797178227       772.9880739456936
0.00215525                0.0198                   3.279530042707805        772.9880744567295
0.0021945                 0.0198                   3.2432409958561266       772.9880749905315
0.00223375                0.0198                   3.2053385766234492       772.9880755471295
0.002273                  0.0198                   3.1658240381660825       772.9880761262713
0.00231225                0.0198                   3.1247321454346477       772.9880767252673
0.0023515                 0.0198                   3.0820762695074597       772.9880773456124
0.00239075                0.0198                   3.0378653499282633       772.9880779851161
0.00243                   0.0198                   2.9921030679209295       772.9880786441304
0.00246925                0.0198                   2.9448222657067435       772.9880793182392
0.0025085                 0.0198                   2.896031726945388        772.9880800049065
0.00254775                0.0198                   2.845733289249018        772.9880807066988
0.002587                  0.0198                   2.7939325120098344       772.9880814302455
0.0026262499999999997     0.0198                   2.740652057926091        772.9880821769788
0.0026655                 0.0198                   2.68591068782167         772.9880829388487
0.0027047499999999997     0.0198                   2.6297081314322517       772.9880837150756
0.002744                  0.0198                   2.572043873990825        772.9880845080171
0.0027832499999999997     0.0198                   2.512931215665409        772.9880853126763
0.0028225                 0.0198                   2.4523920369894006       772.988086117473
0.0028617499999999997     0.0198                   2.3904271891409          772.988086922446
0.002901                  0.0198                   2.327037067876812        772.9880877271435
0.0029402499999999997     0.0198                   2.2622339690120428       772.9880885176655
0.0029795                 0.0198                   2.196032507703167        772.9880892929889
0.0030187499999999997     0.0198                   2.1284326839501952       772.9880900531142
0.003058                  0.0198                   2.0594345015813396       772.9880907977503
0.0030972499999999997     0.0198                   1.9890555930355278       772.9880915178131
0.0031365                 0.0198                   1.917302307951471        772.9880922104627
0.0031757499999999998     0.0198                   1.8441746463292024       772.9880928756992
0.003215                  0.0198                   1.7696767175186372       772.9880935091237
0.0032542499999999998     0.0198                   1.6938184855781682       772.9880941218853
0.0032935                 0.0198                   1.616607462765745        772.9880947146124
0.0033327499999999998     0.0198                   1.538045736541903        772.9880952853634
0.003372                  0.0198                   1.4581336569639542       772.9880958352885
0.00341125                0.0198                   1.3768828123753356       772.9880963635335
0.0034505                 0.0198                   1.294297499302504        772.9880968678541
0.00348975                0.0198                   1.2103792653075511       772.988097347791
0.003529                  0.0198                   1.125133439538834        772.9880978020162
0.00356825                0.0198                   1.038562761844843        772.9880982305326
0.0036075                 0.0198                   0.9506740602678105       772.9880986298414
0.00364675                0.0198                   0.8614673013276983       772.9880989992607
0.003686                  0.0198                   0.7709490211346034       772.9880993369251
0.00372525                0.0198                   0.6791244355403272       772.9880996391165
0.0037645                 0.0198                   0.5859934375455206       772.9880999071868
0.00380375                0.0198                   0.49156258387995877      772.9881001426586
0.0038429999999999996     0.0198                   0.3958330866340897       772.98810034483
0.00388225                0.0198                   0.29880931175719483      772.9881005111852
0.0039215                 0.0198                   0.20049376180244752      772.9881006371918
0.00396075                0.0198                   0.10088968405678911      772.9881007168186
0.004                     0.0198                   2.7183110528840865E-15   772.988100744601
7.5E-5                    0.022000000000000002     0                        772.9885654365801
1.1424999999999999E-4     0.022000000000000002     0.62288876927536         772.9885654185481
1.535E-4                  0.022000000000000002     1.0580776152885238       772.9885653798268
1.9275E-4                 0.022000000000000002     1.3917490206180032       772.9885653286095
2.32E-4                   0.022000000000000002     1.6623186983685447       772.9885652653142
2.7125E-4                 0.022000000000000002     1.8865068736229689       772.9885651919774
3.1049999999999996E-4     0.022000000000000002     2.0799917466281794       772.9885651088471
3.4974999999999996E-4     0.022000000000000002     2.2466108937056064       772.9885650183093
3.8899999999999997E-4     0.022000000000000002     2.3940226036995123       772.9885649230109
4.2825E-4                 0.022000000000000002     2.5263530600267665       772.9885648248988
4.675E-4                  0.022000000000000002     2.6435545598019363       772.9885647257777
5.0675E-4                 0.022000000000000002     2.7483523831633168       772.9885646361488
5.459999999999999E-4      0.022000000000000002     2.8444489473778085       772.9885645463825
5.852499999999999E-4      0.022000000000000002     2.931913909788311        772.9885644573831
6.245E-4                  0.022000000000000002     3.0107472674880684       772.9885643691507
6.6375E-4                 0.022000000000000002     3.0822148362872963       772.9885642660867
7.03E-4                   0.022000000000000002     3.148099376550409        772.988564148813
7.4225E-4                 0.022000000000000002     3.208225018448272        772.9885640309392
7.815E-4                  0.022000000000000002     3.26251024411027         772.9885639122878
8.2075E-4                 0.022000000000000002     3.3119667773296713       772.9885638015185
8.6E-4                    0.022000000000000002     3.357214494577488        772.9885636946174
8.9925E-4                 0.022000000000000002     3.398253395838357        772.9885635915855
9.385E-4                  0.022000000000000002     3.435083481127981        772.9885634924221
9.7775E-4                 0.022000000000000002     3.4680018547195037       772.9885633929403
0.001017                  0.022000000000000002     3.497661041150502        772.9885633096707
0.00105625                0.022000000000000002     3.524005020073025        772.9885632512774
0.0010955                 0.022000000000000002     3.547033791487216        772.98856321776
0.00113475                0.022000000000000002     3.5668921719566278       772.9885632202241
0.001174                  0.022000000000000002     3.583985985899632        772.9885632650851
0.00121325                0.022000000000000002     3.5983374000118467       772.9885633487713
0.0012525                 0.022000000000000002     3.609946414293902        772.988563471283
0.00129175                0.022000000000000002     3.618821819959703        772.9885636333206
0.001331                  0.022000000000000002     3.625248128187576        772.9885638329488
0.00137025                0.022000000000000002     3.6293115193678744       772.9885640654248
0.0014095                 0.022000000000000002     3.6310098760933225       772.9885643306359
0.00144875                0.022000000000000002     3.6303437119337456       772.9885646285807
0.001488                  0.022000000000000002     3.6274519636806675       772.9885649540387
0.00152725                0.022000000000000002     3.6224359656602396       772.9885653021978
0.0015665                 0.022000000000000002     3.6152966214826505       772.9885656728266
0.00160575                0.022000000000000002     3.606038296154436        772.9885660644466
0.001645                  0.022000000000000002     3.594758912080295        772.988566473265
0.00168425                0.022000000000000002     3.5815285008058          772.9885668976989
0.0017235                 0.022000000000000002     3.566345971779329        772.9885673383124
0.00176275                0.022000000000000002     3.5492135019933118       772.9885677946077
0.001802                  0.022000000000000002     3.530219361783734        772.9885682682428
0.00184125                0.022000000000000002     3.5094045032923495       772.9885687664035
0.0018805                 0.022000000000000002     3.486769358470383        772.9885692885238
0.00191975                0.022000000000000002     3.4623159864718676       772.9885698355371
0.001959                  0.022000000000000002     3.4361132344122494       772.9885704096281
0.00199825                0.022000000000000002     3.4081913627353915       772.9885709993964
0.0020375                 0.022000000000000002     3.378552061002006        772.9885716065091
0.00207675                0.022000000000000002     3.347199874600589        772.9885722276986
0.002116                  0.022000000000000002     3.3141893092611876       772.9885728605692
0.00215525                0.022000000000000002     3.279534431241579        772.988573507843
0.0021945                 0.022000000000000002     3.2432432358375647       772.9885741722774
0.00223375                0.022000000000000002     3.205333635426116        772.9885748560292
0.002273                  0.022000000000000002     3.1658257100370943       772.9885755540854
0.00231225                0.022000000000000002     3.1247382396268577       772.9885762668248
0.0023515                 0.022000000000000002     3.0820729744228466       772.9885769941903
0.00239075                0.022000000000000002     3.0378602900208596       772.988577734544
0.00243                   0.022000000000000002     2.992106580620238        772.9885784870887
0.00246925                0.022000000000000002     2.944827728447287        772.9885792495322
0.0025085                 0.022000000000000002     2.8960293693049346       772.9885800210168
0.00254775                0.022000000000000002     2.8457257332012094       772.9885808009907
0.002587                  0.022000000000000002     2.793935311111216        772.9885815875557
0.0026262499999999997     0.022000000000000002     2.7406595918552643       772.9885823802393
0.0026655                 0.022000000000000002     2.685912147425117        772.9885831765715
0.0027047499999999997     0.022000000000000002     2.629699404757816        772.9885839765813
0.002744                  0.022000000000000002     2.5720406257016157       772.9885847753842
0.0027832499999999997     0.022000000000000002     2.512937293469259        772.9885855722971
0.0028225                 0.022000000000000002     2.4523923769449363       772.9885863665343
0.0028617499999999997     0.022000000000000002     2.3904203887101603       772.9885871563685
0.002901                  0.022000000000000002     2.3270358578611328       772.9885879355409
0.0029402499999999997     0.022000000000000002     2.262239984885757        772.9885887032908
0.0029795                 0.022000000000000002     2.1960318181097365       772.9885894602575
0.0030187499999999997     0.022000000000000002     2.128426272306421        772.9885901966385
0.003058                  0.022000000000000002     2.0594353118949327       772.9885909165898
0.0030972499999999997     0.022000000000000002     1.9890603045955195       772.9885916192245
0.0031365                 0.022000000000000002     1.917301250408202        772.9885923045421
0.0031757499999999998     0.022000000000000002     1.844171118425913        772.9885929808506
0.003215                  0.022000000000000002     1.7696764330665011       772.9885936352575
0.0032542499999999998     0.022000000000000002     1.6938215673327977       772.988594265929
0.0032935                 0.022000000000000002     1.6166079235953195       772.9885948704434
0.0033327499999999998     0.022000000000000002     1.5380420182145875       772.9885954443877
0.003372                  0.022000000000000002     1.4581350805366842       772.9885959854042
0.00341125                0.022000000000000002     1.3768868084207224       772.9885964939218
0.0034505                 0.022000000000000002     1.2942984030260143       772.9885969699001
0.00348975                0.022000000000000002     1.2103767155213927       772.9885974151633
0.003529                  0.022000000000000002     1.125132182475824        772.988597832892
0.00356825                0.022000000000000002     1.0385643101444553       772.9885982231096
0.0036075                 0.022000000000000002     0.9506727782513126       772.9885985858128
0.00364675                0.022000000000000002     0.861465384494035        772.9885989224573
0.003686                  0.022000000000000002     0.7709493714222284       772.9885992303766
0.00372525                0.022000000000000002     0.6791244211652735       772.9885995098018
0.0037645                 0.022000000000000002     0.5859932354047582       772.9885997597305
0.00380375                0.022000000000000002     0.49156257468541         772.988599978741
0.0038429999999999996     0.022000000000000002     0.3958329939837513       772.9886001670494
0.00388225                0.022000000000000002     0.2988092173804          772.9886003214854
0.0039215                 0.022000000000000002     0.20049370658791354      772.988600437987
0.00396075                0.022000000000000002     0.10088964822234142      772.9886005115922
0.004                     0.022000000000000002     2.3714491945739777E-15   772.9886005372462
7.5E-5                    0.024200000000000003     3.577354972688302E-16    772.9891644436264
1.1424999999999999E-4     0.024200000000000003     0.6229122538635127       772.9891644261675
1.535E-4                  0.024200000000000003     1.0581166132345805       772.9891643886165
1.9275E-4                 0.024200000000000003     1.3920057576326421       772.9891643361797
2.32E-4                   0.024200000000000003     1.662239338029735        772.9891642712157
2.7125E-4                 0.024200000000000003     1.8864530366485572       772.989164196379
3.1049999999999996E-4     0.024200000000000003     2.080387034875612        772.9891641114749
3.4974999999999996E-4     0.024200000000000003     2.24657575009002         772.9891640177225
3.8899999999999997E-4     0.024200000000000003     2.394711613363629        772.9891639155591
4.2825E-4                 0.024200000000000003     2.52625998469586         772.9891638053605
4.675E-4                  0.024200000000000003     2.6426549230092937       772.989163688062
5.0675E-4                 0.024200000000000003     2.7488076861342035       772.9891635641376
5.459999999999999E-4      0.024200000000000003     2.8450538988040934       772.98916343185
5.852499999999999E-4      0.024200000000000003     2.931407175768296        772.9891632901044
6.245E-4                  0.024200000000000003     3.010149034760943        772.9891631416115
6.6375E-4                 0.024200000000000003     3.0824144108584957       772.9891630022015
7.03E-4                   0.024200000000000003     3.1484467060332313       772.9891628783864
7.4225E-4                 0.024200000000000003     3.208287305919232        772.9891627701857
7.815E-4                  0.024200000000000003     3.262339289408843        772.9891626840574
8.2075E-4                 0.024200000000000003     3.311990973751228        772.9891626217186
8.6E-4                    0.024200000000000003     3.3573108250793187       772.9891625776067
8.9925E-4                 0.024200000000000003     3.398298843384133        772.989162551722
9.385E-4                  0.024200000000000003     3.434951452437933        772.9891625438385
9.7775E-4                 0.024200000000000003     3.4680157932812117       772.9891625473277
0.001017                  0.024200000000000003     3.4976978549318063       772.9891625660465
0.00105625                0.024200000000000003     3.524001162313058        772.9891625997573
0.0010955                 0.024200000000000003     3.5469430013485868       772.9891626485917
0.00113475                0.024200000000000003     3.566910197838721        772.9891627150748
0.001174                  0.024200000000000003     3.584046226072258        772.9891628000017
0.00121325                0.024200000000000003     3.598351086050017        772.9891629033725
0.0012525                 0.024200000000000003     3.6098469728098204       772.9891630265947
0.00129175                0.024200000000000003     3.6187863383898105       772.9891631690587
0.001331                  0.024200000000000003     3.625290927729625        772.9891633409584
0.00137025                0.024200000000000003     3.629351902235048        772.9891635417113
0.0014095                 0.024200000000000003     3.630969261906088        772.9891637713181
0.00144875                0.024200000000000003     3.630299327195146        772.9891640360034
0.001488                  0.024200000000000003     3.627461274872467        772.9891643345952
0.00152725                0.024200000000000003     3.6224549544088225       772.9891646670648
0.0015665                 0.024200000000000003     3.615290607940425        772.9891650327733
0.00160575                0.024200000000000003     3.6060181804399547       772.9891654290961
0.001645                  0.024200000000000003     3.5947666341646505       772.9891658495094
0.00168425                0.024200000000000003     3.5815402540615775       772.9891662961289
0.0017235                 0.024200000000000003     3.5663374765829636       772.9891667672412
0.00176275                0.024200000000000003     3.5492067770058187       772.9891672501276
0.001802                  0.024200000000000003     3.530230453005655        772.989167744044
0.00184125                0.024200000000000003     3.5094100904103835       772.9891682515796
0.0018805                 0.024200000000000003     3.4867488211863704       772.9891687663632
0.00191975                0.024200000000000003     3.4623136440538977       772.9891692937927
0.001959                  0.024200000000000003     3.436127221640693        772.9891698335971
0.00199825                0.024200000000000003     3.408191959514847        772.9891703847597
0.0020375                 0.024200000000000003     3.3785346355594723       772.9891709488716
0.00207675                0.024200000000000003     3.3472048334422735       772.9891715243448
0.002116                  0.024200000000000003     3.3142016086592356       772.9891721115464
0.00215525                0.024200000000000003     3.2795302181592443       772.9891727099595
0.0021945                 0.024200000000000003     3.243237682728884        772.9891733180216
0.00223375                0.024200000000000003     3.2053344542120006       772.989173936923
0.002273                  0.024200000000000003     3.1658251349827204       772.9891745657904
0.00231225                0.024200000000000003     3.124725968827708        772.9891752049998
0.0023515                 0.024200000000000003     3.082072569911975        772.9891758537054
0.00239075                0.024200000000000003     3.037866091011204        772.9891765117865
0.00243                   0.024200000000000003     2.9921057083738054       772.9891771793972
0.00246925                0.024200000000000003     2.944818120057767        772.9891778560602
0.0025085                 0.024200000000000003     2.896025972618293        772.9891785394659
0.00254775                0.024200000000000003     2.8457302698734677       772.9891792297499
0.002587                  0.024200000000000003     2.7939320727867356       772.9891799271642
0.0026262499999999997     0.024200000000000003     2.740655750946643        772.9891806292363
0.0026655                 0.024200000000000003     2.6859106603154332       772.9891813323892
0.0027047499999999997     0.024200000000000003     2.6297027845020864       772.9891820363754
0.002744                  0.024200000000000003     2.572037218220115        772.9891827430503
0.0027832499999999997     0.024200000000000003     2.512930710288116        772.989183444816
0.0028225                 0.024200000000000003     2.45239398057883         772.9891841399018
0.0028617499999999997     0.024200000000000003     2.390427029092273        772.9891848283075
0.002901                  0.024200000000000003     2.327032010020735        772.9891855096985
0.0029402499999999997     0.024200000000000003     2.2622313411224493       772.9891861809799
0.0029795                 0.024200000000000003     2.196030740470883        772.9891868415631
0.0030187499999999997     0.024200000000000003     2.128430208066041        772.9891874914481
0.003058                  0.024200000000000003     2.059433453081468        772.989188128607
0.0030972499999999997     0.024200000000000003     1.9890568401837208       772.9891887476804
0.0031365                 0.024200000000000003     1.9173013842026088       772.9891893495445
0.0031757499999999998     0.024200000000000003     1.8441732554969064       772.9891899296467
0.003215                  0.024200000000000003     1.7696730936597111       772.9891904873471
0.0032542499999999998     0.024200000000000003     1.6938151314733463       772.9891910218822
0.0032935                 0.024200000000000003     1.616606147611342        772.9891915346648
0.0033327499999999998     0.024200000000000003     1.538046142074276        772.9891920256955
0.003372                  0.024200000000000003     1.4581369883189341       772.9891924938867
0.00341125                0.024200000000000003     1.3768819215109134       772.9891929392993
0.0034505                 0.024200000000000003     1.2942948429985683       772.9891933635802
0.00348975                0.024200000000000003     1.2103797090742345       772.9891937664297
0.003529                  0.024200000000000003     1.125136519737669        772.9891941478483
0.00356825                0.024200000000000003     1.0385650830115207       772.9891945077541
0.0036075                 0.024200000000000003     0.9506694852130324       772.9891948467836
0.00364675                0.024200000000000003     0.8614646960167403       772.9891951605563
0.003686                  0.024200000000000003     0.7709497487432663       772.9891954476063
0.00372525                0.024200000000000003     0.6791246384193095       772.9891957079421
0.0037645                 0.024200000000000003     0.5859931132937178       772.9891959409471
0.00380375                0.024200000000000003     0.4915623704589239       772.9891961457793
0.0038429999999999996     0.024200000000000003     0.39583278746624406      772.9891963225726
0.00388225                0.024200000000000003     0.2988091573860656       772.9891964672842
0.0039215                 0.024200000000000003     0.20049359978136677      772.9891965764959
0.00396075                0.024200000000000003     0.10088960792145975      772.9891966452989
0.004                     0.024200000000000003     2.918865232831979E-15    772.9891966692643
7.5E-5                    0.0264                   1.1995474172935546E-16   772.9898553828488
1.1424999999999999E-4     0.0264                   0.6229204573539694       772.9898553693254
1.535E-4                  0.0264                   1.0579990440724871       772.9898553400092
1.9275E-4                 0.0264                   1.3919354386861054       772.9898552985431
2.32E-4                   0.0264                   1.6623674990049824       772.9898552479998
2.7125E-4                 0.0264                   1.886560765139417        772.9898551875352
3.1049999999999996E-4     0.0264                   2.0800786553193418       772.9898551175519
3.4974999999999996E-4     0.0264                   2.2463818827814626       772.98985503893
3.8899999999999997E-4     0.0264                   2.3942494880247143       772.9898549539912
4.2825E-4                 0.0264                   2.5264999424998362       772.9898548659371
4.675E-4                  0.0264                   2.643133158856998        772.9898547750562
5.0675E-4                 0.0264                   2.7484807255422012       772.9898546915488
5.459999999999999E-4      0.0264                   2.8446560153487823       772.9898546063278
5.852499999999999E-4      0.0264                   2.931894501653422        772.9898545184203
6.245E-4                  0.0264                   3.010391320842561        772.9898544270175
6.6375E-4                 0.0264                   3.082367048673758        772.989854317355
7.03E-4                   0.0264                   3.148287512815291        772.9898541949609
7.4225E-4                 0.0264                   3.208169013129857        772.9898540607737
7.815E-4                  0.0264                   3.2622770472067026       772.9898539234862
8.2075E-4                 0.0264                   3.3119032236335344       772.9898537971125
8.6E-4                    0.0264                   3.3572557077601375       772.9898536823667
8.9925E-4                 0.0264                   3.3983344991629574       772.9898535792491
9.385E-4                  0.0264                   3.435139598072805        772.9898534877598
9.7775E-4                 0.0264                   3.467968746679601        772.9898534159134
0.001017                  0.0264                   3.4975816589871007       772.989853372494
0.00105625                0.0264                   3.5239505406095817       772.9898533531758
0.0010955                 0.0264                   3.547075391525674        772.9898533579584
0.00113475                0.0264                   3.566965030693945        772.9898533866905
0.001174                  0.0264                   3.5840020231543157       772.9898534369225
0.00121325                0.0264                   3.598319366816855        772.9898535099254
0.0012525                 0.0264                   3.6099170616906857       772.9898536056994
0.00129175                0.0264                   3.6188129384291607       772.9898537241532
0.001331                  0.0264                   3.625257308395485        772.989853865153
0.00137025                0.0264                   3.6293211562440515       772.9898540268034
0.0014095                 0.0264                   3.6310044819697533       772.9898542091046
0.00144875                0.0264                   3.6303205045963827       772.9898544110631
0.001488                  0.0264                   3.6274489922664177       772.9898546289959
0.00152725                0.0264                   3.6224416083639754       772.9898548649726
0.0015665                 0.0264                   3.61529835288993         772.9898551189926
0.00160575                0.0264                   3.606026762552727        772.989855391045
0.001645                  0.0264                   3.5947532188411455       772.9898556829124
0.00168425                0.0264                   3.581524985795308        772.989855990894
0.0017235                 0.0264                   3.5663434187993897       772.98985631544
0.00176275                0.0264                   3.549211209347905        772.989856656387
0.001802                  0.0264                   3.530217645860578        772.9898570096115
0.00184125                0.0264                   3.5094034122242608       772.9898573736099
0.0018805                 0.0264                   3.486768508439088        772.9898577483824
0.00191975                0.0264                   3.4623126167374365       772.9898581362244
0.001959                  0.0264                   3.436111296010166        772.9898585323484
0.00199825                0.0264                   3.408190844781827        772.9898589429127
0.0020375                 0.0264                   3.3785526305332527       772.9898593658771
0.00207675                0.0264                   3.3471989759320255       772.989859803803
0.002116                  0.0264                   3.314185452750777        772.9898602610529
0.00215525                0.0264                   3.2795355527566743       772.9898607269961
0.0021945                 0.0264                   3.243245625681725        772.9898612006351
0.00223375                0.0264                   3.2053278035018504       772.9898616736374
0.002273                  0.0264                   3.1658208012918427       772.9898621460662
0.00231225                0.0264                   3.1247349763825576       772.9898626199791
0.0023515                 0.0264                   3.08207170393681         772.9898630953817
0.00239075                0.0264                   3.0378572917125117       772.9898635744975
0.00243                   0.0264                   2.9921078377404613       772.9898640559429
0.00246925                0.0264                   2.9448245132490034       772.9898645397661
0.0025085                 0.0264                   2.896020113237109        772.9898650258672
0.00254775                0.0264                   2.8457242174146318       772.9898655131167
0.002587                  0.0264                   2.7939358460540027       772.9898660013148
0.0026262499999999997     0.0264                   2.740656645608505        772.9898664903992
0.0026655                 0.0264                   2.6859093483723084       772.9898669791576
0.0027047499999999997     0.0264                   2.6297005629915335       772.9898674671985
0.002744                  0.0264                   2.572039604877695        772.9898679543236
0.0027832499999999997     0.0264                   2.5129301001112396       772.9898684402833
0.0028225                 0.0264                   2.4523909985963384       772.9898689235742
0.0028617499999999997     0.0264                   2.3904260987172843       772.9898694038969
0.002901                  0.0264                   2.3270354004740765       772.9898698812511
0.0029402499999999997     0.0264                   2.2622302297067733       772.9898703548313
0.0029795                 0.0264                   2.196028219049984        772.9898708228927
0.0030187499999999997     0.0264                   2.128429587151273        772.9898712853826
0.003058                  0.0264                   2.059434497193752        772.9898717422807
0.0030972499999999997     0.0264                   1.9890552515930893       772.9898721921577
0.0031365                 0.0264                   1.9172987326229183       772.9898726342702
0.0031757499999999998     0.0264                   1.8441703367532225       772.9898730681836
0.003215                  0.0264                   1.769674904257424        772.9898734933236
0.0032542499999999998     0.0264                   1.693814341639326        772.9898739088864
0.0032935                 0.0264                   1.6166043576981024       772.9898743126182
0.0033327499999999998     0.0264                   1.5380458464376474       772.9898747044364
0.003372                  0.0264                   1.4581388078579824       772.989875084341
0.00341125                0.0264                   1.3768853852217104       772.9898754517491
0.0034505                 0.0264                   1.2942949657959804       772.9898758056181
0.00348975                0.0264                   1.2103785841431955       772.9898761433822
0.003529                  0.0264                   1.125135740879962        772.9898764650735
0.00356825                0.0264                   1.038566118177046        772.9898767707457
0.0036075                 0.0264                   0.9506719891621241       772.9898770594917
0.00364675                0.0264                   0.8614643833700185       772.9898773277595
0.003686                  0.0264                   0.7709487465452142       772.9898775721256
0.00372525                0.0264                   0.6791245813141573       772.9898777923353
0.0037645                 0.0264                   0.5859930001290352       772.9898779886499
0.00380375                0.0264                   0.4915621005321479       772.9898781611057
0.0038429999999999996     0.0264                   0.3958327525437639       772.9898783096413
0.00388225                0.0264                   0.2988089918693888       772.989878432008
0.0039215                 0.0264                   0.20049354866123759      772.9898785245066
0.00396075                0.0264                   0.10088957298995317      772.9898785829972
0.004                     0.0264                   2.106415083767242E-15    772.9898786034076
7.5E-5                    0.0286                   3.030199942529866E-16    772.9906183367102
1.1424999999999999E-4     0.0286                   0.6228451360427468       772.9906183282093
1.535E-4                  0.0286                   1.0579797820746835       772.9906183112358
1.9275E-4                 0.0286                   1.3919343958070862       772.9906182876439
2.32E-4                   0.0286                   1.6622797277659498       772.9906182592342
2.7125E-4                 0.0286                   1.8865260818040612       772.9906182247925
3.1049999999999996E-4     0.0286                   2.0803316296114933       772.9906181840724
3.4974999999999996E-4     0.0286                   2.2462959988888036       772.9906181380326
3.8899999999999997E-4     0.0286                   2.3945192626857645       772.9906180829532
4.2825E-4                 0.0286                   2.5264036673504253       772.9906180201489
4.675E-4                  0.0286                   2.642727379154369        772.9906179494225
5.0675E-4                 0.0286                   2.7485412174169417       772.9906178726294
5.459999999999999E-4      0.0286                   2.8447701461726007       772.9906177924735
5.852499999999999E-4      0.0286                   2.931967453406669        772.9906177114467
6.245E-4                  0.0286                   3.0103437031645623       772.9906176270913
6.6375E-4                 0.0286                   3.0821394567345193       772.9906175371407
7.03E-4                   0.0286                   3.148138631828844        772.9906174400481
7.4225E-4                 0.0286                   3.208343285685924        772.9906173363529
7.815E-4                  0.0286                   3.2627391887301784       772.9906172329195
8.2075E-4                 0.0286                   3.3119354993175643       772.9906171273227
8.6E-4                    0.0286                   3.357111722210043        772.9906170272035
8.9925E-4                 0.0286                   3.39819257248754         772.9906169354163
9.385E-4                  0.0286                   3.435157495429428        772.9906168522729
9.7775E-4                 0.0286                   3.468060403248119        772.9906167786403
0.001017                  0.0286                   3.4976210727899097       772.9906167181315
0.00105625                0.0286                   3.5239476100217733       772.9906166668825
0.0010955                 0.0286                   3.547033556990954        772.9906166262372
0.00113475                0.0286                   3.56691822916603         772.9906165925852
0.001174                  0.0286                   3.583991280949067        772.9906165633449
0.00121325                0.0286                   3.598321566484407        772.9906165451082
0.0012525                 0.0286                   3.609914228990996        772.990616536591
0.00129175                0.0286                   3.6188068597896224       772.9906165383641
0.001331                  0.0286                   3.625263580070535        772.9906165483812
0.00137025                0.0286                   3.6293257856615115       772.9906165641044
0.0014095                 0.0286                   3.6309925658288686       772.9906165778059
0.00144875                0.0286                   3.6303115791250593       772.9906165829166
0.001488                  0.0286                   3.6274597384495673       772.9906165983195
0.00152725                0.0286                   3.622451415522832        772.9906166308505
0.0015665                 0.0286                   3.6152881843317055       772.9906166804249
0.00160575                0.0286                   3.6060204351797354       772.9906167609548
0.001645                  0.0286                   3.594768054329087        772.9906168690705
0.00168425                0.0286                   3.58153680029564         772.9906170004231
0.0017235                 0.0286                   3.5663262463047736       772.9906171530515
0.00176275                0.0286                   3.549207207444677        772.990617312922
0.001802                  0.0286                   3.5302326459117968       772.9906174917941
0.00184125                0.0286                   3.509408777767794        772.9906176887642
0.0018805                 0.0286                   3.4867471632423688       772.990617906859
0.00191975                0.0286                   3.4623164266073148       772.9906181428856
0.001959                  0.0286                   3.436127662493532        772.990618393275
0.00199825                0.0286                   3.4081830975275387       772.9906186557126
0.0020375                 0.0286                   3.3785400507296943       772.990618920408
0.00207675                0.0286                   3.347209300176004        772.9906191952392
0.002116                  0.0286                   3.3141919933253754       772.9906194788472
0.00215525                0.0286                   3.2795299176511206       772.990619772106
0.0021945                 0.0286                   3.2432415380095474       772.990620075314
0.00223375                0.0286                   3.2053309549147038       772.9906203890175
0.002273                  0.0286                   3.1658175782086495       772.990620709451
0.00231225                0.0286                   3.1247322347586124       772.9906210379806
0.0023515                 0.0286                   3.0820752683155344       772.9906213748599
0.00239075                0.0286                   3.0378542463898754       772.9906217193034
0.00243                   0.0286                   2.992099400173529        772.9906220716017
0.00246925                0.0286                   2.944825648081142        772.990622429949
0.0025085                 0.0286                   2.8960303245710146       772.9906227949311
0.00254775                0.0286                   2.8457238029869303       772.9906231652913
0.002587                  0.0286                   2.7939307352572023       772.9906235400035
0.0026262499999999997     0.0286                   2.7406580411784205       772.9906239188631
0.0026655                 0.0286                   2.685911012192823        772.9906243009281
0.0027047499999999997     0.0286                   2.629697590113295        772.9906246867897
0.002744                  0.0286                   2.572038557554284        772.9906250746312
0.0027832499999999997     0.0286                   2.5129348872687496       772.9906254641609
0.0028225                 0.0286                   2.4523911675200405       772.9906258548846
0.0028617499999999997     0.0286                   2.390418210910342        772.9906262460083
0.002901                  0.0286                   2.327034581570107        772.9906266331262
0.0029402499999999997     0.0286                   2.262238877291241        772.9906270167394
0.0029795                 0.0286                   2.196030915048538        772.9906273968639
0.0030187499999999997     0.0286                   2.128426664398273        772.9906277699919
0.003058                  0.0286                   2.059432053715367        772.9906281363088
0.0030972499999999997     0.0286                   1.9890564697107993       772.9906284936385
0.0031365                 0.0286                   1.9172998254031166       772.990628841908
0.0031757499999999998     0.0286                   1.8441701662927856       772.9906291802014
0.003215                  0.0286                   1.769676809431928        772.9906295083938
0.0032542499999999998     0.0286                   1.6938197548205185       772.9906298264857
0.0032935                 0.0286                   1.6166052890097686       772.9906301335023
0.0033327499999999998     0.0286                   1.5380390103997763       772.9906304293037
0.003372                  0.0286                   1.458132801634768        772.9906307136343
0.00341125                0.0286                   1.3768874524148886       772.9906309863244
0.0034505                 0.0286                   1.294301515751717        772.9906312473354
0.00348975                0.0286                   1.2103769903197577       772.9906314967226
0.003529                  0.0286                   1.1251308042444579       772.9906317340266
0.00356825                0.0286                   1.0385632112611347       772.990631958438
0.0036075                 0.0286                   0.9506740761127044       772.9906321697559
0.00364675                0.0286                   0.8614653231831257       772.9906323674398
0.003686                  0.0286                   0.7709487287574907       772.9906325477561
0.00372525                0.0286                   0.6791241044685541       772.9906327105732
0.0037645                 0.0286                   0.5859930462506484       772.9906328561235
0.00380375                0.0286                   0.4915622881400038       772.9906329846323
0.0038429999999999996     0.0286                   0.39583291117824504      772.9906330960442
0.00388225                0.0286                   0.29880912347196564      772.9906331885353
0.0039215                 0.0286                   0.2004936438992561       772.9906332589468
0.00396075                0.0286                   0.10088962036999871      772.9906333037516
0.004                     0.0286                   3.748935852635993E-15    772.9906333194707
7.5E-5                    0.0308                   2.3650092468384085E-16   772.9914258272149
1.1424999999999999E-4     0.0308                   0.6229533398620241       772.9914258163567
1.535E-4                  0.0308                   1.0582390228661285       772.9914257934572
1.9275E-4                 0.0308                   1.392076735620796        772.991425761691
2.32E-4                   0.0308                   1.6620062463772043       772.9914257222728
2.7125E-4                 0.0308                   1.886889507221589        772.9914256764014
3.1049999999999996E-4     0.0308                   2.080126409689695        772.9914256250365
3.4974999999999996E-4     0.0308                   2.2465027924039402       772.9914255682268
3.8899999999999997E-4     0.0308                   2.3948520929144443       772.9914255027467
4.2825E-4                 0.0308                   2.5254386537620386       772.9914254272666
4.675E-4                  0.0308                   2.6426162167844214       772.9914253438285
5.0675E-4                 0.0308                   2.74916569575335         772.9914252597513
5.459999999999999E-4      0.0308                   2.845040751283268        772.9914251753593
5.852499999999999E-4      0.0308                   2.9308367447654002       772.9914250963734
6.245E-4                  0.0308                   3.0098455846700425       772.9914250264213
6.6375E-4                 0.0308                   3.082510093958979        772.9914249647403
7.03E-4                   0.0308                   3.1487863810721737       772.9914249110087
7.4225E-4                 0.0308                   3.2085638351361503       772.9914248654181
7.815E-4                  0.0308                   3.2625316981807257       772.9914248303106
8.2075E-4                 0.0308                   3.3118956783470086       772.9914248037966
8.6E-4                    0.0308                   3.3571315594393822       772.9914247828152
8.9925E-4                 0.0308                   3.3982485058005265       772.9914247670342
9.385E-4                  0.0308                   3.435211936710692        772.9914247567746
9.7775E-4                 0.0308                   3.46803826229295         772.9914247522638
0.001017                  0.0308                   3.4975818380757464       772.9914247612875
0.00105625                0.0308                   3.523918840012051        772.9914247849224
0.0010955                 0.0308                   3.5470562884949546       772.9914248225004
0.00113475                0.0308                   3.566994183525332        772.991424874021
0.001174                  0.0308                   3.5839736156257005       772.9914249455712
0.00121325                0.0308                   3.5982785975384215       772.9914250243678
0.0012525                 0.0308                   3.6098988269518717       772.9914251077845
0.00129175                0.0308                   3.618836229497858        772.9914251978994
0.001331                  0.0308                   3.625262829851511        772.9914252690447
0.00137025                0.0308                   3.629312739801665        772.9914253343356
0.0014095                 0.0308                   3.630986913318121        772.9914253951258
0.00144875                0.0308                   3.630311691724492        772.9914254524048
0.001488                  0.0308                   3.6274548179252006       772.991425519107
0.00152725                0.0308                   3.6224458497305476       772.991425598736
0.0015665                 0.0308                   3.6152847871411984       772.9914256912922
0.00160575                0.0308                   3.606016050394834        772.9914257987134
0.001645                  0.0308                   3.5947645424407155       772.9914259213801
0.00168425                0.0308                   3.581537705266796        772.9914260586962
0.0017235                 0.0308                   3.5663355388730764       772.9914262106615
0.00176275                0.0308                   3.5492029538162875       772.99142637623
0.001802                  0.0308                   3.530226569751029        772.9914265547426
0.00184125                0.0308                   3.5094079865367003       772.9914267463599
0.0018805                 0.0308                   3.4867496402612477       772.9914269510363
0.00191975                0.0308                   3.462308505984377        772.9914271679895
0.001959                  0.0308                   3.436122316464446        772.9914273925267
0.00199825                0.0308                   3.4081909669300843       772.9914276246784
0.0020375                 0.0308                   3.378533455853708        772.9914278596775
0.00207675                0.0308                   3.347201611661241        772.9914281042646
0.002116                  0.0308                   3.3141986140317496       772.9914283592765
0.00215525                0.0308                   3.279529467673987        772.9914286238215
0.0021945                 0.0308                   3.243234643506076        772.9914289038257
0.00223375                0.0308                   3.2053349881898523       772.9914291951196
0.002273                  0.0308                   3.165827814415232        772.991429498499
0.00231225                0.0308                   3.1247273800229554       772.9914298133814
0.0023515                 0.0308                   3.0820699598396493       772.9914301363824
0.00239075                0.0308                   3.037861797702033        772.9914304671421
0.00243                   0.0308                   2.992103907436249        772.9914308054995
0.00246925                0.0308                   2.944817719989904        772.9914311493467
0.0025085                 0.0308                   2.8960264811236742       772.99143149788
0.00254775                0.0308                   2.84573019405413         772.9914318511272
0.002587                  0.0308                   2.793930715610673        772.9914322096981
0.0026262499999999997     0.0308                   2.740649091824287        772.9914325715256
0.0026655                 0.0308                   2.685908234490179        772.991432937818
0.0027047499999999997     0.0308                   2.6297054712350296       772.991433308383
0.002744                  0.0308                   2.572040802059124        772.9914336832207
0.0027832499999999997     0.0308                   2.5129296542556125       772.9914340637143
0.0028225                 0.0308                   2.4523886568170403       772.9914344470498
0.0028617499999999997     0.0308                   2.390421959037041        772.9914348311888
0.002901                  0.0308                   2.327035954822247        772.9914352133328
0.0029402499999999997     0.0308                   2.262232727445501        772.9914355931248
0.0029795                 0.0308                   2.1960294475117674       772.9914359671184
0.0030187499999999997     0.0308                   2.12842852899412         772.9914363346114
0.003058                  0.0308                   2.0594353102666494       772.9914366938551
0.0030972499999999997     0.0308                   1.9890538577970251       772.991437043611
0.0031365                 0.0308                   1.917298467701388        772.9914373819128
0.0031757499999999998     0.0308                   1.8441734662870948       772.9914377087352
0.003215                  0.0308                   1.7696788535547423       772.9914380240784
0.0032542499999999998     0.0308                   1.6938173609159373       772.991438327326
0.0032935                 0.0308                   1.6166008206186675       772.9914386156308
0.0033327499999999998     0.0308                   1.5380405706344031       772.9914388919682
0.003372                  0.0308                   1.458136291848606        772.991439156233
0.00341125                0.0308                   1.3768867032161023       772.9914394081675
0.0034505                 0.0308                   1.2942958485091818       772.9914396483038
0.00348975                0.0308                   1.2103779260428393       772.9914398776206
0.003529                  0.0308                   1.1251335976367633       772.9914400961594
0.00356825                0.0308                   1.0385645206740761       772.9914403035386
0.0036075                 0.0308                   0.9506710562041008       772.991440499798
0.00364675                0.0308                   0.8614647746246545       772.9914406833071
0.003686                  0.0308                   0.7709491424188852       772.9914408520236
0.00372525                0.0308                   0.679124159586779        772.9914410059475
0.0037645                 0.0308                   0.5859929827010183       772.9914411442576
0.00380375                0.0308                   0.49156224710085134      772.9914412660787
0.0038429999999999996     0.0308                   0.3958327028441588       772.9914413715485
0.00388225                0.0308                   0.2988089889942187       772.9914414585493
0.0039215                 0.0308                   0.2004935158163073       772.9914415244921
0.00396075                0.0308                   0.10088954026287784      772.9914415662604
0.004                     0.0308                   3.0321724423676265E-15   772.9914415808654
7.5E-5                    0.033                    1.19926051702862E-16     772.9922853407944
1.1424999999999999E-4     0.033                    0.6228846988565128       772.9922853337669
1.535E-4                  0.033                    1.0581655343341594       772.9922853196201
1.9275E-4                 0.033                    1.392079809658184        772.9922853004589
2.32E-4                   0.033                    1.662246252234612        772.9922852762281
2.7125E-4                 0.033                    1.8865177665140012       772.9922852465934
3.1049999999999996E-4     0.033                    2.08031176944631         772.9922852118978
3.4974999999999996E-4     0.033                    2.2462737248545928       772.9922851719153
3.8899999999999997E-4     0.033                    2.3946182873283957       772.9922851256447
4.2825E-4                 0.033                    2.526420171488557        772.9922850724279
4.675E-4                  0.033                    2.642746548560143        772.9922850125943
5.0675E-4                 0.033                    2.74855049918322         772.9922849500272
5.459999999999999E-4      0.033                    2.8448267727486782       772.992284888803
5.852499999999999E-4      0.033                    2.93179722971046         772.9922848285235
6.245E-4                  0.033                    3.010167849855363        772.9922847681163
6.6375E-4                 0.033                    3.082339479887298        772.9922847060882
7.03E-4                   0.033                    3.148409881596979        772.9922846430027
7.4225E-4                 0.033                    3.208377690203447        772.9922845787809
7.815E-4                  0.033                    3.2623440039417546       772.9922845121365
8.2075E-4                 0.033                    3.3120028039271725       772.9922844478415
8.6E-4                    0.033                    3.3573178149692295       772.9922843902149
8.9925E-4                 0.033                    3.398316092630295        772.992284339456
9.385E-4                  0.033                    3.434997636811492        772.9922842955646
9.7775E-4                 0.033                    3.467984980418544        772.9922842651741
0.001017                  0.033                    3.497657167979488        772.9922842440898
0.00105625                0.033                    3.523991912138867        772.9922842316071
0.0010955                 0.033                    3.5469892128993754       772.992284227726
0.00113475                0.033                    3.566885719492067        772.9922842295114
0.001174                  0.033                    3.584012848213377        772.9922842430503
0.00121325                0.033                    3.5983554407404563       772.9922842704887
0.0012525                 0.033                    3.60991349707331         772.9922843118266
0.00129175                0.033                    3.6187812294597173       772.9922843724564
0.001331                  0.033                    3.625243748714239        772.9922844516138
0.00137025                0.033                    3.6293183684690926       772.9922845462013
0.0014095                 0.033                    3.63100508872457         772.9922846562183
0.00144875                0.033                    3.6303193594585017       772.9922847803779
0.001488                  0.033                    3.6274433990100157       772.9922849122499
0.00152725                0.033                    3.622435076768955        772.9922850531161
0.0015665                 0.033                    3.615293742200366        772.99228520291
0.00160575                0.033                    3.6060264171280854       772.9922853615575
0.001645                  0.033                    3.5947562505382087       772.9922855290969
0.00168425                0.033                    3.581526089532129        772.9922857059222
0.0017235                 0.033                    3.566336335437043        772.9922858919858
0.00176275                0.033                    3.5492033208400797       772.9922860861739
0.001802                  0.033                    3.530220180805088        772.9922862889555
0.00184125                0.033                    3.5094052421641986       772.9922864990033
0.0018805                 0.033                    3.486757633339552        772.9922867162838
0.00191975                0.033                    3.4623089598838392       772.9922869429855
0.001959                  0.033                    3.43611977450525         772.9922871710742
0.00199825                0.033                    3.408192384663378        772.9922873991151
0.0020375                 0.033                    3.3785335980299633       772.9922876239748
0.00207675                0.033                    3.3472000288684267       772.9922878483333
0.002116                  0.033                    3.3141983562499475       772.9922880737786
0.00215525                0.033                    3.2795341308955996       772.9922883029286
0.0021945                 0.033                    3.2432302648271847       772.9922885488024
0.00223375                0.033                    3.2053282459940817       772.9922887968016
0.002273                  0.033                    3.165827786487143        772.9922890503477
0.00231225                0.033                    3.124730236518805        772.9922893069055
0.0023515                 0.033                    3.082068377764811        772.9922895608584
0.00239075                0.033                    3.037856945581563        772.992289817537
0.00243                   0.033                    2.9921058810549033       772.992290073085
0.00246925                0.033                    2.944819182399649        772.9922903267807
0.0025085                 0.033                    2.8960232331552835       772.992290578354
0.00254775                0.033                    2.845726558063763        772.9922908275142
0.002587                  0.033                    2.793935752209831        772.9922910778922
0.0026262499999999997     0.033                    2.740655420740793        772.9922913274329
0.0026655                 0.033                    2.685902884813059        772.9922915820213
0.0027047499999999997     0.033                    2.6296983695921314       772.9922918370412
0.002744                  0.033                    2.5720418750777676       772.9922920924922
0.0027832499999999997     0.033                    2.512930005969275        772.9922923483097
0.0028225                 0.033                    2.452384732806257        772.9922926046688
0.0028617499999999997     0.033                    2.3904211632305956       772.9922928630001
0.002901                  0.033                    2.3270389025484506       772.9922931233891
0.0029402499999999997     0.033                    2.262237799293362        772.9922933857305
0.0029795                 0.033                    2.196025462248421        772.9922936475699
0.0030187499999999997     0.033                    2.1284235040688686       772.9922939025107
0.003058                  0.033                    2.0594350037223066       772.9922941493494
0.0030972499999999997     0.033                    1.9890599612087585       772.9922943880855
0.0031365                 0.033                    1.9172988428146613       772.9922946186322
0.0031757499999999998     0.033                    1.8441683258152324       772.9922948419778
0.003215                  0.033                    1.7696760366960582       772.9922950598683
0.0032542499999999998     0.033                    1.6938219015582796       772.9922952717258
0.0032935                 0.033                    1.6166053936345774       772.9922954774679
0.0033327499999999998     0.033                    1.5380384495351274       772.9922956779432
0.003372                  0.033                    1.4581318762358932       772.9922958708166
0.00341125                0.033                    1.3768856902452848       772.9922960560074
0.0034505                 0.033                    1.294299973093072        772.9922962339991
0.00348975                0.033                    1.2103767280570248       772.9922964043828
0.003529                  0.033                    1.1251298155088176       772.9922965639871
0.00356825                0.033                    1.0385616594948415       772.9922967126115
0.0036075                 0.033                    0.9506722995789928       772.9922968505102
0.00364675                0.033                    0.8614649168855392       772.9922969771684
0.003686                  0.033                    0.7709486339987522       772.9922970926563
0.00372525                0.033                    0.6791239464370191       772.9922971972072
0.0037645                 0.033                    0.5859929234332728       772.9922972907915
0.00380375                0.033                    0.4915621841381812       772.9922973735437
0.0038429999999999996     0.033                    0.39583269991628384      772.9922974454665
0.00388225                0.033                    0.2988090279764696       772.9922975052856
0.0039215                 0.033                    0.20049356933669238      772.9922975511029
0.00396075                0.033                    0.10088957074214         772.9922975803927
0.004                     0.033                    1.9581352432493788E-15   772.9922975907041
7.5E-5                    0.0352                   2.395911839265903E-16    772.9931810075311
1.1424999999999999E-4     0.0352                   0.6228944700633938       772.993181004986
1.535E-4                  0.0352                   1.0581827047484513       772.9931810007809
1.9275E-4                 0.0352                   1.392035727999599        772.9931809944059
2.32E-4                   0.0352                   1.6621740813134236       772.9931809851475
2.7125E-4                 0.0352                   1.8865782658735832       772.9931809728982
3.1049999999999996E-4     0.0352                   2.080350172868256        772.993180957309
3.4974999999999996E-4     0.0352                   2.2464481570758092       772.9931809384788
3.8899999999999997E-4     0.0352                   2.394695026655265        772.9931809147894
4.2825E-4                 0.0352                   2.5260184184080536       772.9931808860654
4.675E-4                  0.0352                   2.642564045536154        772.9931808533223
5.0675E-4                 0.0352                   2.7488977048803744       772.9931808212392
5.459999999999999E-4      0.0352                   2.845033191435411        772.993180789835
5.852499999999999E-4      0.0352                   2.9311716406693096       772.9931807580249
6.245E-4                  0.0352                   3.010097976352554        772.9931807218668
6.6375E-4                 0.0352                   3.0826055114372495       772.9931806808121
7.03E-4                   0.0352                   3.14865044466127         772.9931806348682
7.4225E-4                 0.0352                   3.208197893600212        772.993180584108
7.815E-4                  0.0352                   3.262353604116786        772.9931805292633
8.2075E-4                 0.0352                   3.3120244695732795       772.993180470649
8.6E-4                    0.0352                   3.3573260223085337       772.9931804111064
8.9925E-4                 0.0352                   3.398258262360043        772.9931803506355
9.385E-4                  0.0352                   3.4350466143866276       772.9931802919701
9.7775E-4                 0.0352                   3.468000083322014        772.9931802436533
0.001017                  0.0352                   3.4975973256254242       772.9931802066185
0.00105625                0.0352                   3.5239574382570447       772.9931801763028
0.0010955                 0.0352                   3.5470395635093586       772.9931801539265
0.00113475                0.0352                   3.566907694885469        772.993180135076
0.001174                  0.0352                   3.5839828645374756       772.9931801199784
0.00121325                0.0352                   3.5983310904294026       772.9931801134836
0.0012525                 0.0352                   3.609948002290043        772.9931801150435
0.00129175                0.0352                   3.6188308954586565       772.9931801249217
0.001331                  0.0352                   3.6252299579211598       772.9931801543023
0.00137025                0.0352                   3.6292748082058908       772.9931801859008
0.0014095                 0.0352                   3.6309896175061205       772.9931802181014
0.00144875                0.0352                   3.6303681443765403       772.9931802532265
0.001488                  0.0352                   3.6274562221565767       772.9931802898835
0.00152725                0.0352                   3.6224237812284086       772.9931803220221
0.0015665                 0.0352                   3.6152781654860857       772.9931803496873
0.00160575                0.0352                   3.6060268429333155       772.9931803737759
0.001645                  0.0352                   3.5947617618944725       772.9931803917252
0.00168425                0.0352                   3.581529434711722        772.9931804074587
0.0017235                 0.0352                   3.566322724744641        772.9931804205205
0.00176275                0.0352                   3.5492101796065723       772.9931804320944
0.001802                  0.0352                   3.5302341832464847       772.9931804462279
0.00184125                0.0352                   3.5094052234529025       772.993180462361
0.0018805                 0.0352                   3.4867405777074003       772.9931804813835
0.00191975                0.0352                   3.4623121462760595       772.993180505167
0.001959                  0.0352                   3.4361311768616267       772.9931805331396
0.00199825                0.0352                   3.4081959666512547       772.9931805652565
0.0020375                 0.0352                   3.378531179868155        772.9931806010297
0.00207675                0.0352                   3.3471975340467655       772.9931806471064
0.002116                  0.0352                   3.3142003429786526       772.993180704041
0.00215525                0.0352                   3.2795396066635343       772.9931807718336
0.0021945                 0.0352                   3.2432313817936107       772.99318085197
0.00223375                0.0352                   3.2053257026268924       772.9931809421325
0.002273                  0.0352                   3.1658255544254774       772.993181040797
0.00231225                0.0352                   3.1247340458942814       772.9931811477529
0.0023515                 0.0352                   3.0820649096310837       772.9931812604556
0.00239075                0.0352                   3.0378564226008176       772.9931813794486
0.00243                   0.0352                   2.9921103073545896       772.9931815057765
0.00246925                0.0352                   2.9448256784372364       772.9931816394421
0.0025085                 0.0352                   2.896021074894094        772.993181781392
0.00254775                0.0352                   2.8457243345675676       772.9931819280449
0.002587                  0.0352                   2.7939357545787047       772.9931820792091
0.0026262499999999997     0.0352                   2.7406559711724054       772.9931822349292
0.0026655                 0.0352                   2.685906424080579        772.9931823896225
0.0027047499999999997     0.0352                   2.629700898640798        772.9931825459076
0.002744                  0.0352                   2.5720400449327343       772.9931827021163
0.0027832499999999997     0.0352                   2.5129276715624664       772.9931828589349
0.0028225                 0.0352                   2.4523875077548616       772.9931830200867
0.0028617499999999997     0.0352                   2.3904226166298637       772.9931831859775
0.002901                  0.0352                   2.3270356965307775       772.9931833561018
0.0029402499999999997     0.0352                   2.2622317148357047       772.9931835304097
0.0029795                 0.0352                   2.196028985962395        772.9931837052812
0.0030187499999999997     0.0352                   2.1284313232568555       772.9931838801618
0.003058                  0.0352                   2.0594387267190966       772.9931840550511
0.0030972499999999997     0.0352                   1.9890550318537774       772.9931842286937
0.0031365                 0.0352                   1.9172953530093715       772.9931843975747
0.0031757499999999998     0.0352                   1.844170143839649        772.9931845564792
0.003215                  0.0352                   1.7696787416271562       772.9931847055241
0.0032542499999999998     0.0352                   1.693821081861572        772.9931848447233
0.0032935                 0.0352                   1.6166043235286929       772.9931849720118
0.0033327499999999998     0.0352                   1.5380417173788206       772.9931850915174
0.003372                  0.0352                   1.4581346928450898       772.9931852042984
0.00341125                0.0352                   1.3768838384189426       772.9931853101637
0.0034505                 0.0352                   1.2942942125760042       772.9931854101559
0.00348975                0.0352                   1.2103772378281126       772.9931855048438
0.003529                  0.0352                   1.1251333579055363       772.9931855940551
0.00356825                0.0352                   1.0385635200993963       772.9931856783614
0.0036075                 0.0352                   0.9506698813575395       772.9931857582288
0.00364675                0.0352                   0.8614647831999628       772.9931858334485
0.003686                  0.0352                   0.7709495145556475       772.9931859033329
0.00372525                0.0352                   0.6791238457238493       772.9931859675953
0.0037645                 0.0352                   0.58599308455474         772.9931860257652
0.00380375                0.0352                   0.491562313761206        772.9931860781943
0.0038429999999999996     0.0352                   0.395832816459776        772.9931861246915
0.00388225                0.0352                   0.29880902383159075      772.9931861638299
0.0039215                 0.0352                   0.20049359522630764      772.9931861940723
0.00396075                0.0352                   0.10088959003226314      772.9931862135851
0.004                     0.0352                   1.5872702134341354E-15   772.9931862205178
7.5E-5                    0.0374                   5.946224353735443E-17    772.994091461225
1.1424999999999999E-4     0.0374                   0.6229568246690689       772.994091458126
1.535E-4                  0.0374                   1.05829896669496         772.9940914517996
1.9275E-4                 0.0374                   1.3920958580223506       772.9940914425753
2.32E-4                   0.0374                   1.6622446873150356       772.9940914301005
2.7125E-4                 0.0374                   1.8867414441850145       772.9940914140814
3.1049999999999996E-4     0.0374                   2.080248516897007        772.9940913944025
3.4974999999999996E-4     0.0374                   2.2460896240428183       772.9940913709918
3.8899999999999997E-4     0.0374                   2.394624908909982        772.9940913434515
4.2825E-4                 0.0374                   2.5267198281004593       772.9940913117036
4.675E-4                  0.0374                   2.6427230192071396       772.9940912759083
5.0675E-4                 0.0374                   2.747731929996644        772.9940912398685
5.459999999999999E-4      0.0374                   2.8440590037072          772.9940912042645
5.852499999999999E-4      0.0374                   2.9317042374619797       772.9940911690961
6.245E-4                  0.0374                   3.0106676306413616       772.994091134363
6.6375E-4                 0.0374                   3.0823738989616722       772.9940911002675
7.03E-4                   0.0374                   3.148121758528778        772.9940910658573
7.4225E-4                 0.0374                   3.2081651216634626       772.9940910298716
7.815E-4                  0.0374                   3.262736140586692        772.9940909924311
8.2075E-4                 0.0374                   3.3121174786602245       772.9940909533723
8.6E-4                    0.0374                   3.3572919552650085       772.994090912884
8.9925E-4                 0.0374                   3.398264961390025        772.9940908712474
9.385E-4                  0.0374                   3.4350364967373768       772.9940908284624
9.7775E-4                 0.0374                   3.468026064048614        772.994090783718
0.001017                  0.0374                   3.497640965544886        772.994090738689
0.00105625                0.0374                   3.523984140904853        772.9940906936126
0.0010955                 0.0374                   3.5470055644173084       772.994090648242
0.00113475                0.0374                   3.5669457258263515       772.9940906035743
0.001174                  0.0374                   3.5840101018407275       772.9940905596576
0.00121325                0.0374                   3.598299808056343        772.994090516373
0.0012525                 0.0374                   3.6098540647991753       772.9940904744273
0.00129175                0.0374                   3.6188179584530014       772.994090433999
0.001331                  0.0374                   3.625304737214971        772.994090395949
0.00137025                0.0374                   3.6293144010890406       772.9940903602771
0.0014095                 0.0374                   3.6309469848915463       772.9940903276271
0.00144875                0.0374                   3.6303352362360872       772.9940902946823
0.001488                  0.0374                   3.6274910194544714       772.9940902584541
0.00152725                0.0374                   3.6224175179124365       772.994090219107
0.0015665                 0.0374                   3.615270725801967        772.994090177092
0.00160575                0.0374                   3.606056997467944        772.994090134436
0.001645                  0.0374                   3.594775304269765        772.9940900931234
0.00168425                0.0374                   3.5814971629234287       772.9940900637032
0.0017235                 0.0374                   3.566316170700913        772.9940900380788
0.00176275                0.0374                   3.54923053252873         772.9940900154646
0.001802                  0.0374                   3.530233452028158        772.9940899942799
0.00184125                0.0374                   3.509382813740089        772.9940899753653
0.0018805                 0.0374                   3.486739614355672        772.9940899621591
0.00191975                0.0374                   3.462321811017667        772.9940899536662
0.001959                  0.0374                   3.4361298071322395       772.9940899500773
0.00199825                0.0374                   3.4081926460292613       772.9940899555824
0.0020375                 0.0374                   3.378528970684576        772.9940899671701
0.00207675                0.0374                   3.3471941696615266       772.9940899852139
0.002116                  0.0374                   3.314198429865367        772.9940900090652
0.00215525                0.0374                   3.279541806111715        772.9940900382333
0.0021945                 0.0374                   3.243231455860451        772.9940900743317
0.00223375                0.0374                   3.2053230727011686       772.9940901168407
0.002273                  0.0374                   3.1658259345944426       772.9940901639513
0.00231225                0.0374                   3.1247382899334695       772.9940902164354
0.0023515                 0.0374                   3.082066029446689        772.9940902733829
0.00239075                0.0374                   3.0378524673718403       772.9940903331097
0.00243                   0.0374                   2.992106285664482        772.9940903963675
0.00246925                0.0374                   2.9448284314726383       772.9940904625644
0.0025085                 0.0374                   2.896021658211661        772.9940905313752
0.00254775                0.0374                   2.845720023807434        772.9940906036859
0.002587                  0.0374                   2.7939335636516476       772.994090679778
0.0026262499999999997     0.0374                   2.740661979229357        772.9940907595956
0.0026655                 0.0374                   2.685906442584494        772.9940908435965
0.0027047499999999997     0.0374                   2.6296948844060224       772.9940909327297
0.002744                  0.0374                   2.572037905994248        772.9940910263798
0.0027832499999999997     0.0374                   2.512936323615529        772.9940911243505
0.0028225                 0.0374                   2.4523906210035946       772.9940912268667
0.0028617499999999997     0.0374                   2.390417936321729        772.9940913333025
0.002901                  0.0374                   2.327033944630862        772.994091443173
0.0029402499999999997     0.0374                   2.2622379695466885       772.9940915567128
0.0029795                 0.0374                   2.1960300058851323       772.9940916741593
0.0030187499999999997     0.0374                   2.1284255132672225       772.9940917947711
0.003058                  0.0374                   2.0594347381376363       772.9940919144856
0.0030972499999999997     0.0374                   1.9890583312408763       772.9940920329365
0.0031365                 0.0374                   1.917301419520557        772.9940921454449
0.0031757499999999998     0.0374                   1.8441703191589414       772.9940922515196
0.003215                  0.0374                   1.769676192258613        772.9940923502596
0.0032542499999999998     0.0374                   1.693820831940188        772.9940924412424
0.0032935                 0.0374                   1.6166041266121498       772.9940925245061
0.0033327499999999998     0.0374                   1.5380392239144567       772.9940926017823
0.003372                  0.0374                   1.458132939322624        772.9940926739846
0.00341125                0.0374                   1.3768859566352576       772.9940927414563
0.0034505                 0.0374                   1.2942983377435204       772.9940928041952
0.00348975                0.0374                   1.2103757647952953       772.9940928628891
0.003529                  0.0374                   1.1251304346121775       772.9940929181353
0.00356825                0.0374                   1.0385626358880078       772.9940929698131
0.0036075                 0.0374                   0.9506723686228148       772.9940930179228
0.00364675                0.0374                   0.8614650498969143       772.9940930627357
0.003686                  0.0374                   0.7709490415446011       772.9940931042894
0.00372525                0.0374                   0.6791244841499859       772.9940931425676
0.0037645                 0.0374                   0.5859931874199139       772.9940931775474
0.00380375                0.0374                   0.4915623371673662       772.9940932090414
0.0038429999999999996     0.0374                   0.39583276787064486      772.9940932371785
0.00388225                0.0374                   0.2988091219927496       772.9940932613194
0.0039215                 0.0374                   0.2004935754884802       772.994093280465
0.00396075                0.0374                   0.10088958684982165      772.9940932929728
0.004                     0.0374                   1.8975201798027687E-15   772.9940932974557
7.5E-5                    0.0396                   0                        772.9950108414098
1.1424999999999999E-4     0.0396                   0.6228525251132204       772.995010840896
1.535E-4                  0.0396                   1.058216125871624        772.9950108405517
1.9275E-4                 0.0396                   1.3918335379268856       772.9950108384023
2.32E-4                   0.0396                   1.6623075031106458       772.995010833459
2.7125E-4                 0.0396                   1.8866390519854308       772.9950108268489
3.1049999999999996E-4     0.0396                   2.080106409716441        772.9950108186212
3.4974999999999996E-4     0.0396                   2.246475633817427        772.9950108085592
3.8899999999999997E-4     0.0396                   2.3946063804986637       772.9950107955847
4.2825E-4                 0.0396                   2.526238731378483        772.9950107795598
4.675E-4                  0.0396                   2.642587750196694        772.9950107602925
5.0675E-4                 0.0396                   2.7486663332948233       772.9950107367374
5.459999999999999E-4      0.0396                   2.8450017998247          772.9950107087709
5.852499999999999E-4      0.0396                   2.9315941497669202       772.9950106763937
6.245E-4                  0.0396                   3.010160401013677        772.9950106378612
6.6375E-4                 0.0396                   3.0823812963073736       772.9950105953588
7.03E-4                   0.0396                   3.1482753258633216       772.99501054981
7.4225E-4                 0.0396                   3.207954406134263        772.9950105028735
7.815E-4                  0.0396                   3.262204132112323        772.9950104571426
8.2075E-4                 0.0396                   3.3120311789744794       772.9950104131982
8.6E-4                    0.0396                   3.3574355465662893       772.9950103710399
8.9925E-4                 0.0396                   3.3983765639786747       772.9950103311305
9.385E-4                  0.0396                   3.4349604961074873       772.9950102934258
9.7775E-4                 0.0396                   3.468046237409332        772.9950102566426
0.001017                  0.0396                   3.4977127011431186       772.9950102181712
0.00105625                0.0396                   3.5239864670542844       772.9950101786767
0.0010955                 0.0396                   3.546975483356624        772.995010136071
0.00113475                0.0396                   3.5669789090372235       772.9950100922366
0.001174                  0.0396                   3.5840331312976756       772.9950100485919
0.00121325                0.0396                   3.59828232313193         772.9950100048208
0.0012525                 0.0396                   3.609824959638658        772.9950099604233
0.00129175                0.0396                   3.61883996181365         772.9950099135433
0.001331                  0.0396                   3.625335199224226        772.9950098636771
0.00137025                0.0396                   3.629318400279241        772.9950098112231
0.0014095                 0.0396                   3.6309172498979536       772.9950097570853
0.00144875                0.0396                   3.630302572558349        772.9950097038299
0.001488                  0.0396                   3.6274854857815235       772.9950096515716
0.00152725                0.0396                   3.6224659895670626       772.995009600311
0.0015665                 0.0396                   3.615261924432318        772.9950095499953
0.00160575                0.0396                   3.606022573697495        772.9950095017215
0.001645                  0.0396                   3.5947728310263565       772.9950094557668
0.00168425                0.0396                   3.5815328739614114       772.9950094105844
0.0017235                 0.0396                   3.566314108356758        772.995009367115
0.00176275                0.0396                   3.5492090995539156       772.995009325522
0.001802                  0.0396                   3.5302401942546076       772.9950092854165
0.00184125                0.0396                   3.5094063966301463       772.9950092468034
0.0018805                 0.0396                   3.486740310377363        772.9950092096665
0.00191975                0.0396                   3.462313065520476        772.9950091740005
0.001959                  0.0396                   3.4361272685983244       772.9950091397635
0.00199825                0.0396                   3.4081846113583114       772.9950091070048
0.0020375                 0.0396                   3.3785359922407254       772.9950090758041
0.00207675                0.0396                   3.3472034366334418       772.995009045755
0.002116                  0.0396                   3.3141951632938578       772.9950090173595
0.00215525                0.0396                   3.27952487523026         772.9950089900922
0.0021945                 0.0396                   3.2432370318307466       772.9950089642531
0.00223375                0.0396                   3.2053360795657944       772.9950089400401
0.002273                  0.0396                   3.1658201497760827       772.9950089173718
0.00231225                0.0396                   3.1247270465599017       772.9950088967271
0.0023515                 0.0396                   3.0820714298209944       772.9950088774099
0.00239075                0.0396                   3.0378596104343467       772.99500885966
0.00243                   0.0396                   2.9920997779615934       772.9950088433844
0.00246925                0.0396                   2.944821762885753        772.995008828671
0.0025085                 0.0396                   2.8960282904814005       772.9950088155824
0.00254775                0.0396                   2.845723714879794        772.9950088042232
0.002587                  0.0396                   2.793925117825155        772.9950087943765
0.0026262499999999997     0.0396                   2.7406558094579823       772.9950087861412
0.0026655                 0.0396                   2.6859123802516667       772.9950087794157
0.0027047499999999997     0.0396                   2.6296978980599754       772.9950087741598
0.002744                  0.0396                   2.5720357085945733       772.9950087701993
0.0027832499999999997     0.0396                   2.512931163336021        772.995008767543
0.0028225                 0.0396                   2.452391037033686        772.9950087660188
0.0028617499999999997     0.0396                   2.390418357470103        772.9950087656038
0.002901                  0.0396                   2.327032109324689        772.9950087660683
0.0029402499999999997     0.0396                   2.2622357523132774       772.9950087673528
0.0029795                 0.0396                   2.1960299189740433       772.9950087694431
0.0030187499999999997     0.0396                   2.1284208926388777       772.9950087722628
0.003058                  0.0396                   2.0594292807593466       772.9950087757472
0.0030972499999999997     0.0396                   1.989056352034214        772.9950087798139
0.0031365                 0.0396                   1.917301661354705        772.9950087844492
0.0031757499999999998     0.0396                   1.8441691296111142       772.9950087896175
0.003215                  0.0396                   1.7696719159190224       772.9950087953366
0.0032542499999999998     0.0396                   1.6938146427415952       772.9950088016765
0.0032935                 0.0396                   1.6166050741614666       772.9950088087026
0.0033327499999999998     0.0396                   1.5380432101786337       772.9950088164152
0.003372                  0.0396                   1.4581341855017582       772.9950088249332
0.00341125                0.0396                   1.3768861979460894       772.9950088340155
0.0034505                 0.0396                   1.2942993345243285       772.9950088436469
0.00348975                0.0396                   1.210376099220371        772.995008853824
0.003529                  0.0396                   1.125129790817669        772.9950088646805
0.00356825                0.0396                   1.0385623011338199       772.9950088758691
0.0036075                 0.0396                   0.9506737956689356       772.9950088872048
0.00364675                0.0396                   0.8614644844259203       772.9950088986767
0.003686                  0.0396                   0.770947885926499        772.995008909463
0.00372525                0.0396                   0.6791234200295623       772.9950089194276
0.0037645                 0.0396                   0.5859924689584158       772.9950089286664
0.00380375                0.0396                   0.4915618455240919       772.9950089377412
0.0038429999999999996     0.0396                   0.39583249425410433      772.9950089466936
0.00388225                0.0396                   0.2988088626338483       772.9950089549961
0.0039215                 0.0396                   0.20049346217452602      772.9950089619533
0.00396075                0.0396                   0.1008895320344081       772.9950089667323
0.004                     0.0396                   1.0663918059690415E-15   772.9950089685149
7.5E-5                    0.041800000000000004     6.03625069518402E-17     772.9959251067459
1.1424999999999999E-4     0.041800000000000004     0.6228719941282698       772.9959251071224
1.535E-4                  0.041800000000000004     1.0581621102903271       772.9959251083676
1.9275E-4                 0.041800000000000004     1.392016533380232        772.9959251098236
2.32E-4                   0.041800000000000004     1.6622973686921283       772.9959251103138
2.7125E-4                 0.041800000000000004     1.8867909669891825       772.9959251090158
3.1049999999999996E-4     0.041800000000000004     2.080395240205068        772.9959251062515
3.4974999999999996E-4     0.041800000000000004     2.246331772767139        772.99592510229
3.8899999999999997E-4     0.041800000000000004     2.3946114238721123       772.9959250961692
4.2825E-4                 0.041800000000000004     2.5261497946269977       772.9959250877787
4.675E-4                  0.041800000000000004     2.6425791219534305       772.9959250777688
5.0675E-4                 0.041800000000000004     2.7486742283562733       772.9959250668521
5.459999999999999E-4      0.041800000000000004     2.844506444728896        772.995925055001
5.852499999999999E-4      0.041800000000000004     2.931459967343429        772.995925041627
6.245E-4                  0.041800000000000004     3.0104892559155685       772.9959250267441
6.6375E-4                 0.041800000000000004     3.0826571923847603       772.9959250103435
7.03E-4                   0.041800000000000004     3.148315289594798        772.9959249922437
7.4225E-4                 0.041800000000000004     3.208003072364308        772.9959249725256
7.815E-4                  0.041800000000000004     3.2626556033859146       772.9959249510457
8.2075E-4                 0.041800000000000004     3.312239193677949        772.9959249277415
8.6E-4                    0.041800000000000004     3.3571847324571924       772.9959249027277
8.9925E-4                 0.041800000000000004     3.398022670742084        772.9959248761559
9.385E-4                  0.041800000000000004     3.4349997061285595       772.9959248476298
9.7775E-4                 0.041800000000000004     3.4682773543304015       772.9959248165745
0.001017                  0.041800000000000004     3.4977948962333727       772.9959247831507
0.00105625                0.041800000000000004     3.523842299112171        772.995924746774
0.0010955                 0.041800000000000004     3.546977285632321        772.9959247090294
0.00113475                0.041800000000000004     3.5670550104370045       772.9959246700566
0.001174                  0.041800000000000004     3.5840407750352665       772.9959246300768
0.00121325                0.041800000000000004     3.598232536874314        772.9959245940453
0.0012525                 0.041800000000000004     3.6098173825967614       772.9959245551162
0.00129175                0.041800000000000004     3.6188443353724136       772.9959245133438
0.001331                  0.041800000000000004     3.6253212096639733       772.9959244693875
0.00137025                0.041800000000000004     3.629299498797961        772.9959244223639
0.0014095                 0.041800000000000004     3.630931384435964        772.9959243728706
0.00144875                0.041800000000000004     3.6303275861497326       772.9959243213237
0.001488                  0.041800000000000004     3.627503171642795        772.995924267525
0.00152725                0.041800000000000004     3.622451689902195        772.9959242115841
0.0015665                 0.041800000000000004     3.61525237772752         772.9959241530196
0.00160575                0.041800000000000004     3.6060280186654876       772.9959240923464
0.001645                  0.041800000000000004     3.5947851159931847       772.9959240300975
0.00168425                0.041800000000000004     3.5815236697104114       772.9959239662728
0.0017235                 0.041800000000000004     3.566322302127009        772.9959239011222
0.00176275                0.041800000000000004     3.549214147279849        772.9959238345775
0.001802                  0.041800000000000004     3.5302340027700896       772.9959237669221
0.00184125                0.041800000000000004     3.5093939113497323       772.9959236981379
0.0018805                 0.041800000000000004     3.486748784918191        772.9959236283167
0.00191975                0.041800000000000004     3.462324704109008        772.9959235578334
0.001959                  0.041800000000000004     3.4361230674022107       772.9959234866769
0.00199825                0.041800000000000004     3.4081769679001006       772.9959234148432
0.0020375                 0.041800000000000004     3.378530699276004        772.9959233423325
0.00207675                0.041800000000000004     3.3472074902372975       772.9959232687019
0.002116                  0.041800000000000004     3.314203901190523        772.9959231936576
0.00215525                0.041800000000000004     3.2795278421344647       772.9959231183257
0.0021945                 0.041800000000000004     3.2432226326173765       772.995923044681
0.00223375                0.041800000000000004     3.2053239659788675       772.995922971244
0.002273                  0.041800000000000004     3.1658285551208767       772.995922897696
0.00231225                0.041800000000000004     3.1247364000425404       772.9959228240368
0.0023515                 0.041800000000000004     3.082064471593629        772.9959227500665
0.00239075                0.041800000000000004     3.037854253320626        772.9959226767617
0.00243                   0.041800000000000004     2.992107123324795        772.9959226044124
0.00246925                0.041800000000000004     2.944823268636376        772.9959225329497
0.0025085                 0.041800000000000004     2.896016783684069        772.9959224625076
0.00254775                0.041800000000000004     2.8457205054260757       772.9959223933006
0.002587                  0.041800000000000004     2.79393398539115         772.995922325517
0.0026262499999999997     0.041800000000000004     2.740657223579748        772.9959222591568
0.0026655                 0.041800000000000004     2.685905973859363        772.9959221944916
0.0027047499999999997     0.041800000000000004     2.629692673348974        772.995922130984
0.002744                  0.041800000000000004     2.572034476065962        772.9959220683616
0.0027832499999999997     0.041800000000000004     2.5129345203790683       772.9959220068332
0.0028225                 0.041800000000000004     2.452392806288168        772.9959219463988
0.0028617499999999997     0.041800000000000004     2.390415726391062        772.9959218862421
0.002901                  0.041800000000000004     2.3270281257761742       772.9959218285081
0.0029402499999999997     0.041800000000000004     2.2622334318498534       772.9959217728855
0.0029795                 0.041800000000000004     2.1960316446120887       772.995921719374
0.0030187499999999997     0.041800000000000004     2.1284228275494286       772.9959216679697
0.003058                  0.041800000000000004     2.0594312828691193       772.9959216178361
0.0030972499999999997     0.041800000000000004     1.9890568285468795       772.9959215692795
0.0031365                 0.041800000000000004     1.9172994235606893       772.9959215222857
0.0031757499999999998     0.041800000000000004     1.8441664931384054       772.99592147746
0.003215                  0.041800000000000004     1.7696729858990425       772.9959214342826
0.0032542499999999998     0.041800000000000004     1.6938193258959382       772.9959213925994
0.0032935                 0.041800000000000004     1.6166065947774955       772.9959213525972
0.0033327499999999998     0.041800000000000004     1.5380394878060006       772.9959213136651
0.003372                  0.041800000000000004     1.458131749123621        772.9959212758948
0.00341125                0.041800000000000004     1.3768844622767233       772.9959212393755
0.0034505                 0.041800000000000004     1.2942973818044365       772.9959212042047
0.00348975                0.041800000000000004     1.2103750025587756       772.995921170525
0.003529                  0.041800000000000004     1.1251296871460392       772.9959211389867
0.00356825                0.041800000000000004     1.0385616650972578       772.9959211096697
0.0036075                 0.041800000000000004     0.9506708830150332       772.9959210825607
0.00364675                0.041800000000000004     0.8614641395682069       772.9959210579782
0.003686                  0.041800000000000004     0.7709483601894275       772.9959210361427
0.00372525                0.041800000000000004     0.6791233787783237       772.9959210170775
0.0037645                 0.041800000000000004     0.5859924335338181       772.9959210008751
0.00380375                0.041800000000000004     0.4915618121489282       772.9959209876416
0.0038429999999999996     0.041800000000000004     0.39583236759637647      772.9959209774124
0.00388225                0.041800000000000004     0.29880876053220723      772.9959209701142
0.0039215                 0.041800000000000004     0.2004933974381654       772.9959209653651
0.00396075                0.041800000000000004     0.10088949167557687      772.9959209627995
0.004                     0.041800000000000004     1.7372574640726704E-15   772.9959209620343
7.5E-5                    0.044000000000000004     2.4226998648530083E-16   772.9968267551069
1.1424999999999999E-4     0.044000000000000004     0.6228554597213612       772.9968267565166
1.535E-4                  0.044000000000000004     1.0581156015944768       772.9968267596712
1.9275E-4                 0.044000000000000004     1.3920483367179415       772.996826763291
2.32E-4                   0.044000000000000004     1.662216505943909        772.9968267667426
2.7125E-4                 0.044000000000000004     1.886543927198849        772.9968267697334
3.1049999999999996E-4     0.044000000000000004     2.080097909808316        772.9968267717101
3.4974999999999996E-4     0.044000000000000004     2.246325128217807        772.9968267725577
3.8899999999999997E-4     0.044000000000000004     2.3940364588675984       772.9968267718048
4.2825E-4                 0.044000000000000004     2.526492057650036        772.9968267691464
4.675E-4                  0.044000000000000004     2.6435977816329843       772.9968267646599
5.0675E-4                 0.044000000000000004     2.7484281603833662       772.9968267584445
5.459999999999999E-4      0.044000000000000004     2.8445123785205255       772.9968267496974
5.852499999999999E-4      0.044000000000000004     2.9318923715919945       772.9968267385417
6.245E-4                  0.044000000000000004     3.010613882098283        772.996826725195
6.6375E-4                 0.044000000000000004     3.0822266343498104       772.9968267090962
7.03E-4                   0.044000000000000004     3.148110500484416        772.9968266897607
7.4225E-4                 0.044000000000000004     3.208225786171075        772.996826667839
7.815E-4                  0.044000000000000004     3.2625829354049953       772.9968266433447
8.2075E-4                 0.044000000000000004     3.311895675714269        772.996826616478
8.6E-4                    0.044000000000000004     3.3571166895564355       772.9968265867597
8.9925E-4                 0.044000000000000004     3.398226358320693        772.9968265540651
9.385E-4                  0.044000000000000004     3.4352246820732715       772.9968265183941
9.7775E-4                 0.044000000000000004     3.468116103930206        772.9968264802733
0.001017                  0.044000000000000004     3.4975728884364576       772.996826440074
0.00105625                0.044000000000000004     3.5238799534191747       772.9968263981855
0.0010955                 0.044000000000000004     3.5470268777222937       772.9968263540806
0.00113475                0.044000000000000004     3.567014172009477        772.9968263076914
0.001174                  0.044000000000000004     3.5839924640682406       772.9968262592247
0.00121325                0.044000000000000004     3.5982900916874674       772.9968262088021
0.0012525                 0.044000000000000004     3.6099108026600066       772.9968261563595
0.00129175                0.044000000000000004     3.618840500270281        772.9968261019858
0.001331                  0.044000000000000004     3.625254481148528        772.9968260457548
0.00137025                0.044000000000000004     3.629306111856004        772.9968259864035
0.0014095                 0.044000000000000004     3.6309965371254624       772.9968259239772
0.00144875                0.044000000000000004     3.6303280400964923       772.9968258586607
0.001488                  0.044000000000000004     3.6274449715041586       772.996825791685
0.00152725                0.044000000000000004     3.6224356077779585       772.9968257229236
0.0015665                 0.044000000000000004     3.6152955943108065       772.9968256523487
0.00160575                0.044000000000000004     3.6060268880576936       772.996825579738
0.001645                  0.044000000000000004     3.5947536348339413       772.9968255050458
0.00168425                0.044000000000000004     3.581525091663862        772.9968254284229
0.0017235                 0.044000000000000004     3.566342402576447        772.9968253500076
0.00176275                0.044000000000000004     3.5492084403029267       772.9968252699197
0.001802                  0.044000000000000004     3.5302035884752785       772.996825188397
0.00184125                0.044000000000000004     3.5093922699582705       772.9968251056284
0.0018805                 0.044000000000000004     3.4867682957981803       772.9968250214398
0.00191975                0.044000000000000004     3.4623303761428046       772.9968249358852
0.001959                  0.044000000000000004     3.436116533147001        772.9968248489591
0.00199825                0.044000000000000004     3.4081833698931003       772.9968247608881
0.0020375                 0.044000000000000004     3.378538216238288        772.9968246704204
0.00207675                0.044000000000000004     3.347198661409771        772.9968245777576
0.002116                  0.044000000000000004     3.3141914876265686       772.9968244839893
0.00215525                0.044000000000000004     3.2795330566560135       772.9968243891865
0.0021945                 0.044000000000000004     3.243233867074558        772.9968242926674
0.00223375                0.044000000000000004     3.205317767605167        772.9968241958942
0.002273                  0.044000000000000004     3.1658187343758364       772.9968240982528
0.00231225                0.044000000000000004     3.124736767385626        772.9968239997431
0.0023515                 0.044000000000000004     3.0820717991955053       772.9968239004473
0.00239075                0.044000000000000004     3.0378498895905617       772.9968238011411
0.00243                   0.044000000000000004     2.992101473546383        772.9968237014737
0.00246925                0.044000000000000004     2.944825340439647        772.9968236012462
0.0025085                 0.044000000000000004     2.896021698580677        772.9968235004565
0.00254775                0.044000000000000004     2.8457170531165024       772.9968233994246
0.002587                  0.044000000000000004     2.7939298493104974       772.9968232984459
0.0026262499999999997     0.044000000000000004     2.7406598351013183       772.9968231972023
0.0026655                 0.044000000000000004     2.685906785925422        772.9968230953165
0.0027047499999999997     0.044000000000000004     2.62969325416594         772.9968229932358
0.002744                  0.044000000000000004     2.572033374412415        772.9968228911096
0.0027832499999999997     0.044000000000000004     2.5129332434412364       772.9968227893974
0.0028225                 0.044000000000000004     2.4523922510446865       772.996822687963
0.0028617499999999997     0.044000000000000004     2.390416286382161        772.9968225870535
0.002901                  0.044000000000000004     2.3270296052890975       772.9968224870348
0.0029402499999999997     0.044000000000000004     2.26223376003726         772.9968223882231
0.0029795                 0.044000000000000004     2.1960287679894304       772.996822290645
0.0030187499999999997     0.044000000000000004     2.1284226484360103       772.9968221943636
0.003058                  0.044000000000000004     2.059431657615584        772.9968220997229
0.0030972499999999997     0.044000000000000004     1.9890562576413242       772.9968220067531
0.0031365                 0.044000000000000004     1.917296398603188        772.996821915396
0.0031757499999999998     0.044000000000000004     1.8441655057895372       772.9968218259213
0.003215                  0.044000000000000004     1.769673626991133        772.9968217388154
0.0032542499999999998     0.044000000000000004     1.6938207973091992       772.9968216540838
0.0032935                 0.044000000000000004     1.6166070167437465       772.9968215717258
0.0033327499999999998     0.044000000000000004     1.5380374059655404       772.996821491962
0.003372                  0.044000000000000004     1.458128727851612        772.9968214154395
0.00341125                0.044000000000000004     1.3768822719515603       772.9968213421986
0.0034505                 0.044000000000000004     1.2942980382654024       772.9968212722393
0.00348975                0.044000000000000004     1.2103770955663662       772.9968212056896
0.003529                  0.044000000000000004     1.1251285377101274       772.9968211427744
0.00356825                0.044000000000000004     1.0385602764251534       772.9968210840318
0.0036075                 0.044000000000000004     0.950671814610333        772.9968210292998
0.00364675                0.044000000000000004     0.8614643685853938       772.9968209786541
0.003686                  0.044000000000000004     0.7709475136944413       772.9968209325837
0.00372525                0.044000000000000004     0.6791231159630252       772.9968208912123
0.0037645                 0.044000000000000004     0.5859922249856875       772.9968208546615
0.00380375                0.044000000000000004     0.4915615453777297       772.9968208233581
0.0038429999999999996     0.044000000000000004     0.3958322221065173       772.9968207973889
0.00388225                0.044000000000000004     0.29880859664972154      772.9968207770507
0.0039215                 0.044000000000000004     0.20049326642671164      772.9968207623649
0.00396075                0.044000000000000004     0.10088943040682397      772.9968207534479
0.004                     0.044000000000000004     2.7417308254748212E-15   772.9968207504577
7.5E-5                    0.046200000000000005     0                        772.997710590113
1.1424999999999999E-4     0.046200000000000005     0.6229504482908779       772.9977105961947
1.535E-4                  0.046200000000000005     1.0580266071947826       772.9977106100781
1.9275E-4                 0.046200000000000005     1.3918119997698732       772.9977106282963
2.32E-4                   0.046200000000000005     1.6623261751064051       772.9977106490096
2.7125E-4                 0.046200000000000005     1.8865286250616549       772.9977106719858
3.1049999999999996E-4     0.046200000000000005     2.080316680866479        772.9977106958628
3.4974999999999996E-4     0.046200000000000005     2.2464315979690035       772.9977107201205
3.8899999999999997E-4     0.046200000000000005     2.3946371632031513       772.9977107434038
4.2825E-4                 0.046200000000000005     2.526294908530994        772.9977107656581
4.675E-4                  0.046200000000000005     2.6427838159697146       772.9977107866496
5.0675E-4                 0.046200000000000005     2.7489208164901586       772.9977108057042
5.459999999999999E-4      0.046200000000000005     2.845043270683336        772.9977108227307
5.852499999999999E-4      0.046200000000000005     2.931196587763587        772.9977108377276
6.245E-4                  0.046200000000000005     3.010077724027941        772.9977108491433
6.6375E-4                 0.046200000000000005     3.082507504876838        772.997710856506
7.03E-4                   0.046200000000000005     3.148485930300946        772.9977108598154
7.4225E-4                 0.046200000000000005     3.20818175341308         772.9977108590712
7.815E-4                  0.046200000000000005     3.262198544135483        772.9977108517678
8.2075E-4                 0.046200000000000005     3.3118813193141308       772.9977108379994
8.6E-4                    0.046200000000000005     3.357273818656208        772.9977108182429
8.9925E-4                 0.046200000000000005     3.3983586249235582       772.9977107925354
9.385E-4                  0.046200000000000005     3.4351357381315526       772.9977107608768
9.7775E-4                 0.046200000000000005     3.4680191274909546       772.9977107231897
0.001017                  0.046200000000000005     3.497645652929607        772.9977106791266
0.00105625                0.046200000000000005     3.5239797352448012       772.9977106286499
0.0010955                 0.046200000000000005     3.5470278715040715       772.9977105716373
0.00113475                0.046200000000000005     3.5668987970527426       772.9977105080368
0.001174                  0.046200000000000005     3.58398779367455         772.9977104374503
0.00121325                0.046200000000000005     3.5983240717426384       772.9977103601638
0.0012525                 0.046200000000000005     3.6099056040252475       772.9977102761324
0.00129175                0.046200000000000005     3.618794010219414        772.9977101852435
0.001331                  0.046200000000000005     3.6252574605667425       772.9977100872845
0.00137025                0.046200000000000005     3.6293252586224387       772.9977099822904
0.0014095                 0.046200000000000005     3.630997982508718        772.9977098706804
0.00144875                0.046200000000000005     3.630310169684722        772.9977097519817
0.001488                  0.046200000000000005     3.627449912468426        772.9977096263964
0.00152725                0.046200000000000005     3.6224443165971376       772.9977094943313
0.0015665                 0.046200000000000005     3.6152927384394506       772.9977093557477
0.00160575                0.046200000000000005     3.6060191513269486       772.9977092108387
0.001645                  0.046200000000000005     3.5947585648436675       772.9977090600503
0.00168425                0.046200000000000005     3.581531369189264        772.9977089033607
0.0017235                 0.046200000000000005     3.5663388948826404       772.9977087409521
0.00176275                0.046200000000000005     3.549202041275604        772.9977085726662
0.001802                  0.046200000000000005     3.530220552891708        772.9977083991914
0.00184125                0.046200000000000005     3.50940696301903         772.9977082208413
0.0018805                 0.046200000000000005     3.4867589894539908       772.9977080377288
0.00191975                0.046200000000000005     3.462307691876531        772.9977078505888
0.001959                  0.046200000000000005     3.436114965026095        772.9977076602557
0.00199825                0.046200000000000005     3.4081910256052876       772.9977074659944
0.0020375                 0.046200000000000005     3.3785388602254187       772.9977072674574
0.00207675                0.046200000000000005     3.3471964122067104       772.9977070653515
0.002116                  0.046200000000000005     3.314191462421955        772.9977068591995
0.00215525                0.046200000000000005     3.2795302945928273       772.9977066490114
0.0021945                 0.046200000000000005     3.243235762132556        772.9977064355221
0.00223375                0.046200000000000005     3.205333884990453        772.9977062189972
0.002273                  0.046200000000000005     3.1658239922456817       772.9977059992648
0.00231225                0.046200000000000005     3.124724854817154        772.9977057769637
0.0023515                 0.046200000000000005     3.082070854649686        772.9977055528857
0.00239075                0.046200000000000005     3.03785951798376         772.9977053273947
0.00243                   0.046200000000000005     2.9921009203881366       772.9977051000064
0.00246925                0.046200000000000005     2.9448150823692925       772.997704870062
0.0025085                 0.046200000000000005     2.896023171222332        772.9977046392296
0.00254775                0.046200000000000005     2.8457282948597027       772.997704407995
0.002587                  0.046200000000000005     2.7939290451636447       772.997704176342
0.0026262499999999997     0.046200000000000005     2.7406510033244134       772.9977039454219
0.0026655                 0.046200000000000005     2.6859065397353423       772.997703714976
0.0027047499999999997     0.046200000000000005     2.6296990989337066       772.9977034851329
0.002744                  0.046200000000000005     2.5720343142279587       772.9977032560618
0.0027832499999999997     0.046200000000000005     2.512930167401109        772.9977030284278
0.0028225                 0.046200000000000005     2.452388789730908        772.9977028023404
0.0028617499999999997     0.046200000000000005     2.3904179901688023       772.997702578129
0.002901                  0.046200000000000005     2.3270285381496425       772.9977023562077
0.0029402499999999997     0.046200000000000005     2.2622334296903217       772.9977021371594
0.0029795                 0.046200000000000005     2.1960309279894856       772.9977019209232
0.0030187499999999997     0.046200000000000005     2.1284247702798615       772.9977017077083
0.003058                  0.046200000000000005     2.0594282421669883       772.9977014982147
0.0030972499999999997     0.046200000000000005     1.9890523900953057       772.9977012930209
0.0031365                 0.046200000000000005     1.9172981579909874       772.9977010921742
0.0031757499999999998     0.046200000000000005     1.8441673198613984       772.9977008958558
0.003215                  0.046200000000000005     1.7696723866633717       772.997700704785
0.0032542499999999998     0.046200000000000005     1.6938153397137803       772.9977005190335
0.0032935                 0.046200000000000005     1.6166029345159405       772.9977003390409
0.0033327499999999998     0.046200000000000005     1.5380397850451721       772.9977001652497
0.003372                  0.046200000000000005     1.458131648852763        772.9976999980283
0.00341125                0.046200000000000005     1.3768856524779187       772.9976998380813
0.0034505                 0.046200000000000005     1.2943017959207042       772.9976996854083
0.00348975                0.046200000000000005     1.210379128679327        772.9976995399136
0.003529                  0.046200000000000005     1.1251278035912606       772.9976994021922
0.00356825                0.046200000000000005     1.0385607554759124       772.9976992733281
0.0036075                 0.046200000000000005     0.9506730347388692       772.9976991534085
0.00364675                0.046200000000000005     0.861464641379881        772.9976990424341
0.003686                  0.046200000000000005     0.7709472016635344       772.9976989413075
0.00372525                0.046200000000000005     0.6791228742069632       772.9976988504638
0.0037645                 0.046200000000000005     0.5859919745673431       772.9976987700699
0.00380375                0.046200000000000005     0.491561284626446        772.9976987006451
0.0038429999999999996     0.046200000000000005     0.3958321586287728       772.9976986424209
0.00388225                0.046200000000000005     0.2988085477772267       772.9976985960452
0.0039215                 0.046200000000000005     0.20049325276944263      772.9976985620507
0.00396075                0.046200000000000005     0.10088941979841372      772.9976985411389
0.004                     0.046200000000000005     2.4782870192312914E-15   772.9976985340222
7.5E-5                    0.048400000000000006     1.200690578077095E-16    772.998550795344
1.1424999999999999E-4     0.048400000000000006     0.622877996052592        772.9985508016085
1.535E-4                  0.048400000000000006     1.0583887370304712       772.9985508154193
1.9275E-4                 0.048400000000000006     1.3917713425392504       772.9985508341365
2.32E-4                   0.048400000000000006     1.6624113711265474       772.9985508557221
2.7125E-4                 0.048400000000000006     1.8865831646220679       772.9985508787871
3.1049999999999996E-4     0.048400000000000006     2.0802076068229485       772.9985509020706
3.4974999999999996E-4     0.048400000000000006     2.2463672411772038       772.9985509256442
3.8899999999999997E-4     0.048400000000000006     2.394572519939011        772.9985509492649
4.2825E-4                 0.048400000000000006     2.5261777534906154       772.9985509727568
4.675E-4                  0.048400000000000006     2.6426985458770154       772.9985509954408
5.0675E-4                 0.048400000000000006     2.7487571726682716       772.9985510150573
5.459999999999999E-4      0.048400000000000006     2.84476168580598         772.9985510314611
5.852499999999999E-4      0.048400000000000006     2.931466297283163        772.9985510449176
6.245E-4                  0.048400000000000006     3.0102628666920763       772.9985510567902
6.6375E-4                 0.048400000000000006     3.082616673327649        772.9985510663644
7.03E-4                   0.048400000000000006     3.1485133074439857       772.998551073482
7.4225E-4                 0.048400000000000006     3.2081330212100925       772.9985510788968
7.815E-4                  0.048400000000000006     3.262224582793995        772.9985510798562
8.2075E-4                 0.048400000000000006     3.3119693336079123       772.9985510753033
8.6E-4                    0.048400000000000006     3.357359523357289        772.9985510656563
8.9925E-4                 0.048400000000000006     3.398395151905268        772.9985510509148
9.385E-4                  0.048400000000000006     3.4350762192670725       772.9985510310789
9.7775E-4                 0.048400000000000006     3.467943535457302        772.9985510036126
0.001017                  0.048400000000000006     3.497583666348949        772.9985509675644
0.00105625                0.048400000000000006     3.523955504996898        772.9985509222845
0.0010955                 0.048400000000000006     3.5470590513958014       772.9985508677728
0.00113475                0.048400000000000006     3.5669406565665684       772.9985508041225
0.001174                  0.048400000000000006     3.584004510506041        772.9985507315316
0.00121325                0.048400000000000006     3.5983267032094943       772.9985506498224
0.0012525                 0.048400000000000006     3.609907234689035        772.9985505589948
0.00129175                0.048400000000000006     3.618798006308162        772.9985504597075
0.001331                  0.048400000000000006     3.6252540005727623       772.9985503522831
0.00137025                0.048400000000000006     3.629323268599364        772.9985502355158
0.0014095                 0.048400000000000006     3.631005810378242        772.9985501094055
0.00144875                0.048400000000000006     3.6303186035136403       772.9985499741484
0.001488                  0.048400000000000006     3.6274474201058458       772.9985498303927
0.00152725                0.048400000000000006     3.622440826524957        772.9985496778994
0.0015665                 0.048400000000000006     3.6152988227719205       772.9985495166685
0.00160575                0.048400000000000006     3.6060287442399415       772.9985493468787
0.001645                  0.048400000000000006     3.594752318118855        772.99854916811
0.00168425                0.048400000000000006     3.5815240891523943       772.9985489803507
0.0017235                 0.048400000000000006     3.566344551874509        772.9985487836019
0.00176275                0.048400000000000006     3.5492139992602034       772.9985485778699
0.001802                  0.048400000000000006     3.5302113032795277       772.9985483632809
0.00184125                0.048400000000000006     3.509396463478005        772.998548139704
0.0018805                 0.048400000000000006     3.4867694798556275       772.9985479071395
0.00191975                0.048400000000000006     3.4623298336939605       772.9985476659062
0.001959                  0.048400000000000006     3.436110163658868        772.9985474154693
0.00199825                0.048400000000000006     3.4081801601544353       772.9985471598474
0.0020375                 0.048400000000000006     3.3785457637031695       772.998546901975
0.00207675                0.048400000000000006     3.3472069743051325       772.998546641852
0.002116                  0.048400000000000006     3.3141870973982726       772.998546380225
0.00215525                0.048400000000000006     3.2795248128437136       772.9985461159811
0.0021945                 0.048400000000000006     3.2432384276890445       772.9985458495953
0.00223375                0.048400000000000006     3.2053285787464043       772.9985455809924
0.002273                  0.048400000000000006     3.16582182053563         772.9985453096588
0.00231225                0.048400000000000006     3.12473171902498         772.9985450359862
0.0023515                 0.048400000000000006     3.0820715157090164       772.9985447602294
0.00239075                0.048400000000000006     3.0378533340494993       772.9985444826384
0.00243                   0.048400000000000006     2.9921024227634714       772.9985442035882
0.00246925                0.048400000000000006     2.944827840055275        772.9985439233278
0.0025085                 0.048400000000000006     2.8960292657425475       772.9985436418493
0.00254775                0.048400000000000006     2.8457190375376142       772.998543359258
0.002587                  0.048400000000000006     2.7939281206086006       772.9985430765635
0.0026262499999999997     0.048400000000000006     2.740658033085022        772.9985427939416
0.0026655                 0.048400000000000006     2.685908774966875        772.9985425113924
0.0027047499999999997     0.048400000000000006     2.6296978218655207       772.9985422293977
0.002744                  0.048400000000000006     2.5720366261242775       772.9985419484431
0.0027832499999999997     0.048400000000000006     2.5129311992774443       772.9985416688232
0.0028225                 0.048400000000000006     2.452387266041769        772.9985413909014
0.0028617499999999997     0.048400000000000006     2.3904187522243086       772.9985411153222
0.002901                  0.048400000000000006     2.327034974127992        772.9985408426465
0.0029402499999999997     0.048400000000000006     2.2622357130068127       772.9985405728597
0.0029795                 0.048400000000000006     2.1960253931662503       772.9985403061717
0.0030187499999999997     0.048400000000000006     2.1284239270403464       772.9985400439269
0.003058                  0.048400000000000006     2.0594338024994987       772.9985397863683
0.0030972499999999997     0.048400000000000006     1.989055019543662        772.998539533496
0.0031365                 0.048400000000000006     1.9172966015793047       772.9985392860315
0.0031757499999999998     0.048400000000000006     1.8441682951920302       772.9985390447272
0.003215                  0.048400000000000006     1.769673216708525        772.9985388097887
0.0032542499999999998     0.048400000000000006     1.6938158327873154       772.9985385815439
0.0032935                 0.048400000000000006     1.6166018966536373       772.9985383606352
0.0033327499999999998     0.048400000000000006     1.5380423536044618       772.9985381480865
0.003372                  0.048400000000000006     1.458137203639807        772.9985379438974
0.00341125                0.048400000000000006     1.3768859263333149       772.9985377480219
0.0034505                 0.048400000000000006     1.2942934784892275       772.9985375609158
0.00348975                0.048400000000000006     1.2103750873090175       772.9985373838626
0.003529                  0.048400000000000006     1.1251317603714077       772.9985372169732
0.00356825                0.048400000000000006     1.0385634976759466       772.9985370602476
0.0036075                 0.048400000000000006     0.9506717015986523       772.9985369138691
0.00364675                0.048400000000000006     0.8614641121493174       772.9985367787749
0.003686                  0.048400000000000006     0.7709477965992219       772.9985366559631
0.00372525                0.048400000000000006     0.6791237277858215       772.9985365457558
0.0037645                 0.048400000000000006     0.5859925374302418       772.998536448162
0.00380375                0.048400000000000006     0.4915616960375518       772.9985363637032
0.0038429999999999996     0.048400000000000006     0.39583238214076155      772.9985362925391
0.00388225                0.048400000000000006     0.2988087795320725       772.9985362354948
0.0039215                 0.048400000000000006     0.20049338807160969      772.9985361934073
0.00396075                0.048400000000000006     0.10088948905586927      772.9985361673847
0.004                     0.048400000000000006     1.7659390317240104E-15   772.9985361584728
7.5E-5                    0.050600000000000006     0                        772.9993414577971
1.1424999999999999E-4     0.050600000000000006     0.6229666108503897       772.9993414655024
1.535E-4                  0.050600000000000006     1.0582437835359297       772.9993414824635
1.9275E-4                 0.050600000000000006     1.3920890326411628       772.999341504992
2.32E-4                   0.050600000000000006     1.6621447471907331       772.9993415312699
2.7125E-4                 0.050600000000000006     1.8868191112440915       772.9993415604142
3.1049999999999996E-4     0.050600000000000006     2.0803944959701264       772.9993415913796
3.4974999999999996E-4     0.050600000000000006     2.2462326518558204       772.9993416238501
3.8899999999999997E-4     0.050600000000000006     2.394743152069147        772.9993416568501
4.2825E-4                 0.050600000000000006     2.526455866119742        772.9993416904327
4.675E-4                  0.050600000000000006     2.642631788991798        772.9993417236469
5.0675E-4                 0.050600000000000006     2.7479946864513884       772.9993417534034
5.459999999999999E-4      0.050600000000000006     2.84407585396469         772.99934177867
5.852499999999999E-4      0.050600000000000006     2.9316911770940233       772.9993417989157
6.245E-4                  0.050600000000000006     3.010840656283994        772.9993418141403
6.6375E-4                 0.050600000000000006     3.0821912935888944       772.9993418244347
7.03E-4                   0.050600000000000006     3.147503915697839        772.9993418289821
7.4225E-4                 0.050600000000000006     3.2077901188812183       772.999341827732
7.815E-4                  0.050600000000000006     3.262867266952651        772.9993418207418
8.2075E-4                 0.050600000000000006     3.3127040903233405       772.9993418080134
8.6E-4                    0.050600000000000006     3.3574164786831915       772.9993417894725
8.9925E-4                 0.050600000000000006     3.398199655779196        772.9993417642775
9.385E-4                  0.050600000000000006     3.4350095605477193       772.9993417321293
9.7775E-4                 0.050600000000000006     3.4681129105930353       772.9993416929244
0.001017                  0.050600000000000006     3.497603213845778        772.9993416484144
0.00105625                0.050600000000000006     3.523934944169055        772.9993415970393
0.0010955                 0.050600000000000006     3.5470621804037625       772.9993415366126
0.00113475                0.050600000000000006     3.5669849226408075       772.9993414671342
0.001174                  0.050600000000000006     3.583968725909069        772.9993413847401
0.00121325                0.050600000000000006     3.598278054395323        772.9993412945555
0.0012525                 0.050600000000000006     3.6098872572120624       772.9993411988744
0.00129175                0.050600000000000006     3.61880339074145         772.9993410980067
0.001331                  0.050600000000000006     3.625278627625717        772.9993409952365
0.00137025                0.050600000000000006     3.6293266898007874       772.9993408867531
0.0014095                 0.050600000000000006     3.630950504386729        772.9993407715426
0.00144875                0.050600000000000006     3.6303184716210293       772.9993406449373
0.001488                  0.050600000000000006     3.627484103932692        772.9993405090936
0.00152725                0.050600000000000006     3.6224517915550942       772.999340363763
0.0015665                 0.050600000000000006     3.615264311295549        772.9993402100129
0.00160575                0.050600000000000006     3.6060384437795676       772.9993400507167
0.001645                  0.050600000000000006     3.5947880499508895       772.9993398849163
0.00168425                0.050600000000000006     3.5815139969702754       772.9993397120309
0.0017235                 0.050600000000000006     3.566317799545851        772.9993395294669
0.00176275                0.050600000000000006     3.5492247297055615       772.9993393391399
0.001802                  0.050600000000000006     3.5302433058325207       772.9993391411754
0.00184125                0.050600000000000006     3.509384828581958        772.9993389351354
0.0018805                 0.050600000000000006     3.4867349568864934       772.9993387220637
0.00191975                0.050600000000000006     3.462320324628373        772.9993385020688
0.001959                  0.050600000000000006     3.4361409318067553       772.9993382751501
0.00199825                0.050600000000000006     3.4081920499774747       772.9993380415888
0.0020375                 0.050600000000000006     3.3785241357520923       772.9993378004854
0.00207675                0.050600000000000006     3.347192250649053        772.9993375554792
0.002116                  0.050600000000000006     3.3141986653076416       772.9993373055361
0.00215525                0.050600000000000006     3.279543239687044        772.9993370506047
0.0021945                 0.050600000000000006     3.2432323066136806       772.9993367904933
0.00223375                0.050600000000000006     3.2053230377309245       772.9993365253648
0.002273                  0.050600000000000006     3.1658249227130115       772.9993362560124
0.00231225                0.050600000000000006     3.124739654064057        772.9993359812986
0.0023515                 0.050600000000000006     3.082067444019572        772.9993357007672
0.00239075                0.050600000000000006     3.0378453832952435       772.9993354154108
0.00243                   0.050600000000000006     2.992098262824774        772.9993351270075
0.00246925                0.050600000000000006     2.94482786102386         772.9993348362465
0.0025085                 0.050600000000000006     2.896034463531783        772.9993345433193
0.00254775                0.050600000000000006     2.84572188337651         772.9993342486839
0.002587                  0.050600000000000006     2.7939271407069657       772.9993339545547
0.0026262499999999997     0.050600000000000006     2.7406570757301565       772.9993336604487
0.0026655                 0.050600000000000006     2.6859116884461804       772.9993333663654
0.0027047499999999997     0.050600000000000006     2.6296955051812225       772.9993330723677
0.002744                  0.050600000000000006     2.572032663962944        772.99933277955
0.0027832499999999997     0.050600000000000006     2.5129321385056738       772.999332488459
0.0028225                 0.050600000000000006     2.4523931067781928       772.9993321992891
0.0028617499999999997     0.050600000000000006     2.390418600503635        772.9993319127005
0.002901                  0.050600000000000006     2.3270309026086147       772.999331631046
0.0029402499999999997     0.050600000000000006     2.2622342703985936       772.9993313539424
0.0029795                 0.050600000000000006     2.196029443278214        772.9993310820062
0.0030187499999999997     0.050600000000000006     2.128423416095914        772.9993308152184
0.003058                  0.050600000000000006     2.0594324831130324       772.9993305538611
0.0030972499999999997     0.050600000000000006     1.9890571930277046       772.9993302979962
0.0031365                 0.050600000000000006     1.9172974711413988       772.9993300475035
0.0031757499999999998     0.050600000000000006     1.8441670396859353       772.9993298027928
0.003215                  0.050600000000000006     1.769674771610119        772.9993295647255
0.0032542499999999998     0.050600000000000006     1.6938207411445152       772.9993293332625
0.0032935                 0.050600000000000006     1.6166048790059995       772.9993291084077
0.0033327499999999998     0.050600000000000006     1.5380374701883217       772.9993288911969
0.003372                  0.050600000000000006     1.4581306047471259       772.9993286825304
0.00341125                0.050600000000000006     1.3768842616457893       772.999328482417
0.0034505                 0.050600000000000006     1.2942982151737246       772.9993282909721
0.00348975                0.050600000000000006     1.210375430191874        772.9993281084519
0.003529                  0.050600000000000006     1.1251292152993175       772.9993279364959
0.00356825                0.050600000000000006     1.038561268347516        772.9993277753222
0.0036075                 0.050600000000000006     0.9506717642790221       772.9993276249064
0.00364675                0.050600000000000006     0.8614645093257851       772.9993274859297
0.003686                  0.050600000000000006     0.7709483654978456       772.9993273594229
0.00372525                0.050600000000000006     0.6791236154618832       772.9993272453372
0.0037645                 0.050600000000000006     0.5859925374866282       772.9993271438636
0.00380375                0.050600000000000006     0.4915620020747594       772.9993270557179
0.0038429999999999996     0.050600000000000006     0.3958325093004702       772.9993269809594
0.00388225                0.050600000000000006     0.2988088046038857       772.9993269206121
0.0039215                 0.050600000000000006     0.20049343174519038      772.9993268757898
0.00396075                0.050600000000000006     0.1008895065073378       772.9993268478993
0.004                     0.050600000000000006     1.465910138532637E-15    772.9993268383017
7.5E-5                    0.0528                   5.959570656550518E-17    773.0000856509013
1.1424999999999999E-4     0.0528                   0.6229153743387427       773.0000856583581
1.535E-4                  0.0528                   1.0582507856800176       773.0000856745089
1.9275E-4                 0.0528                   1.3920167142097513       773.0000856962806
2.32E-4                   0.0528                   1.6620863709864162       773.0000857225223
2.7125E-4                 0.0528                   1.8867083187672358       773.0000857520577
3.1049999999999996E-4     0.0528                   2.080346584263639        773.0000857837277
3.4974999999999996E-4     0.0528                   2.2459573466390323       773.0000858174091
3.8899999999999997E-4     0.0528                   2.394451644862972        773.0000858519942
4.2825E-4                 0.0528                   2.5267185071660023       773.0000858882353
4.675E-4                  0.0528                   2.6432064053569397       773.0000859255085
5.0675E-4                 0.0528                   2.748058689540524        773.0000859603342
5.459999999999999E-4      0.0528                   2.843934133576077        773.000085991155
5.852499999999999E-4      0.0528                   2.9316623103118227       773.0000860183166
6.245E-4                  0.0528                   3.0112432144265076       773.0000860418188
6.6375E-4                 0.0528                   3.0824769178054336       773.0000860617157
7.03E-4                   0.0528                   3.147890268840853        773.0000860781133
7.4225E-4                 0.0528                   3.208091748833897        773.0000860912849
7.815E-4                  0.0528                   3.2628253395969624       773.0000861011112
8.2075E-4                 0.0528                   3.312108898910263        773.000086107702
8.6E-4                    0.0528                   3.357173936911629        773.0000861149041
8.9925E-4                 0.0528                   3.398154658017124        773.00008611973
9.385E-4                  0.0528                   3.4350590046973797       773.0000861222966
9.7775E-4                 0.0528                   3.4680271375239826       773.0000861224664
0.001017                  0.0528                   3.4976669932053754       773.0000861166549
0.00105625                0.0528                   3.5239722226887986       773.0000861044834
0.0010955                 0.0528                   3.5469414511286383       773.0000860857986
0.00113475                0.0528                   3.566913105658544        773.0000860601195
0.001174                  0.0528                   3.584048814479351        773.000086023478
0.00121325                0.0528                   3.5983473080077166       773.0000859760914
0.0012525                 0.0528                   3.6098396026071327       773.0000859171122
0.00129175                0.0528                   3.6188056835819076       773.0000858447756
0.001331                  0.0528                   3.6253004373571933       773.0000857607843
0.00137025                0.0528                   3.629328251443812        773.0000856649721
0.0014095                 0.0528                   3.6309454588690233       773.0000855590264
0.00144875                0.0528                   3.6303250133241343       773.0000854432004
0.001488                  0.0528                   3.627491770465867        773.0000853165795
0.00152725                0.0528                   3.622439505651915        773.0000851797345
0.0015665                 0.0528                   3.615260372207898        773.0000850314455
0.00160575                0.0528                   3.606032992556661        773.0000848711989
0.001645                  0.0528                   3.5947844213952025       773.0000846998878
0.00168425                0.0528                   3.5815190644071966       773.000084517264
0.0017235                 0.0528                   3.5663125711831207       773.0000843238317
0.00176275                0.0528                   3.5492213412902323       773.000084121759
0.001802                  0.0528                   3.530245374728563        773.0000839110453
0.00184125                0.0528                   3.509404633553144        773.0000836933244
0.0018805                 0.0528                   3.486734121871447        773.0000834683096
0.00191975                0.0528                   3.4623090012286175       773.0000832370961
0.001959                  0.0528                   3.436131407659235        773.000082999753
0.00199825                0.0528                   3.408201341163347        773.0000827562799
0.0020375                 0.0528                   3.3785323259724787       773.000082503378
0.00207675                0.0528                   3.3471894038594874       773.0000822405534
0.002116                  0.0528                   3.314192089008218        773.0000819715589
0.00215525                0.0528                   3.279540400829186        773.000081695938
0.0021945                 0.0528                   3.2432372149364297       773.000081415703
0.00223375                0.0528                   3.2053273021723094       773.0000811345101
0.002273                  0.0528                   3.16582502374747         773.0000808503873
0.00231225                0.0528                   3.1247327656496666       773.0000805634193
0.0023515                 0.0528                   3.0820640753209694       773.0000802726963
0.00239075                0.0528                   3.037856343472476        773.0000799789767
0.00243                   0.0528                   2.992107469140735        773.0000796821985
0.00246925                0.0528                   2.9448205632814686       773.0000793824336
0.0025085                 0.0528                   2.8960230809384027       773.0000790808502
0.00254775                0.0528                   2.8457231267286796       773.0000787778198
0.002587                  0.0528                   2.793931441337903        773.0000784733609
0.0026262499999999997     0.0528                   2.7406524211252927       773.0000781677925
0.0026655                 0.0528                   2.6859081196434067       773.0000778622253
0.0027047499999999997     0.0528                   2.629701413594805        773.0000775567545
0.002744                  0.0528                   2.5720364669047395       773.0000772516349
0.0027832499999999997     0.0528                   2.512925269040569        773.0000769471063
0.0028225                 0.0528                   2.4523882761518063       773.0000766447308
0.0028617499999999997     0.0528                   2.390423840337433        773.0000763443377
0.002901                  0.0528                   2.327032489057374        773.0000760459978
0.0029402499999999997     0.0528                   2.262231837407323        773.0000757511793
0.0029795                 0.0528                   2.196026863803159        773.0000754598178
0.0030187499999999997     0.0528                   2.1284260271568503       773.0000751728917
0.003058                  0.0528                   2.0594300360951268       773.0000748904105
0.0030972499999999997     0.0528                   1.9890528500326974       773.0000746132652
0.0031365                 0.0528                   1.9172996421952135       773.0000743418786
0.0031757499999999998     0.0528                   1.8441709860297677       773.0000740763362
0.003215                  0.0528                   1.769671252648988        773.0000738172424
0.0032542499999999998     0.0528                   1.6938109201670049       773.0000735653165
0.0032935                 0.0528                   1.6166024128826395       773.0000733217375
0.0033327499999999998     0.0528                   1.5380448651646244       773.0000730863943
0.003372                  0.0528                   1.4581369541946896       773.0000728591029
0.00341125                0.0528                   1.3768836276829337       773.0000726403703
0.0034505                 0.0528                   1.2942946495970198       773.0000724310868
0.00348975                0.0528                   1.210377012839105        773.0000722321097
0.003529                  0.0528                   1.125132789388029        773.0000720437264
0.00356825                0.0528                   1.0385621084743797       773.0000718659496
0.0036075                 0.0528                   0.9506720056725113       773.0000716996869
0.00364675                0.0528                   0.8614638351528888       773.0000715452975
0.003686                  0.0528                   0.7709476208544854       773.0000714047071
0.00372525                0.0528                   0.679123152822157        773.0000712782222
0.0037645                 0.0528                   0.5859920870367519       773.0000711658425
0.00380375                0.0528                   0.49156152814739584      773.000071067834
0.0038429999999999996     0.0528                   0.39583228761195255      773.0000709843675
0.00388225                0.0528                   0.29880861564882405      773.0000709166345
0.0039215                 0.0528                   0.20049331123453257      773.0000708661231
0.00396075                0.0528                   0.10088944813465002      773.0000708345503
0.004                     0.0528                   2.770214237776053E-15    773.0000708236535
7.5E-5                    0.055                    1.8051488662973847E-16   773.0007838076037
1.1424999999999999E-4     0.055                    0.6229224377376483       773.0007838187743
1.535E-4                  0.055                    1.0582007268455997       773.0007838436893
1.9275E-4                 0.055                    1.391774030814473        773.0007838769343
2.32E-4                   0.055                    1.6624770837468932       773.0007839153775
2.7125E-4                 0.055                    1.8866498577161857       773.0007839582768
3.1049999999999996E-4     0.055                    2.0800395163464986       773.0007840043172
3.4974999999999996E-4     0.055                    2.246505378111067        773.0007840533527
3.8899999999999997E-4     0.055                    2.3943989899905813       773.0007841036652
4.2825E-4                 0.055                    2.526303160317453        773.0007841540832
4.675E-4                  0.055                    2.642772373624148        773.0007842045104
5.0675E-4                 0.055                    2.748452936004227        773.0007842526926
5.459999999999999E-4      0.055                    2.8448432033333253       773.0007842971443
5.852499999999999E-4      0.055                    2.9318763372823837       773.0007843382613
6.245E-4                  0.055                    3.010182318170599        773.0007843753718
6.6375E-4                 0.055                    3.0823009075731074       773.0007844081449
7.03E-4                   0.055                    3.148311779055312        773.0007844386488
7.4225E-4                 0.055                    3.2082124407440062       773.0007844669963
7.815E-4                  0.055                    3.2623582882623414       773.0007844922967
8.2075E-4                 0.055                    3.311940925106111        773.0007845125756
8.6E-4                    0.055                    3.3572495511252396       773.0007845262292
8.9925E-4                 0.055                    3.398364929830686        773.0007845312795
9.385E-4                  0.055                    3.4352728632007783       773.0007845278427
9.7775E-4                 0.055                    3.468019473156759        773.0007845151011
0.001017                  0.055                    3.497614471555539        773.0007844871676
0.00105625                0.055                    3.523958530304201        773.0007844453585
0.0010955                 0.055                    3.5470641764670483       773.0007843887397
0.00113475                0.055                    3.5669412501103097       773.0007843171632
0.001174                  0.055                    3.583964472104468        773.000784232226
0.00121325                0.055                    3.5982823214199104       773.0007841376417
0.0012525                 0.055                    3.6098947980531064       773.0007840334106
0.00129175                0.055                    3.618797310691981        773.0007839215231
0.001331                  0.055                    3.6252613586299773       773.0007837994525
0.00137025                0.055                    3.629331127071283        773.0007836661997
0.0014095                 0.055                    3.6310066160129155       773.0007835217652
0.00144875                0.055                    3.630316932913241        773.0007833630191
0.001488                  0.055                    3.627439071888218        773.0007831956236
0.00152725                0.055                    3.6224327538160903       773.0007830166969
0.0015665                 0.055                    3.6152979786967263       773.0007828262392
0.00160575                0.055                    3.6060372335703184       773.0007826247577
0.001645                  0.055                    3.5947604275984824       773.0007824134867
0.00168425                0.055                    3.5815223374125154       773.0007821867587
0.0017235                 0.055                    3.566336003482558        773.0007819467071
0.00176275                0.055                    3.549211182366109        773.0007816940716
0.001802                  0.055                    3.5302216132234916       773.0007814259292
0.00184125                0.055                    3.5094068091159594       773.000781143666
0.0018805                 0.055                    3.4867667700434937       773.0007808472819
0.00191975                0.055                    3.462311733391066        773.0007805371284
0.001959                  0.055                    3.4361100775010796       773.0007802143292
0.00199825                0.055                    3.408191084177627        773.0007798804875
0.0020375                 0.055                    3.378552452582484        773.0007795353876
0.00207675                0.055                    3.34719924651916         773.0007791790263
0.002116                  0.055                    3.3141880416723257       773.0007788147507
0.00215525                0.055                    3.2795339542919493       773.0007784434627
0.0021945                 0.055                    3.2432452021844087       773.0007780643675
0.00223375                0.055                    3.205325233503063        773.0007776783375
0.002273                  0.055                    3.1658165060436207       773.0007772869296
0.00231225                0.055                    3.124733868631277        773.0007768885287
0.0023515                 0.055                    3.082077321266044        773.000776483135
0.00239075                0.055                    3.0378544668077105       773.0007760713079
0.00243                   0.055                    2.9920968224483557       773.0007756537052
0.00246925                0.055                    2.944823530098186        773.000775232377
0.0025085                 0.055                    2.8960322896306434       773.0007748070567
0.00254775                0.055                    2.845723646838185        773.0007743777744
0.002587                  0.055                    2.7939266556567675       773.0007739466179
0.0026262499999999997     0.055                    2.7406555095175382       773.0007735147992
0.0026655                 0.055                    2.685912403259254        773.0007730826219
0.0027047499999999997     0.055                    2.629698169268009        773.0007726501692
0.002744                  0.055                    2.572033438086793        773.0007722193654
0.0027832499999999997     0.055                    2.5129318749891225       773.0007717916927
0.0028225                 0.055                    2.452393479975013        773.0007713671519
0.0028617499999999997     0.055                    2.3904190610899034       773.000770945821
0.002901                  0.055                    2.3270305576680417       773.0007705302266
0.0029402499999999997     0.055                    2.262234273724634        773.0007701210357
0.0029795                 0.055                    2.1960303362005518       773.0007697182625
0.0030187499999999997     0.055                    2.12842330014071         773.0007693224375
0.003058                  0.055                    2.059431617751983        773.000768935322
0.0030972499999999997     0.055                    1.9890572432789846       773.0007685570513
0.0031365                 0.055                    1.9173001767217182       773.0007681876257
0.0031757499999999998     0.055                    1.8441663717866124       773.0007678267789
0.003215                  0.055                    1.769672757646551        773.0007674769324
0.0032542499999999998     0.055                    1.6938199876664408       773.000767139124
0.0032935                 0.055                    1.6166080618464904       773.0007668133532
0.0033327499999999998     0.055                    1.5380385791944458       773.000766499958
0.003372                  0.055                    1.4581296440167346       773.0007662009426
0.00341125                0.055                    1.3768826934620972       773.0007659163315
0.0034505                 0.055                    1.29429772753006         773.0007656461246
0.00348975                0.055                    1.21037602110528         773.0007653902508
0.003529                  0.055                    1.1251297703344536       773.0007651490417
0.00356825                0.055                    1.0385614393510576       773.0007649229271
0.0036075                 0.055                    0.95067211754511         773.0007647123301
0.00364675                0.055                    0.861464459409898        773.0007645173614
0.003686                  0.055                    0.7709478744792604       773.0007643394905
0.00372525                0.055                    0.6791234000248716       773.0007641791035
0.0037645                 0.055                    0.585992265189453        773.0007640362337
0.00380375                0.055                    0.4915615471660099       773.0007639119741
0.0038429999999999996     0.055                    0.39583232244798083      773.0007638064542
0.00388225                0.055                    0.29880864453813194      773.0007637210521
0.0039215                 0.055                    0.20049330834286577      773.0007636574619
0.00396075                0.055                    0.1008894394440943       773.0007636178063
0.004                     0.055                    2.81168170843784E-15     773.0007636041316
7.5E-5                    0.0572                   1.1871722312900612E-16   773.0014143385092
1.1424999999999999E-4     0.0572                   0.6229386391683768       773.0014143491362
1.535E-4                  0.0572                   1.0582909052237903       773.0014143722299
1.9275E-4                 0.0572                   1.3920379529643099       773.0014144035256
2.32E-4                   0.0572                   1.6621356836167578       773.0014144411753
2.7125E-4                 0.0572                   1.886755569922576        773.0014144839924
3.1049999999999996E-4     0.0572                   2.0803985711141326       773.0014145307103
3.4974999999999996E-4     0.0572                   2.2465772931604677       773.0014145810233
3.8899999999999997E-4     0.0572                   2.3949455848322887       773.0014146346124
4.2825E-4                 0.0572                   2.5257525400190377       773.0014146916589
4.675E-4                  0.0572                   2.642173013052909        773.0014147477974
5.0675E-4                 0.0572                   2.748543211749507        773.0014147987664
5.459999999999999E-4      0.0572                   2.844800708796865        773.0014148447221
5.852499999999999E-4      0.0572                   2.931508944010583        773.0014148840482
6.245E-4                  0.0572                   3.0103596024989314       773.0014149155239
6.6375E-4                 0.0572                   3.082634007505121        773.0014149381499
7.03E-4                   0.0572                   3.148332158159126        773.0014149519247
7.4225E-4                 0.0572                   3.208008174894214        773.0014149567428
7.815E-4                  0.0572                   3.2626654222852234       773.001414952576
8.2075E-4                 0.0572                   3.3122364927154493       773.0014149393394
8.6E-4                    0.0572                   3.3572886253464547       773.0014149163476
8.9925E-4                 0.0572                   3.397989168555867        773.0014148839832
9.385E-4                  0.0572                   3.4349601365894658       773.0014148403297
9.7775E-4                 0.0572                   3.4682611001085553       773.0014147842495
0.001017                  0.0572                   3.497892059106501        773.0014147157423
0.00105625                0.0572                   3.5238764629715047       773.0014146346118
0.0010955                 0.0572                   3.5468951956668837       773.0014145396544
0.00113475                0.0572                   3.566958637765297        773.0014144300694
0.001174                  0.0572                   3.5840687222874865       773.0014143057274
0.00121325                0.0572                   3.5982992416939577       773.0014141691661
0.0012525                 0.0572                   3.6098806426920316       773.0014140245855
0.00129175                0.0572                   3.618841306751581        773.0014138691937
0.001331                  0.0572                   3.625269890272365        773.0014137078721
0.00137025                0.0572                   3.629288633632659        773.0014135385013
0.0014095                 0.0572                   3.6309896848770626       773.0014133597791
0.00144875                0.0572                   3.630373044009596        773.001413171705
0.001488                  0.0572                   3.627462125441061        773.0014129736385
0.00152725                0.0572                   3.622420166913926        773.0014127637668
0.0015665                 0.0572                   3.615280919700833        773.001412542337
0.00160575                0.0572                   3.6060443838000027       773.0014123093491
0.001645                  0.0572                   3.5947718258880825       773.0014120642979
0.00168425                0.0572                   3.5815309420360104       773.0014118076558
0.0017235                 0.0572                   3.566328455153687        773.0014115393947
0.00176275                0.0572                   3.5492068988720678       773.001411259517
0.001802                  0.0572                   3.5302230170007602       773.0014109694677
0.00184125                0.0572                   3.5094122169985353       773.0014106690293
0.0018805                 0.0572                   3.4867638022740075       773.0014103579783
0.00191975                0.0572                   3.4623151503142124       773.0014100360563
0.001959                  0.0572                   3.436115540511332        773.0014097046535
0.00199825                0.0572                   3.4081929639771364       773.0014093662214
0.0020375                 0.0572                   3.378549288019323        773.0014090207883
0.00207675                0.0572                   3.3472100317510978       773.0014086676342
0.002116                  0.0572                   3.3141892381480678       773.0014083088591
0.00215525                0.0572                   3.279531880342068        773.0014079483946
0.0021945                 0.0572                   3.2432431700926796       773.0014075880207
0.00223375                0.0572                   3.205324936914643        773.0014072271643
0.002273                  0.0572                   3.1658198165588254       773.0014068596962
0.00231225                0.0572                   3.124735902954583        773.0014064851276
0.0023515                 0.0572                   3.0820743228100245       773.0014061033258
0.00239075                0.0572                   3.037852163092476        773.00140571353
0.00243                   0.0572                   2.9921034796723682       773.0014053204966
0.00246925                0.0572                   2.944828137282074        773.0014049234726
0.0025085                 0.0572                   2.8960261359216184       773.001404522458
0.00254775                0.0572                   2.8457176641982946       773.0014041186851
0.002587                  0.0572                   2.7939295945291156       773.0014037100722
0.0026262499999999997     0.0572                   2.740662029068606        773.0014032965122
0.0026655                 0.0572                   2.6859143199838424       773.0014028776312
0.0027047499999999997     0.0572                   2.6296964642921585       773.0014024496523
0.002744                  0.0572                   2.572033737078052        773.0014020134752
0.0027832499999999997     0.0572                   2.5129318783581414       773.0014015774176
0.0028225                 0.0572                   2.4523933043070394       773.0014011436924
0.0028617499999999997     0.0572                   2.390419582207369        773.0014007126729
0.002901                  0.0572                   2.327031939515913        773.0014002926066
0.0029402499999999997     0.0572                   2.262234542608843        773.0013998847692
0.0029795                 0.0572                   2.196027731085551        773.001399489472
0.0030187499999999997     0.0572                   2.128425256217076        773.0013991051808
0.003058                  0.0572                   2.059434345377538        773.001398727553
0.0030972499999999997     0.0572                   1.989057400694427        773.0013983565374
0.0031365                 0.0572                   1.9172960276346502       773.0013979910777
0.0031757499999999998     0.0572                   1.8441676535668905       773.0013976332905
0.003215                  0.0572                   1.76967624836571         773.0013972846405
0.0032542499999999998     0.0572                   1.6938218120310922       773.001396945127
0.0032935                 0.0572                   1.6166045758494214       773.0013966147629
0.0033327499999999998     0.0572                   1.5380388064806658       773.0013962957207
0.003372                  0.0572                   1.4581324338717556       773.001395989289
0.00341125                0.0572                   1.3768854580900156       773.001395695468
0.0034505                 0.0572                   1.294297879135439        773.0013954142574
0.00348975                0.0572                   1.2103750435481644       773.0013951465725
0.003529                  0.0572                   1.1251295222710032       773.0013948944014
0.00356825                0.0572                   1.0385615793267444       773.0013946577536
0.0036075                 0.0572                   0.9506711427561444       773.0013944365878
0.00364675                0.0572                   0.8614643282688388       773.0013942319069
0.003686                  0.0572                   0.7709485104529428       773.0013940449088
0.00372525                0.0572                   0.6791236490569653       773.0013938756617
0.0037645                 0.0572                   0.5859926669644583       773.0013937246553
0.00380375                0.0572                   0.49156191590461396      773.0013935929829
0.0038429999999999996     0.0572                   0.3958324735775231       773.0013934806811
0.00388225                0.0572                   0.298808858836354        773.0013933896274
0.0039215                 0.0572                   0.20049346618415578      773.001393321568
0.00396075                0.0572                   0.1008895220259333       773.0013932790481
0.004                     0.0572                   1.7566387033926624E-16   773.0013932643634
7.5E-5                    0.0594                   1.21230841939918E-16     773.0019768378526
1.1424999999999999E-4     0.0594                   0.6228835696375202       773.0019768493416
1.535E-4                  0.0594                   1.0580705958020575       773.0019768746498
1.9275E-4                 0.0594                   1.3918722357571056       773.0019769068947
2.32E-4                   0.0594                   1.6623857380339595       773.001976943298
2.7125E-4                 0.0594                   1.8865845932778682       773.0019769836972
3.1049999999999996E-4     0.0594                   2.080047077533016        773.0019770281358
3.4974999999999996E-4     0.0594                   2.246530058793872        773.0019770765718
3.8899999999999997E-4     0.0594                   2.3941991795033006       773.0019771253001
4.2825E-4                 0.0594                   2.5264612486941913       773.0019771726459
4.675E-4                  0.0594                   2.6433253524604323       773.0019772186505
5.0675E-4                 0.0594                   2.7481380285140906       773.0019772614298
5.459999999999999E-4      0.0594                   2.8443558605894848       773.0019772995772
5.852499999999999E-4      0.0594                   2.931860203512659        773.0019773335317
6.245E-4                  0.0594                   3.010651055383918        773.0019773632937
6.6375E-4                 0.0594                   3.082036294447217        773.0019773899395
7.03E-4                   0.0594                   3.1478160820459773       773.0019774085401
7.4225E-4                 0.0594                   3.208018290493969        773.0019774192215
7.815E-4                  0.0594                   3.262809587509299        773.0019774235774
8.2075E-4                 0.0594                   3.3122294517011364       773.0019774215918
8.6E-4                    0.0594                   3.3571628549334345       773.0019774101762
8.9925E-4                 0.0594                   3.3981308385032567       773.0019773921323
9.385E-4                  0.0594                   3.435133402482905        773.0019773674603
9.7775E-4                 0.0594                   3.468141587055197        773.0019773362544
0.001017                  0.0594                   3.4976387097123025       773.0019772983517
0.00105625                0.0594                   3.5239343751236953       773.0019772573609
0.0010955                 0.0594                   3.547027056995726        773.00197721364
0.00113475                0.0594                   3.566946619878937        773.0019771671058
0.001174                  0.0594                   3.5840012637976373       773.0019771206146
0.00121325                0.0594                   3.5982959341811322       773.0019770749204
0.0012525                 0.0594                   3.6098756195373864       773.001977026827
0.00129175                0.0594                   3.6188191641066236       773.001976975966
0.001331                  0.0594                   3.6252750995438254       773.0019769204239
0.00137025                0.0594                   3.6293077511885836       773.0019768541406
0.0014095                 0.0594                   3.6309688329582985       773.0019767740167
0.00144875                0.0594                   3.6303327356641653       773.0019766735892
0.001488                  0.0594                   3.6274722981296574       773.0019765492231
0.00152725                0.0594                   3.622422612625548        773.0019763990379
0.0015665                 0.0594                   3.615276155946935        773.0019762228825
0.00160575                0.0594                   3.606041290535939        773.0019760203221
0.001645                  0.0594                   3.594784234573584        773.0019757893841
0.00168425                0.0594                   3.5815289037328957       773.0019755340425
0.0017235                 0.0594                   3.566320516643582        773.001975255431
0.00176275                0.0594                   3.5492229869496743       773.0019749615701
0.001802                  0.0594                   3.5302372190412914       773.001974653519
0.00184125                0.0594                   3.509394687521491        773.0019743380838
0.0018805                 0.0594                   3.48675050347141         773.0019740203684
0.00191975                0.0594                   3.4623232913650557       773.0019736976587
0.001959                  0.0594                   3.436116711682119        773.0019733673281
0.00199825                0.0594                   3.4081868389194763       773.0019730265583
0.0020375                 0.0594                   3.378548770325971        773.0019726758284
0.00207675                0.0594                   3.347203323172679        773.0019723151559
0.002116                  0.0594                   3.3141928585740525       773.001971945957
0.00215525                0.0594                   3.2795394432396714       773.001971568893
0.0021945                 0.0594                   3.243243103672987        773.0019711840057
0.00223375                0.0594                   3.2053261597444953       773.0019707903117
0.002273                  0.0594                   3.165824167099434        773.0019703891713
0.00231225                0.0594                   3.1247375017370196       773.001969980842
0.0023515                 0.0594                   3.0820689236800534       773.0019695655403
0.00239075                0.0594                   3.0378551514180416       773.0019691435153
0.00243                   0.0594                   2.992108082367739        773.0019687156182
0.00246925                0.0594                   2.9448277111391263       773.0019682817923
0.0025085                 0.0594                   2.8960218435089127       773.0019678420058
0.00254775                0.0594                   2.8457232726142805       773.0019673976057
0.002587                  0.0594                   2.793935609481585        773.0019669489859
0.0026262499999999997     0.0594                   2.740658854110877        773.0019664961462
0.0026655                 0.0594                   2.6859046060161655       773.0019660400059
0.0027047499999999997     0.0594                   2.6296983199361774       773.0019655843338
0.002744                  0.0594                   2.5720407061934565       773.0019651293903
0.0027832499999999997     0.0594                   2.512932200180834        773.0019646752104
0.0028225                 0.0594                   2.4523893807934414       773.0019642224687
0.0028617499999999997     0.0594                   2.390419644206074        773.0019637694257
0.002901                  0.0594                   2.327033662421241        773.0019633190599
0.0029402499999999997     0.0594                   2.262234326451946        773.0019628732875
0.0029795                 0.0594                   2.196028199015309        773.001962433916
0.0030187499999999997     0.0594                   2.128426594241473        773.0019619996665
0.003058                  0.0594                   2.059436050630851        773.0019615700148
0.0030972499999999997     0.0594                   1.9890573860365879       773.0019611451072
0.0031365                 0.0594                   1.9172964887316377       773.0019607216519
0.0031757499999999998     0.0594                   1.844168338264092        773.0019603059324
0.003215                  0.0594                   1.769674253553785        773.0019598997666
0.0032542499999999998     0.0594                   1.6938201154731718       773.0019595056316
0.0032935                 0.0594                   1.6166074475695928       773.001959124634
0.0033327499999999998     0.0594                   1.5380428188093913       773.0019587612157
0.003372                  0.0594                   1.4581314726147159       773.0019584137488
0.00341125                0.0594                   1.376881254120331        773.0019580822863
0.0034505                 0.0594                   1.2942963379843921       773.0019577683955
0.00348975                0.0594                   1.2103767242069394       773.0019574720772
0.003529                  0.0594                   1.1251301858053633       773.0019571926732
0.00356825                0.0594                   1.0385609748912736       773.0019569305261
0.0036075                 0.0594                   0.9506725901490517       773.0019566858157
0.00364675                0.0594                   0.8614650589856445       773.0019564585468
0.003686                  0.0594                   0.770948309541028        773.0019562511027
0.00372525                0.0594                   0.6791236602441495       773.0019560645399
0.0037645                 0.0594                   0.5859926906154239       773.0019558987633
0.00380375                0.0594                   0.4915620679064805       773.0019557542262
0.0038429999999999996     0.0594                   0.39583263955417597      773.0019556312998
0.00388225                0.0594                   0.2988089440022204       773.0019555315253
0.0039215                 0.0594                   0.2004935299547067       773.0019554570256
0.00396075                0.0594                   0.10088956433148158      773.0019554104751
0.004                     0.0594                   3.1713157527159203E-15   773.0019553943914
7.5E-5                    0.0616                   2.395452360807543E-16    773.0024691981037
1.1424999999999999E-4     0.0616                   0.6229146718293619       773.0024692124077
1.535E-4                  0.0616                   1.0582431548690054       773.0024692442091
1.9275E-4                 0.0616                   1.3920671628386856       773.0024692879476
2.32E-4                   0.0616                   1.6622227825529459       773.0024693408809
2.7125E-4                 0.0616                   1.8867489600857315       773.0024694012499
3.1049999999999996E-4     0.0616                   2.080302530109796        773.0024694678946
3.4974999999999996E-4     0.0616                   2.2459762799811114       773.0024695405408
3.8899999999999997E-4     0.0616                   2.3945085685406187       773.0024696182799
4.2825E-4                 0.0616                   2.526913992646703        773.0024697010197
4.675E-4                  0.0616                   2.6431283307236924       773.0024697885569
5.0675E-4                 0.0616                   2.747891777286413        773.0024698735509
5.459999999999999E-4      0.0616                   2.8437852700025403       773.0024699488017
5.852499999999999E-4      0.0616                   2.9314492994509305       773.0024700137535
6.245E-4                  0.0616                   3.010883864789544        773.0024700684056
6.6375E-4                 0.0616                   3.0822974668278147       773.0024701122262
7.03E-4                   0.0616                   3.147838833055515        773.0024701430106
7.4225E-4                 0.0616                   3.207821165141116        773.0024701620398
7.815E-4                  0.0616                   3.262661065207853        773.0024701702641
8.2075E-4                 0.0616                   3.312518356758955        773.0024701670021
8.6E-4                    0.0616                   3.3573893400727597       773.0024701522318
8.9925E-4                 0.0616                   3.3981251451086094       773.0024701259398
9.385E-4                  0.0616                   3.435095208267341        773.002470087525
9.7775E-4                 0.0616                   3.4682824476528538       773.0024700369711
0.001017                  0.0616                   3.4977028263888386       773.0024699742271
0.00105625                0.0616                   3.5238383430035363       773.002469898382
0.0010955                 0.0616                   3.5469180739330968       773.002469809814
0.00113475                0.0616                   3.56701921220789         773.002469708178
0.001174                  0.0616                   3.584105964914196        773.002469593592
0.00121325                0.0616                   3.598279624990827        773.0024694658946
0.0012525                 0.0616                   3.609842997836391        773.002469324935
0.00129175                0.0616                   3.618845215458835        773.0024691709685
0.001331                  0.0616                   3.625311817388352        773.0024690039686
0.00137025                0.0616                   3.6292964891000405       773.0024688239446
0.0014095                 0.0616                   3.6309731881437215       773.0024686313137
0.00144875                0.0616                   3.6303542991777595       773.0024684261734
0.001488                  0.0616                   3.62747863460566         773.0024682079978
0.00152725                0.0616                   3.6224143264328883       773.0024679770293
0.0015665                 0.0616                   3.6152755832871644       773.0024677327496
0.00160575                0.0616                   3.6060654550500963       773.0024674751402
0.001645                  0.0616                   3.594776115592572        773.0024672044084
0.00168425                0.0616                   3.5815165376319866       773.0024669190235
0.0017235                 0.0616                   3.5663293873877375       773.00246661855
0.00176275                0.0616                   3.5492319691267102       773.002466302746
0.001802                  0.0616                   3.530230751637217        773.002465971502
0.00184125                0.0616                   3.5094000035477495       773.0024656233466
0.0018805                 0.0616                   3.486757590518647        773.0024652578198
0.00191975                0.0616                   3.46232594633013         773.0024648747674
0.001959                  0.0616                   3.43611830924248         773.0024644741346
0.00199825                0.0616                   3.4081900945364927       773.0024640552482
0.0020375                 0.0616                   3.3785518317773438       773.0024636183241
0.00207675                0.0616                   3.3472080584263217       773.0024631634062
0.002116                  0.0616                   3.3141940716756566       773.0024626949273
0.00215525                0.0616                   3.2795395827481197       773.0024622234123
0.0021945                 0.0616                   3.243245456336013        773.0024617482817
0.00223375                0.0616                   3.2053276955449834       773.0024612736182
0.002273                  0.0616                   3.1658243449415786       773.002460800095
0.00231225                0.0616                   3.1247368352488607       773.0024603271675
0.0023515                 0.0616                   3.082065877685831        773.0024598444724
0.00239075                0.0616                   3.037852950935531        773.0024593582898
0.00243                   0.0616                   2.9921085924483317       773.0024588673298
0.00246925                0.0616                   2.944832583662222        773.0024583714512
0.0025085                 0.0616                   2.8960262205859215       773.0024578709077
0.00254775                0.0616                   2.8457225558748007       773.0024573717478
0.002587                  0.0616                   2.793934456981932        773.0024568761738
0.0026262499999999997     0.0616                   2.740661923907365        773.0024563841863
0.0026655                 0.0616                   2.6859073479864684       773.0024558976472
0.0027047499999999997     0.0616                   2.629698404059683        773.00245541586
0.002744                  0.0616                   2.5720408921631783       773.0024549341317
0.0027832499999999997     0.0616                   2.512934923680542        773.0024544526375
0.0028225                 0.0616                   2.452386242850016        773.0024539689811
0.0028617499999999997     0.0616                   2.390419172831237        773.0024534850469
0.002901                  0.0616                   2.3270362953836337       773.002453002196
0.0029402499999999997     0.0616                   2.262237827397407        773.0024525200631
0.0029795                 0.0616                   2.1960270434796136       773.0024520391436
0.0030187499999999997     0.0616                   2.128424966196452        773.0024515643329
0.003058                  0.0616                   2.0594355531572965       773.0024510958236
0.0030972499999999997     0.0616                   1.9890586861671213       773.0024506339435
0.0031365                 0.0616                   1.9172967367306506       773.0024501809758
0.0031757499999999998     0.0616                   1.8441684428407603       773.0024497409039
0.003215                  0.0616                   1.769677000852709        773.0024493136641
0.0032542499999999998     0.0616                   1.6938220342254644       773.0024489008874
0.0032935                 0.0616                   1.6166044882387336       773.0024485029198
0.0033327499999999998     0.0616                   1.5380399143034602       773.0024481221141
0.003372                  0.0616                   1.4581335595232638       773.0024477593644
0.00341125                0.0616                   1.376885423898278        773.0024474146704
0.0034505                 0.0616                   1.2942951272114236       773.002447088702
0.00348975                0.0616                   1.2103758133015374       773.0024467804449
0.003529                  0.0616                   1.1251315434395848       773.0024464892532
0.00356825                0.0616                   1.0385623176254344       773.0024462151266
0.0036075                 0.0616                   0.9506702258697798       773.0024459575243
0.00364675                0.0616                   0.8614643802393928       773.0024457191072
0.003686                  0.0616                   0.7709490761056883       773.0024455016448
0.00372525                0.0616                   0.6791240348916571       773.0024453045801
0.0037645                 0.0616                   0.5859928498057285       773.0024451287263
0.00380375                0.0616                   0.4915619967024604       773.0024449755118
0.0038429999999999996     0.0616                   0.39583254201791895      773.0024448451011
0.00388225                0.0616                   0.2988090074418432       773.0024447394308
0.0039215                 0.0616                   0.20049350751208564      773.0024446602887
0.00396075                0.0616                   0.10088954224142699      773.0024446107985
0.004                     0.0616                   1.3287370557834897E-15   773.0024445936799
7.5E-5                    0.06380000000000001      0                        773.002878287828
1.1424999999999999E-4     0.06380000000000001      0.6229582932004817       773.0028783001341
1.535E-4                  0.06380000000000001      1.0582422450637645       773.0028783264839
1.9275E-4                 0.06380000000000001      1.3920841726949138       773.0028783616058
2.32E-4                   0.06380000000000001      1.6621845958172505       773.0028784033312
2.7125E-4                 0.06380000000000001      1.8868004502807363       773.0028784503127
3.1049999999999996E-4     0.06380000000000001      2.0803069856191376       773.0028785014877
3.4974999999999996E-4     0.06380000000000001      2.246191648592952        773.0028785567225
3.8899999999999997E-4     0.06380000000000001      2.394754447620811        773.0028786152668
4.2825E-4                 0.06380000000000001      2.5264688016126673       773.002878677178
4.675E-4                  0.06380000000000001      2.6425702730932965       773.0028787412839
5.0675E-4                 0.06380000000000001      2.7481300711922474       773.0028788009745
5.459999999999999E-4      0.06380000000000001      2.8441806826874636       773.0028788534664
5.852499999999999E-4      0.06380000000000001      2.931613464756998        773.0028788983267
6.245E-4                  0.06380000000000001      3.0104780798907913       773.0028789353894
6.6375E-4                 0.06380000000000001      3.082420680080994        773.0028789645326
7.03E-4                   0.06380000000000001      3.1482149655418943       773.0028789863471
7.4225E-4                 0.06380000000000001      3.2079574585010047       773.0028790008963
7.815E-4                  0.06380000000000001      3.26254152331658         773.0028790082156
8.2075E-4                 0.06380000000000001      3.312103767124987        773.0028790078571
8.6E-4                    0.06380000000000001      3.3573868740062895       773.002879000297
8.9925E-4                 0.06380000000000001      3.3984647273499458       773.0028789856301
9.385E-4                  0.06380000000000001      3.435307768964755        773.0028789638138
9.7775E-4                 0.06380000000000001      3.4680644995516676       773.0028789356053
0.001017                  0.06380000000000001      3.4976338288011664       773.0028788993991
0.00105625                0.06380000000000001      3.52395498751997         773.00287885161
0.0010955                 0.06380000000000001      3.5470276080795866       773.0028787922677
0.00113475                0.06380000000000001      3.5669771740296103       773.0028787166669
0.001174                  0.06380000000000001      3.584060363111825        773.002878618397
0.00121325                0.06380000000000001      3.5982881137757015       773.0028785030003
0.0012525                 0.06380000000000001      3.609849293996742        773.002878377333
0.00129175                0.06380000000000001      3.618822628002453        773.0028782489037
0.001331                  0.06380000000000001      3.625300539066424        773.0028781220813
0.00137025                0.06380000000000001      3.6293040298087833       773.0028779938891
0.0014095                 0.06380000000000001      3.630952590321281        773.0028778663202
0.00144875                0.06380000000000001      3.630355617398833        773.0028777327195
0.001488                  0.06380000000000001      3.6274992435510245       773.0028775906729
0.00152725                0.06380000000000001      3.62242340742992         773.0028774393556
0.0015665                 0.06380000000000001      3.615270240562178        773.0028772719633
0.00160575                0.06380000000000001      3.606055732730383        773.0028770886174
0.001645                  0.06380000000000001      3.5947992032296496       773.002876891206
0.00168425                0.06380000000000001      3.5815185366150684       773.0028766795275
0.0017235                 0.06380000000000001      3.5663224931740367       773.0028764496565
0.00176275                0.06380000000000001      3.5492294262552955       773.002876200456
0.001802                  0.06380000000000001      3.5302393358614674       773.0028759319263
0.00184125                0.06380000000000001      3.5093916833553687       773.0028756369264
0.0018805                 0.06380000000000001      3.486745228734721        773.0028753308254
0.00191975                0.06380000000000001      3.46233125615345         773.0028750104368
0.001959                  0.06380000000000001      3.436143780363194        773.0028746768612
0.00199825                0.06380000000000001      3.4081886980277427       773.0028743326278
0.0020375                 0.06380000000000001      3.3785362394982394       773.0028739891166
0.00207675                0.06380000000000001      3.3472045213973223       773.0028736342509
0.002116                  0.06380000000000001      3.314201864000059        773.0028732747444
0.00215525                0.06380000000000001      3.2795301624079096       773.002872909808
0.0021945                 0.06380000000000001      3.2432349556915163       773.0028725356391
0.00223375                0.06380000000000001      3.205334945882006        773.0028721547701
0.002273                  0.06380000000000001      3.1658301329792993       773.0028717672012
0.00231225                0.06380000000000001      3.124728333700035        773.0028713742867
0.0023515                 0.06380000000000001      3.0820655751631434       773.0028709758702
0.00239075                0.06380000000000001      3.037860956819162        773.0028705708486
0.00243                   0.06380000000000001      2.992112132128179        773.0028701594338
0.00246925                0.06380000000000001      2.9448203768739956       773.0028697413054
0.0025085                 0.06380000000000001      2.8960204479025764       773.0028693136705
0.00254775                0.06380000000000001      2.845726254844405        773.002868877442
0.002587                  0.06380000000000001      2.793938688033888        773.0028684325388
0.0026262499999999997     0.06380000000000001      2.740660656119845        773.0028679777319
0.0026655                 0.06380000000000001      2.6859032923357518       773.0028675133543
0.0027047499999999997     0.06380000000000001      2.629696194510028        773.0028670438248
0.002744                  0.06380000000000001      2.572040793664249        773.002866569659
0.0027832499999999997     0.06380000000000001      2.512936904316325        773.0028660936846
0.0028225                 0.06380000000000001      2.4523882024686134       773.0028656165073
0.0028617499999999997     0.06380000000000001      2.390419539949698        773.0028651407213
0.002901                  0.06380000000000001      2.3270355666257547       773.0028646668504
0.0029402499999999997     0.06380000000000001      2.2622358604317467       773.0028641945015
0.0029795                 0.06380000000000001      2.196026783095685        773.0028637259061
0.0030187499999999997     0.06380000000000001      2.1284262284284146       773.0028632636429
0.003058                  0.06380000000000001      2.0594359816308128       773.0028628067824
0.0030972499999999997     0.06380000000000001      1.9890561651451182       773.0028623554284
0.0031365                 0.06380000000000001      1.9172948383485084       773.0028619118962
0.0031757499999999998     0.06380000000000001      1.8441687841926606       773.0028614799934
0.003215                  0.06380000000000001      1.7696780026775418       773.0028610597211
0.0032542499999999998     0.06380000000000001      1.6938219968966024       773.0028606519659
0.0032935                 0.06380000000000001      1.6166030850356046       773.0028602584804
0.0033327499999999998     0.06380000000000001      1.538038942682705        773.0028598823737
0.003372                  0.06380000000000001      1.4581329727933616       773.002859524294
0.00341125                0.06380000000000001      1.3768851798723698       773.0028591845377
0.0034505                 0.06380000000000001      1.2942951044260196       773.0028588630587
0.00348975                0.06380000000000001      1.2103760252572262       773.0028585588637
0.003529                  0.06380000000000001      1.1251317460037547       773.002858271531
0.00356825                0.06380000000000001      1.0385622666656014       773.0028580010601
0.0036075                 0.06380000000000001      0.9506698982223954       773.0028577474167
0.00364675                0.06380000000000001      0.861464150856721        773.0028575131088
0.003686                  0.06380000000000001      0.7709489559992796       773.0028572995959
0.00372525                0.06380000000000001      0.6791240424384732       773.0028571060524
0.0037645                 0.06380000000000001      0.5859927246461724       773.002856933154
0.00380375                0.06380000000000001      0.4915620934646636       773.0028567821471
0.0038429999999999996     0.06380000000000001      0.3958326123602244       773.0028566530639
0.00388225                0.06380000000000001      0.29880890942051364      773.0028565480379
0.0039215                 0.06380000000000001      0.20049350049599485      773.0028564694185
0.00396075                0.06380000000000001      0.10088954329709274      773.0028564202321
0.004                     0.06380000000000001      4.477092441860511E-15    773.0028564032475
7.5E-5                    0.066                    3.546661337663422E-16    773.0032160606202
1.1424999999999999E-4     0.066                    0.6229456389772192       773.0032160734623
1.535E-4                  0.066                    1.0581607864624878       773.0032161016243
1.9275E-4                 0.066                    1.3920134678563147       773.0032161406126
2.32E-4                   0.066                    1.6621639315422125       773.003216188203
2.7125E-4                 0.066                    1.88666657042813         773.0032162438214
3.1049999999999996E-4     0.066                    2.08032187718775         773.0032163060158
3.4974999999999996E-4     0.066                    2.2464346333661966       773.0032163739048
3.8899999999999997E-4     0.066                    2.3947938702101337       773.0032164482179
4.2825E-4                 0.066                    2.5260216028800437       773.0032165292391
4.675E-4                  0.066                    2.642577054786256        773.0032166199757
5.0675E-4                 0.066                    2.7488680736089703       773.003216707945
5.459999999999999E-4      0.066                    2.845188825634023        773.0032167895852
5.852499999999999E-4      0.066                    2.9316171252241547       773.0032168653222
6.245E-4                  0.066                    3.009879933154514        773.0032169276249
6.6375E-4                 0.066                    3.082122473708378        773.0032169790741
7.03E-4                   0.066                    3.148350421604424        773.0032170198955
7.4225E-4                 0.066                    3.208555992177642        773.0032170501427
7.815E-4                  0.066                    3.26269646096537         773.0032170710152
8.2075E-4                 0.066                    3.311982878232194        773.003217083028
8.6E-4                    0.066                    3.357189450241541        773.0032170833997
8.9925E-4                 0.066                    3.3982371907845406       773.0032170718937
9.385E-4                  0.066                    3.4351454254742273       773.0032170488347
9.7775E-4                 0.066                    3.4680210421502187       773.0032170142622
0.001017                  0.066                    3.497592994892003        773.0032169657889
0.00105625                0.066                    3.5239510067622795       773.003216902091
0.0010955                 0.066                    3.547095077745259        773.0032168231689
0.00113475                0.066                    3.5670252078548237       773.0032167290225
0.001174                  0.066                    3.583960438689288        773.0032166170199
0.00121325                0.066                    3.598261980875282        773.003216490336
0.0012525                 0.066                    3.6099016858869235       773.0032163510436
0.00129175                0.066                    3.6188795537250322       773.0032161991431
0.001331                  0.066                    3.625267246885648        773.0032160341266
0.00137025                0.066                    3.6293015835024387       773.0032158556367
0.0014095                 0.066                    3.630990812840979        773.0032156640478
0.00144875                0.066                    3.6303465190963733       773.0032154602728
0.001488                  0.066                    3.627457255142741        773.0032152446813
0.00152725                0.066                    3.6224393098944527       773.0032150211362
0.0015665                 0.066                    3.6152929203069135       773.0032147884139
0.00160575                0.066                    3.6060313000217348       773.0032145481887
0.001645                  0.066                    3.5947711047214423       773.0032143053655
0.00168425                0.066                    3.5815399214109176       773.0032140585602
0.0017235                 0.066                    3.5663347449668366       773.003213806516
0.00176275                0.066                    3.5492143424076126       773.0032135514432
0.001802                  0.066                    3.530239526626213        773.0032132889083
0.00184125                0.066                    3.509413425365879        773.0032130202272
0.0018805                 0.066                    3.486747619087943        773.0032127450139
0.00191975                0.066                    3.4623171075704113       773.0032124600071
0.001959                  0.066                    3.4361343477951722       773.0032121645902
0.00199825                0.066                    3.408197842204312        773.0032118584915
0.0020375                 0.066                    3.3785361382271533       773.0032115410169
0.00207675                0.066                    3.3472042376204207       773.003211209901
0.002116                  0.066                    3.3142047646986317       773.0032108645935
0.00215525                0.066                    3.279538251815245        773.003210505103
0.0021945                 0.066                    3.2432313657339193       773.003210130463
0.00223375                0.066                    3.205329181243773        773.0032097404718
0.002273                  0.066                    3.165832186126154        773.0032093353233
0.00231225                0.066                    3.124737319542886        773.0032089157405
0.0023515                 0.066                    3.0820691878386715       773.003208479717
0.00239075                0.066                    3.037858793661012        773.0032080325533
0.00243                   0.066                    2.992109767868414        773.0032075743652
0.00246925                0.066                    2.9448230283185417       773.0032071049385
0.0025085                 0.066                    2.8960223959350877       773.0032066314109
0.00254775                0.066                    2.8457261909167104       773.003206153958
0.002587                  0.066                    2.793935066100983        773.0032056724976
0.0026262499999999997     0.066                    2.740654375749782        773.003205188895
0.0026655                 0.066                    2.6859075456013786       773.0032047053
0.0027047499999999997     0.066                    2.629702610348464        773.0032042226641
0.002744                  0.066                    2.572039186715546        773.0032037408814
0.0027832499999999997     0.066                    2.5129283458888687       773.0032032600938
0.0028225                 0.066                    2.452389137466108        773.0032027774322
0.0028617499999999997     0.066                    2.390422152443499        773.0032022930317
0.002901                  0.066                    2.327033625802335        773.0032018111149
0.0029402499999999997     0.066                    2.262233489133278        773.0032013339671
0.0029795                 0.066                    2.196030380145778        773.0032008650735
0.0030187499999999997     0.066                    2.12842514327955         773.0032004040313
0.003058                  0.066                    2.059432780280567        773.0031999487359
0.0030972499999999997     0.066                    1.9890565485711653       773.003199505214
0.0031365                 0.066                    1.917298889984127        773.0031990712073
0.0031757499999999998     0.066                    1.8441693543651967       773.0031986515847
0.003215                  0.066                    1.7696755142654474       773.003198246385
0.0032542499999999998     0.066                    1.693818789065396        773.0031978543707
0.0032935                 0.066                    1.6166010517720883       773.0031974739395
0.0033327499999999998     0.066                    1.5380387295163982       773.0031971068298
0.003372                  0.066                    1.4581342431813609       773.0031967539703
0.00341125                0.066                    1.376887592766976        773.0031964153611
0.0034505                 0.066                    1.2942984109553635       773.0031960909001
0.00348975                0.066                    1.2103752905535736       773.003195781168
0.003529                  0.066                    1.1251301147448705       773.0031954880995
0.00356825                0.066                    1.0385623251564402       773.0031952120279
0.0036075                 0.066                    0.9506719217882771       773.0031949529525
0.00364675                0.066                    0.8614644194263289       773.0031947128541
0.003686                  0.066                    0.7709482313119377       773.003194493575
0.00372525                0.066                    0.6791234003406295       773.0031942950075
0.0037645                 0.066                    0.5859925277314015       773.0031941179296
0.00380375                0.066                    0.49156186312178257      773.0031939632048
0.0038429999999999996     0.066                    0.3958324257199889       773.0031938313136
0.00388225                0.066                    0.2988088308249179       773.0031937239722
0.0039215                 0.066                    0.20049342967595699      773.0031936434283
0.00396075                0.066                    0.10088950431243623      773.003193592879
0.004                     0.066                    3.220201396926155E-15    773.0031935753632
7.5E-5                    0.06820000000000001      0                        773.0034786901324
1.1424999999999999E-4     0.06820000000000001      0.6228505470608781       773.0034787028011
1.535E-4                  0.06820000000000001      1.0579436926035937       773.003478729794
1.9275E-4                 0.06820000000000001      1.3919802321281427       773.0034787656618
2.32E-4                   0.06820000000000001      1.662286607393696        773.0034788086325
2.7125E-4                 0.06820000000000001      1.8865229903396945       773.003478856999
3.1049999999999996E-4     0.06820000000000001      2.0802037218920026       773.0034789085208
3.4974999999999996E-4     0.06820000000000001      2.246676301091973        773.0034789623246
3.8899999999999997E-4     0.06820000000000001      2.3941560116763836       773.0034790196639
4.2825E-4                 0.06820000000000001      2.5261659658628233       773.0034790792507
4.675E-4                  0.06820000000000001      2.642997714615839        773.0034791401907
5.0675E-4                 0.06820000000000001      2.7486980717500895       773.0034791993953
5.459999999999999E-4      0.06820000000000001      2.844780162235961        773.0034792563213
5.852499999999999E-4      0.06820000000000001      2.931842082096117        773.0034793046295
6.245E-4                  0.06820000000000001      3.0103227441220297       773.0034793501263
6.6375E-4                 0.06820000000000001      3.082022438613536        773.0034793945247
7.03E-4                   0.06820000000000001      3.1480168126493986       773.0034794371877
7.4225E-4                 0.06820000000000001      3.2083058645780382       773.0034794781146
7.815E-4                  0.06820000000000001      3.2628868062087157       773.0034795163359
8.2075E-4                 0.06820000000000001      3.31206231158142         773.0034795514225
8.6E-4                    0.06820000000000001      3.3571316193002048       773.0034795807577
8.9925E-4                 0.06820000000000001      3.398152489254859        773.0034796018318
9.385E-4                  0.06820000000000001      3.4351128714633004       773.0034796151002
9.7775E-4                 0.06820000000000001      3.4680646866084306       773.0034796193548
0.001017                  0.06820000000000001      3.4976333988975488       773.0034796114878
0.00105625                0.06820000000000001      3.5239567500825206       773.0034795955173
0.0010955                 0.06820000000000001      3.547029423899711        773.0034795715083
0.00113475                0.06820000000000001      3.566931759287568        773.0034795428082
0.001174                  0.06820000000000001      3.5839953663171564       773.0034794980627
0.00121325                0.06820000000000001      3.598322827220407        773.0034794302367
0.0012525                 0.06820000000000001      3.609914141973113        773.0034793393299
0.00129175                0.06820000000000001      3.6188196307564726       773.0034792195835
0.001331                  0.06820000000000001      3.625281823257327        773.0034790684626
0.00137025                0.06820000000000001      3.6293267118817507       773.0034788926092
0.0014095                 0.06820000000000001      3.6309854391208467       773.0034786900917
0.00144875                0.06820000000000001      3.6303254646889176       773.0034784781233
0.001488                  0.06820000000000001      3.627477869132726        773.003478266947
0.00152725                0.06820000000000001      3.6224579205923426       773.0034780550359
0.0015665                 0.06820000000000001      3.6152680239071007       773.0034778425991
0.00160575                0.06820000000000001      3.6060312938744565       773.0034776206494
0.001645                  0.06820000000000001      3.5947884183849164       773.0034773810596
0.00168425                0.06820000000000001      3.581540462383046        773.0034771238205
0.0017235                 0.06820000000000001      3.5663156265124942       773.0034768441781
0.00176275                0.06820000000000001      3.549214652298322        773.0034765459271
0.001802                  0.06820000000000001      3.530246323346641        773.00347623158
0.00184125                0.06820000000000001      3.5094106396579874       773.0034759011361
0.0018805                 0.06820000000000001      3.4867510630039344       773.0034755570201
0.00191975                0.06820000000000001      3.4623249689525326       773.0034751973624
0.001959                  0.06820000000000001      3.4361318663394522       773.00347482151
0.00199825                0.06820000000000001      3.4081908964011722       773.0034744306586
0.0020375                 0.06820000000000001      3.3785443888421125       773.0034740249588
0.00207675                0.06820000000000001      3.347210764275027        773.0034736045817
0.002116                  0.06820000000000001      3.314194956898247        773.0034731705307
0.00215525                0.06820000000000001      3.2795355282875964       773.0034727212137
0.0021945                 0.06820000000000001      3.2432448404908114       773.0034722557589
0.00223375                0.06820000000000001      3.2053339427117895       773.0034717773924
0.002273                  0.06820000000000001      3.1658217787905176       773.0034712833982
0.00231225                0.06820000000000001      3.124735894628205        773.0034707773369
0.0023515                 0.06820000000000001      3.0820772707753328       773.0034702595658
0.00239075                0.06820000000000001      3.0378573173580503       773.00346973276
0.00243                   0.06820000000000001      2.9921043128542415       773.0034692038741
0.00246925                0.06820000000000001      2.9448292795070063       773.0034686709109
0.0025085                 0.06820000000000001      2.89603077959932         773.0034681331982
0.00254775                0.06820000000000001      2.845721570072199        773.003467588946
0.002587                  0.06820000000000001      2.7939318803067645       773.0034670372362
0.0026262499999999997     0.06820000000000001      2.7406628997384455       773.0034664786207
0.0026655                 0.06820000000000001      2.6859148677247          773.0034659128004
0.0027047499999999997     0.06820000000000001      2.6296972149978233       773.0034653385409
0.002744                  0.06820000000000001      2.572036867709256        773.0034647615846
0.0027832499999999997     0.06820000000000001      2.5129349954041964       773.0034641841419
0.0028225                 0.06820000000000001      2.4523931664167287       773.0034636064534
0.0028617499999999997     0.06820000000000001      2.390420178134376        773.0034630358541
0.002901                  0.06820000000000001      2.3270347968151457       773.0034624782306
0.0029402499999999997     0.06820000000000001      2.26223704896707         773.003461931597
0.0029795                 0.06820000000000001      2.1960280911545262       773.0034613972634
0.0030187499999999997     0.06820000000000001      2.1284257772463246       773.0034608775459
0.003058                  0.06820000000000001      2.059435400785523        773.0034603682464
0.0030972499999999997     0.06820000000000001      1.9890570643213963       773.0034598695098
0.0031365                 0.06820000000000001      1.9172961175634358       773.0034593802673
0.0031757499999999998     0.06820000000000001      1.844169716619374        773.0034589026748
0.003215                  0.06820000000000001      1.7696776784134929       773.0034584374415
0.0032542499999999998     0.06820000000000001      1.6938205598815848       773.0034579856656
0.0032935                 0.06820000000000001      1.616601479566495        773.0034575489984
0.0033327499999999998     0.06820000000000001      1.5380394087688427       773.0034571268121
0.003372                  0.06820000000000001      1.4581343474885298       773.0034567191071
0.00341125                0.06820000000000001      1.3768862957254857       773.0034563258827
0.0034505                 0.06820000000000001      1.2942973178263284       773.0034559478036
0.00348975                0.06820000000000001      1.2103747371979539       773.0034555863692
0.003529                  0.06820000000000001      1.1251304626959713       773.0034552461326
0.00356825                0.06820000000000001      1.0385634698423352       773.0034549271979
0.0036075                 0.06820000000000001      0.9506737586370292       773.003454629565
0.00364675                0.06820000000000001      0.8614652544513003       773.0034543546824
0.003686                  0.06820000000000001      0.7709485359005535       773.0034541047032
0.00372525                0.06820000000000001      0.6791237337546515       773.0034538791753
0.0037645                 0.06820000000000001      0.5859927063504392       773.0034536787509
0.00380375                0.06820000000000001      0.49156200546508355      773.0034535038737
0.0038429999999999996     0.06820000000000001      0.3958325989243077       773.0034533545785
0.00388225                0.06820000000000001      0.2988088650929423       773.0034532332393
0.0039215                 0.06820000000000001      0.20049345332296073      773.003453142618
0.00396075                0.06820000000000001      0.10088951422966347      773.0034530859091
0.004                     0.06820000000000001      2.408249431520161E-15    773.0034530663006
7.5E-5                    0.0704                   2.9844602627170977E-16   773.0036536518826
1.1424999999999999E-4     0.0704                   0.6228916871137147       773.003653668319
1.535E-4                  0.0704                   1.058177970158042        773.0036537044484
1.9275E-4                 0.0704                   1.3920444194144737       773.0036537530985
2.32E-4                   0.0704                   1.662191938475273        773.0036538115653
2.7125E-4                 0.0704                   1.8866451230272636       773.0036538780213
3.1049999999999996E-4     0.0704                   2.080418929328933        773.0036539507005
3.4974999999999996E-4     0.0704                   2.2460428685166174       773.0036540300777
3.8899999999999997E-4     0.0704                   2.3945634625406362       773.0036541153778
4.2825E-4                 0.0704                   2.5265569186653862       773.0036542068726
4.675E-4                  0.0704                   2.643034223009262        773.0036543024491
5.0675E-4                 0.0704                   2.748088925381461        773.0036543962145
5.459999999999999E-4      0.0704                   2.8440534450155246       773.003654482308
5.852499999999999E-4      0.0704                   2.9316939322339337       773.003654559015
6.245E-4                  0.0704                   3.0110103895436793       773.0036546263364
6.6375E-4                 0.0704                   3.0823216256172015       773.0036546842073
7.03E-4                   0.0704                   3.1476734245350224       773.0036547276088
7.4225E-4                 0.0704                   3.2079261862882857       773.003654754301
7.815E-4                  0.0704                   3.262852928623812        773.0036547652423
8.2075E-4                 0.0704                   3.312453650553578        773.0036547604324
8.6E-4                    0.0704                   3.3572356490375523       773.0036547406082
8.9925E-4                 0.0704                   3.3981197471329962       773.0036547046396
9.385E-4                  0.0704                   3.4350352636442354       773.0036546510661
9.7775E-4                 0.0704                   3.4682046521806815       773.003654581767
0.001017                  0.0704                   3.4976670365337545       773.0036544973952
0.00105625                0.0704                   3.523924263490756        773.0036543962162
0.0010955                 0.0704                   3.547034353594743        773.0036542773342
0.00113475                0.0704                   3.566997306844504        773.0036541407493
0.001174                  0.0704                   3.583973335562536        773.0036539857963
0.00121325                0.0704                   3.598276244335658        773.0036538097156
0.0012525                 0.0704                   3.6099057227556695       773.0036536124954
0.00129175                0.0704                   3.618861770823461        773.0036533941359
0.001331                  0.0704                   3.625291378355052        773.0036531584277
0.00137025                0.0704                   3.6293184559027054       773.0036529065516
0.0014095                 0.0704                   3.6309899919154653       773.0036526374163
0.00144875                0.0704                   3.6303440865037144       773.0036523532443
0.001488                  0.0704                   3.6274705938236176       773.0036520541554
0.00152725                0.0704                   3.6224569293117264       773.0036517396092
0.0015665                 0.0704                   3.6153030929691146       773.0036514096055
0.00160575                0.0704                   3.606030198855449        773.0036510641069
0.001645                  0.0704                   3.594769034833191        773.0036507037177
0.00168425                0.0704                   3.581541128240608        773.0036503284679
0.0017235                 0.0704                   3.566345984579183        773.0036499383584
0.00176275                0.0704                   3.5492199661483936       773.0036495335546
0.001802                  0.0704                   3.5302357173459518       773.0036491140035
0.00184125                0.0704                   3.5094103723004126       773.0036486801713
0.0018805                 0.0704                   3.486756258527156        773.0036482320425
0.00191975                0.0704                   3.4623211557376545       773.0036477693626
0.001959                  0.0704                   3.4361347097485098       773.0036472943567
0.00199825                0.0704                   3.4081969205600937       773.003646807025
0.0020375                 0.0704                   3.3785399115188475       773.0036463106184
0.00207675                0.0704                   3.347209197251311        773.0036458061627
0.002116                  0.0704                   3.3142044943347084       773.0036452926807
0.00215525                0.0704                   3.279533241536201        773.0036447676937
0.0021945                 0.0704                   3.2432412739504684       773.0036442271635
0.00223375                0.0704                   3.2053364953712102       773.003643673683
0.002273                  0.0704                   3.1658266506633272       773.0036431074122
0.00231225                0.0704                   3.1247276173772853       773.0036425297333
0.0023515                 0.0704                   3.0820747740027987       773.0036419452257
0.00239075                0.0704                   3.037868173678258        773.0036413540533
0.00243                   0.0704                   2.9921067494627986       773.0036407562286
0.00246925                0.0704                   2.944822041828246        773.0036401546422
0.0025085                 0.0704                   2.8960290467839225       773.0036395508456
0.00254775                0.0704                   2.8457309196190703       773.0036389446099
0.002587                  0.0704                   2.7939317524316842       773.0036383362957
0.0026262499999999997     0.0704                   2.740657616541985        773.0036377285438
0.0026655                 0.0704                   2.68591310213458         773.0036371218833
0.0027047499999999997     0.0704                   2.629703098061224        773.0036365163845
0.002744                  0.0704                   2.5720349265938562       773.0036359129336
0.0027832499999999997     0.0704                   2.5129315441011237       773.0036353155688
0.0028225                 0.0704                   2.452395989498131        773.0036347246247
0.0028617499999999997     0.0704                   2.3904262947284995       773.0036341391524
0.002901                  0.0704                   2.3270346645082136       773.0036335625891
0.0029402499999999997     0.0704                   2.262235617435366        773.0036329947853
0.0029795                 0.0704                   2.19603245135223         773.0036324348196
0.0030187499999999997     0.0704                   2.1284263438597546       773.0036318818618
0.003058                  0.0704                   2.0594325230663024       773.0036313334207
0.0030972499999999997     0.0704                   1.9890573974277368       773.0036307921737
0.0031365                 0.0704                   1.917301002918937        773.0036302579872
0.0031757499999999998     0.0704                   1.8441676261578264       773.0036297317596
0.003215                  0.0704                   1.7696686416041438       773.0036292185468
0.0032542499999999998     0.0704                   1.693816515636356        773.0036287208968
0.0032935                 0.0704                   1.6166112482545525       773.0036282388094
0.0033327499999999998     0.0704                   1.5380527416586853       773.0036277722393
0.003372                  0.0704                   1.4581392296030378       773.0036273204136
0.00341125                0.0704                   1.376882974770934        773.0036268867312
0.0034505                 0.0704                   1.2942957369114239       773.0036264738883
0.00348975                0.0704                   1.2103798690259968       773.0036260821349
0.003529                  0.0704                   1.1251353711146075       773.0036257114716
0.00356825                0.0704                   1.0385623724362654       773.0036253618985
0.0036075                 0.0704                   0.9506712324989868       773.0036250343198
0.00364675                0.0704                   0.8614648619085535       773.0036247309199
0.003686                  0.0704                   0.7709493646025335       773.0036244545402
0.00372525                0.0704                   0.6791246129747636       773.0036242052546
0.0037645                 0.0704                   0.5859927988199057       773.0036239830818
0.00380375                0.0704                   0.49156230014948044      773.0036237896682
0.0038429999999999996     0.0704                   0.3958328980985737       773.003623625079
0.00388225                0.0704                   0.2988091074329601       773.003623491736
0.0039215                 0.0704                   0.20049364606265893      773.0036233924718
0.00396075                0.0704                   0.100889625094055        773.0036233305137
0.004                     0.0704                   3.531569127169996E-15    773.0036233091398
7.5E-5                    0.0726                   1.1943916151973699E-16   773.003723695578
1.1424999999999999E-4     0.0726                   0.6228776444286692       773.0037237078046
1.535E-4                  0.0726                   1.0581796171744877       773.0037237329713
1.9275E-4                 0.0726                   1.3919912728056345       773.0037237679211
2.32E-4                   0.0726                   1.6622443058017027       773.0037238129537
2.7125E-4                 0.0726                   1.8866917060812847       773.0037238601963
3.1049999999999996E-4     0.0726                   2.080312503371681        773.0037239085591
3.4974999999999996E-4     0.0726                   2.246528048076537        773.0037239588767
3.8899999999999997E-4     0.0726                   2.3947519145099667       773.0037240138059
4.2825E-4                 0.0726                   2.525935036241077        773.0037240736248
4.675E-4                  0.0726                   2.6425057054308754       773.0037241395275
5.0675E-4                 0.0726                   2.748903833306727        773.0037242026732
5.459999999999999E-4      0.0726                   2.8451860807894493       773.0037242628805
5.852499999999999E-4      0.0726                   2.931619805028369        773.0037243185448
6.245E-4                  0.0726                   3.010026443916013        773.0037243632413
6.6375E-4                 0.0726                   3.0822950730632557       773.0037243997854
7.03E-4                   0.0726                   3.1484215763806693       773.0037244279592
7.4225E-4                 0.0726                   3.208376171974836        773.0037244482787
7.815E-4                  0.0726                   3.26239603135958         773.0037244613048
8.2075E-4                 0.0726                   3.311984325478533        773.0037244635729
8.6E-4                    0.0726                   3.35728555831299         773.0037244524447
8.9925E-4                 0.0726                   3.398296326441807        773.0037244294376
9.385E-4                  0.0726                   3.4350106893122176       773.0037243946833
9.7775E-4                 0.0726                   3.468029319799077        773.0037243442292
0.001017                  0.0726                   3.4976971654431352       773.0037242776617
0.00105625                0.0726                   3.523992638507465        773.0037241954614
0.0010955                 0.0726                   3.5469432680983326       773.0037240971532
0.00113475                0.0726                   3.566900671428774        773.0037239809354
0.001174                  0.0726                   3.584047207745805        773.0037238496708
0.00121325                0.0726                   3.5983570864166854       773.0037237021781
0.0012525                 0.0726                   3.6098562408748824       773.0037235390813
0.00129175                0.0726                   3.6188125894422876       773.003723361557
0.001331                  0.0726                   3.6252881868483953       773.0037231643125
0.00137025                0.0726                   3.6293356876680996       773.0037229433186
0.0014095                 0.0726                   3.630967879108488        773.0037227002689
0.00144875                0.0726                   3.6303143999842593       773.003722430392
0.001488                  0.0726                   3.62747889930797         773.0037221275159
0.00152725                0.0726                   3.6224613770804925       773.0037217916407
0.0015665                 0.0726                   3.6152911625989708       773.0037214255735
0.00160575                0.0726                   3.606033981351681        773.0037210332339
0.001645                  0.0726                   3.594771253687465        773.0037206202675
0.00168425                0.0726                   3.5815462278450623       773.0037202013158
0.0017235                 0.0726                   3.5663465836572175       773.003719775347
0.00176275                0.0726                   3.549210583381856        773.0037193497063
0.001802                  0.0726                   3.5302251554068853       773.0037189298076
0.00184125                0.0726                   3.5094120788685363       773.0037185100276
0.0018805                 0.0726                   3.4867713537635825       773.0037180903669
0.00191975                0.0726                   3.4623187902499946       773.0037176677014
0.001959                  0.0726                   3.4361084608739487       773.0037172313605
0.00199825                0.0726                   3.4081898665278527       773.0037167783454
0.0020375                 0.0726                   3.378558857278903        773.0037163127413
0.00207675                0.0726                   3.3472143305082307       773.0037158351281
0.002116                  0.0726                   3.314193574544055        773.0037153397343
0.00215525                0.0726                   3.2795363377019497       773.0037148348238
0.0021945                 0.0726                   3.2432459317845397       773.0037143224677
0.00223375                0.0726                   3.205331330590113        773.003713812446
0.002273                  0.0726                   3.165824481165532        773.0037133043943
0.00231225                0.0726                   3.1247369329920636       773.0037127949687
0.0023515                 0.0726                   3.0820767037018824       773.0037122847995
0.00239075                0.0726                   3.0378581073734576       773.0037117682282
0.00243                   0.0726                   2.9921110221928697       773.003711247103
0.00246925                0.0726                   2.944833375289278        773.0037107211162
0.0025085                 0.0726                   2.896029167146943        773.0037101899956
0.00254775                0.0726                   2.845725074089134        773.0037096567409
0.002587                  0.0726                   2.7939346821709496       773.0037091225299
0.0026262499999999997     0.0726                   2.740660410476489        773.0037085872891
0.0026655                 0.0726                   2.6859117729664175       773.0037080519714
0.0027047499999999997     0.0726                   2.629704327079479        773.0037075180428
0.002744                  0.0726                   2.572040283466324        773.0037069856331
0.0027832499999999997     0.0726                   2.5129316010447105       773.003706455483
0.0028225                 0.0726                   2.4523901914896644       773.0037059286936
0.0028617499999999997     0.0726                   2.390426771377631        773.0037054063619
0.002901                  0.0726                   2.3270386652120343       773.0037048882008
0.0029402499999999997     0.0726                   2.2622352041407243       773.0037043751221
0.0029795                 0.0726                   2.1960290816694767       773.0037038683581
0.0030187499999999997     0.0726                   2.1284286239846635       773.0037033687806
0.003058                  0.0726                   2.059434300559297        773.0037028764172
0.0030972499999999997     0.0726                   1.9890557976565928       773.0037023922666
0.0031365                 0.0726                   1.9173014811070317       773.0037019174472
0.0031757499999999998     0.0726                   1.844171950158714        773.0037014520058
0.003215                  0.0726                   1.7696737481182434       773.0037009967295
0.0032542499999999998     0.0726                   1.6938133218867193       773.0037005528599
0.0032935                 0.0726                   1.616604672104694        773.0037001225364
0.0033327499999999998     0.0726                   1.5380472890853742       773.0036997056235
0.003372                  0.0726                   1.4581394794236782       773.0036993017918
0.00341125                0.0726                   1.3768858267250585       773.0036989118104
0.0034505                 0.0726                   1.2942967678300135       773.0036985377814
0.00348975                0.0726                   1.2103791988767425       773.003698181059
0.003529                  0.0726                   1.1251350003585454       773.0036978420883
0.00356825                0.0726                   1.0385641722752075       773.0036975208692
0.0036075                 0.0726                   0.9506740099638482       773.0036972197242
0.00364675                0.0726                   0.8614654817910716       773.0036969393235
0.003686                  0.0726                   0.7709490031239106       773.0036966832332
0.00372525                0.0726                   0.6791244144027667       773.0036964523047
0.0037645                 0.0726                   0.5859930663216877       773.0036962466461
0.00380375                0.0726                   0.4915623133438162       773.003696067002
0.0038429999999999996     0.0726                   0.3958329590965306       773.0036959137132
0.00388225                0.0726                   0.2988091276947227       773.0036957891025
0.0039215                 0.0726                   0.20049364969690825      773.0036956960417
0.00396075                0.0726                   0.10088962184831678      773.0036956378173
0.004                     0.0726                   3.2380710807855224E-15   773.0036956176848
7.5E-5                    0.0748                   2.425158826276705E-16    773.0037030690103
1.1424999999999999E-4     0.0748                   0.6228825098134675       773.0037030841095
1.535E-4                  0.0748                   1.0581448911210052       773.0037031168065
1.9275E-4                 0.0748                   1.3919012765320309       773.0037031600901
2.32E-4                   0.0748                   1.6623503668589725       773.0037032091672
2.7125E-4                 0.0748                   1.8864660714433934       773.003703263138
3.1049999999999996E-4     0.0748                   2.0803805728919342       773.0037033199571
3.4974999999999996E-4     0.0748                   2.2461624809566474       773.0037033794433
3.8899999999999997E-4     0.0748                   2.394177109520542        773.0037034381825
4.2825E-4                 0.0748                   2.5265469181326647       773.0037034949561
4.675E-4                  0.0748                   2.643289499550093        773.0037035497135
5.0675E-4                 0.0748                   2.7484031515035223       773.0037036005476
5.459999999999999E-4      0.0748                   2.84466332255254         773.0037036442441
5.852499999999999E-4      0.0748                   2.932025912557674        773.0037036807744
6.245E-4                  0.0748                   3.0105070554361593       773.0037037101731
6.6375E-4                 0.0748                   3.0820808054189457       773.0037037305849
7.03E-4                   0.0748                   3.147988077644545        773.0037037424465
7.4225E-4                 0.0748                   3.2081972774475416       773.0037037458688
7.815E-4                  0.0748                   3.262708404825934        773.0037037408508
8.2075E-4                 0.0748                   3.31201803946292         773.0037037275632
8.6E-4                    0.0748                   3.357182236977627        773.0037037064594
8.9925E-4                 0.0748                   3.3981803070988867       773.0037036775557
9.385E-4                  0.0748                   3.4350311107928206       773.0037036409985
9.7775E-4                 0.0748                   3.468066328241976        773.0037035965443
0.001017                  0.0748                   3.497711462403723        773.0037035464293
0.00105625                0.0748                   3.5239735255491307       773.0037034891623
0.0010955                 0.0748                   3.546945312411359        773.0037034266815
0.00113475                0.0748                   3.5669655841787873       773.0037033559942
0.001174                  0.0748                   3.584065373388944        773.0037032753994
0.00121325                0.0748                   3.5982840972026753       773.0037031844903
0.0012525                 0.0748                   3.60987524651673         773.0037030760793
0.00129175                0.0748                   3.618866543020607        773.0037029476382
0.001331                  0.0748                   3.6252781792917905       773.0037027976904
0.00137025                0.0748                   3.6293064834907547       773.0037026213398
0.0014095                 0.0748                   3.6309957933054235       773.0037024204217
0.00144875                0.0748                   3.6303460379726338       773.0037021951275
0.001488                  0.0748                   3.6274616266956405       773.0037019454692
0.00152725                0.0748                   3.622442145514973        773.003701678695
0.0015665                 0.0748                   3.6152883290527114       773.0037013944282
0.00160575                0.0748                   3.6060285302031865       773.0037010969907
0.001645                  0.0748                   3.5947763735878          773.0037007822573
0.00168425                0.0748                   3.5815438865737326       773.0037004465481
0.0017235                 0.0748                   3.566338782245269        773.0037000854661
0.00176275                0.0748                   3.5492051881819267       773.0036996924958
0.001802                  0.0748                   3.5302301230586197       773.0036992751562
0.00184125                0.0748                   3.5094165761537943       773.0036988343144
0.0018805                 0.0748                   3.486765575594776        773.0036983684129
0.00191975                0.0748                   3.4623138415696313       773.0036978820891
0.001959                  0.0748                   3.4361258647411375       773.0036973822811
0.00199825                0.0748                   3.4082026638002585       773.0036968690551
0.0020375                 0.0748                   3.37854394087679         773.0036963431633
0.00207675                0.0748                   3.347203797502029        773.0036958079219
0.002116                  0.0748                   3.314203824439032        773.0036952610901
0.00215525                0.0748                   3.2795446121171095       773.0036947028739
0.0021945                 0.0748                   3.2432420714390644       773.0036941358766
0.00223375                0.0748                   3.205335638014779        773.0036935609165
0.002273                  0.0748                   3.1658312052686712       773.0036929772937
0.00231225                0.0748                   3.1247339038343607       773.0036923858139
0.0023515                 0.0748                   3.0820736728230775       773.0036917860683
0.00239075                0.0748                   3.0378633357709006       773.0036911831928
0.00243                   0.0748                   2.9921109699155695       773.0036905786507
0.00246925                0.0748                   2.9448279471212957       773.0036899773189
0.0025085                 0.0748                   2.8960324428703035       773.0036893774438
0.00254775                0.0748                   2.8457277371801775       773.0036887774104
0.002587                  0.0748                   2.793933294021054        773.0036881708882
0.0026262499999999997     0.0748                   2.740656294135846        773.0036875588257
0.0026655                 0.0748                   2.685909672527824        773.003686940666
0.0027047499999999997     0.0748                   2.629706221322675        773.0036863202845
0.002744                  0.0748                   2.572046032106868        773.0036856977367
0.0027832499999999997     0.0748                   2.512937977114499        773.0036850742491
0.0028225                 0.0748                   2.4523888037770716       773.0036844500368
0.0028617499999999997     0.0748                   2.3904205006676458       773.003683830772
0.002901                  0.0748                   2.327038472651776        773.0036832163534
0.0029402499999999997     0.0748                   2.2622427197295027       773.0036826067806
0.0029795                 0.0748                   2.196033241901051        773.003682002054
0.0030187499999999997     0.0748                   2.128426353980134        773.0036814042652
0.003058                  0.0748                   2.0594359488308465       773.0036808205426
0.0030972499999999997     0.0748                   1.9890608194104895       773.003680252656
0.0031365                 0.0748                   1.9173015407151421       773.0036797015041
0.0031757499999999998     0.0748                   1.8441722654609767       773.003679173249
0.003215                  0.0748                   1.7696785581786516       773.0036786651486
0.0032542499999999998     0.0748                   1.6938207416690938       773.0036781770374
0.0032935                 0.0748                   1.6166047558655767       773.0036777067769
0.0033327499999999998     0.0748                   1.5380441761366732       773.0036772554794
0.003372                  0.0748                   1.4581386935177503       773.003676823407
0.00341125                0.0748                   1.3768881909348092       773.0036764105475
0.0034505                 0.0748                   1.2942959320883263       773.0036760171218
0.00348975                0.0748                   1.2103773914140084       773.0036756443303
0.003529                  0.0748                   1.1251332973512216       773.0036752923187
0.00356825                0.0748                   1.0385642484875406       773.0036749613532
0.0036075                 0.0748                   0.95067134465397         773.0036746512451
0.00364675                0.0748                   0.8614657960697706       773.0036743637536
0.003686                  0.0748                   0.770950217626663        773.0036741005281
0.00372525                0.0748                   0.6791245701225277       773.0036738614082
0.0037645                 0.0748                   0.5859934798356263       773.003673647756
0.00380375                0.0748                   0.49156271546052804      773.0036734615092
0.0038429999999999996     0.0748                   0.3958330937109724       773.0036733029737
0.00388225                0.0748                   0.2988093130446214       773.003673174713
0.0039215                 0.0748                   0.20049377545580022      773.003673079101
0.00396075                0.0748                   0.10088967495162345      773.003673019406
0.004                     0.0748                   1.871294320204757E-15    773.003672998801
7.5E-5                    0.077                    3.6383134535144206E-16   773.003583678709
1.1424999999999999E-4     0.077                    0.6228722058928463       773.0035836948613
1.535E-4                  0.077                    1.058189880600992        773.0035837303643
1.9275E-4                 0.077                    1.3921106768580922       773.0035837780947
2.32E-4                   0.077                    1.6622671933350623       773.0035838345175
2.7125E-4                 0.077                    1.8865301124585043       773.0035838971833
3.1049999999999996E-4     0.077                    2.080485885180466        773.0035839631538
3.4974999999999996E-4     0.077                    2.2464984094803033       773.0035840316016
3.8899999999999997E-4     0.077                    2.394539184286749        773.0035841016178
4.2825E-4                 0.077                    2.5262752994239883       773.003584173491
4.675E-4                  0.077                    2.6424115999968385       773.003584244633
5.0675E-4                 0.077                    2.7484976282173994       773.0035843083983
5.459999999999999E-4      0.077                    2.8447376647409675       773.0035843646181
5.852499999999999E-4      0.077                    2.9315090703466367       773.0035844130093
6.245E-4                  0.077                    3.0101996545692895       773.0035844530744
6.6375E-4                 0.077                    3.082471051210198        773.0035844842739
7.03E-4                   0.077                    3.1484236255470996       773.003584506584
7.4225E-4                 0.077                    3.208057377836936        773.003584520004
7.815E-4                  0.077                    3.2625320733125185       773.0035845239902
8.2075E-4                 0.077                    3.312272241266463        773.0035845199316
8.6E-4                    0.077                    3.3573288318506567       773.0035845075047
8.9925E-4                 0.077                    3.3982244121575684       773.0035844841427
9.385E-4                  0.077                    3.434975117449418        773.0035844508964
9.7775E-4                 0.077                    3.4681737644423105       773.003584405933
0.001017                  0.077                    3.4978458495114393       773.0035843468718
0.00105625                0.077                    3.523991372839599        773.0035842737129
0.0010955                 0.077                    3.5469007937309076       773.0035841852742
0.00113475                0.077                    3.566953815133194        773.0035840805684
0.001174                  0.077                    3.584073037105505        773.0035839601826
0.00121325                0.077                    3.598268123105353        773.0035838246041
0.0012525                 0.077                    3.6098458235485515       773.0035836761941
0.00129175                0.077                    3.618872145774137        773.0035835071153
0.001331                  0.077                    3.6253503385924617       773.0035833188695
0.00137025                0.077                    3.629296138055084        773.0035831064783
0.0014095                 0.077                    3.6309318551538707       773.0035828645327
0.00144875                0.077                    3.6303314354925624       773.0035826075874
0.001488                  0.077                    3.627510318506718        773.0035823352496
0.00152725                0.077                    3.6224685041987996       773.0035820475191
0.0015665                 0.077                    3.6152533747901203       773.00358174567
0.00160575                0.077                    3.6060261190162564       773.0035814271707
0.001645                  0.077                    3.5947920092493306       773.003581091539
0.00168425                0.077                    3.581547898395548        773.0035807389183
0.0017235                 0.077                    3.5663294486483625       773.0035803686602
0.00176275                0.077                    3.5492199952770216       773.0035799809147
0.001802                  0.077                    3.5302442775534812       773.0035795764477
0.00184125                0.077                    3.509410443816519        773.0035791550055
0.0018805                 0.077                    3.4867575045432555       773.0035787168345
0.00191975                0.077                    3.462328017241784        773.0035782612257
0.001959                  0.077                    3.4361306815535335       773.0035777895921
0.00199825                0.077                    3.4081891937329343       773.0035773041615
0.0020375                 0.077                    3.378546294234558        773.0035768076107
0.00207675                0.077                    3.3472188359205948       773.0035763023042
0.002116                  0.077                    3.3142042350911085       773.0035757885848
0.00215525                0.077                    3.2795332345507506       773.0035752648444
0.0021945                 0.077                    3.243245656780265        773.0035747333894
0.00223375                0.077                    3.2053411115858967       773.0035741928027
0.002273                  0.077                    3.16582477176361         773.0035736442882
0.00231225                0.077                    3.1247381674782746       773.0035730908021
0.0023515                 0.077                    3.082084700482464        773.0035725279181
0.00239075                0.077                    3.0378636280941675       773.0035719562253
0.00243                   0.077                    2.9921059677305326       773.0035713680405
0.00246925                0.077                    2.9448295398659963       773.0035707691243
0.0025085                 0.077                    2.8960344589274407       773.0035701594818
0.00254775                0.077                    2.8457279191526217       773.0035695414243
0.002587                  0.077                    2.793933546572397        773.0035689234605
0.0026262499999999997     0.077                    2.74066478104805         773.0035683038003
0.0026655                 0.077                    2.6859208776326797       773.0035676816991
0.0027047499999999997     0.077                    2.6297027753263813       773.003567056212
0.002744                  0.077                    2.572037996954257        773.0035664261909
0.0027832499999999997     0.077                    2.5129369980403857       773.0035657960193
0.0028225                 0.077                    2.452398306760655        773.0035651650438
0.0028617499999999997     0.077                    2.390423992577077        773.0035645342788
0.002901                  0.077                    2.3270357087681326       773.0035639093728
0.0029402499999999997     0.077                    2.262238781225002        773.0035632905697
0.0029795                 0.077                    2.1960348174858635       773.0035626786217
0.0030187499999999997     0.077                    2.1284285495929356       773.0035620743996
0.003058                  0.077                    2.059437203673549        773.0035614838274
0.0030972499999999997     0.077                    1.9890615587547917       773.0035609068639
0.0031365                 0.077                    1.9173012830145748       773.0035603435163
0.0031757499999999998     0.077                    1.8441707786112707       773.0035597985559
0.003215                  0.077                    1.769678977430629        773.0035592726676
0.0032542499999999998     0.077                    1.6938259075115918       773.0035587645791
0.0032935                 0.077                    1.6166116759486298       773.0035582741133
0.0033327499999999998     0.077                    1.5380416897946305       773.0035578001301
0.003372                  0.077                    1.4581323843608536       773.0035573441521
0.00341125                0.077                    1.37688519231587         773.0035569077025
0.0034505                 0.077                    1.2943014481346664       773.0035564905852
0.00348975                0.077                    1.2103812512231176       773.0035560925495
0.003529                  0.077                    1.1251318740267575       773.0035557160469
0.00356825                0.077                    1.0385629247325396       773.0035553638688
0.0036075                 0.077                    0.950674172358624        773.0035550358807
0.00364675                0.077                    0.8614667301346497       773.0035547323284
0.003686                  0.077                    0.7709495496502804       773.0035544569123
0.00372525                0.077                    0.6791250093937985       773.0035542093544
0.0037645                 0.077                    0.5859938155071979       773.0035539896068
0.00380375                0.077                    0.4915627692528289       773.0035537981761
0.0038429999999999996     0.077                    0.39583327772000615      773.0035536356086
0.00388225                0.077                    0.29880941209421186      773.0035535039023
0.0039215                 0.077                    0.20049382862587012      773.003553405897
0.00396075                0.077                    0.10088971628358527      773.0035533448097
0.004                     0.077                    1.1041978221684016E-15   773.003553323748
7.5E-5                    0.0792                   1.2109498612257715E-16   773.0033585645401
1.1424999999999999E-4     0.0792                   0.6228432377357233       773.0033585799976
1.535E-4                  0.0792                   1.0581205922698982       773.0033586141076
1.9275E-4                 0.0792                   1.3920735735699745       773.0033586593983
2.32E-4                   0.0792                   1.662327245138833        773.0033587133775
2.7125E-4                 0.0792                   1.8865258711473112       773.0033587757555
3.1049999999999996E-4     0.0792                   2.080434682679724        773.0033588425122
3.4974999999999996E-4     0.0792                   2.246547822601237        773.0033589123801
3.8899999999999997E-4     0.0792                   2.394625478294113        773.0033589838421
4.2825E-4                 0.0792                   2.526220325802644        773.0033590572755
4.675E-4                  0.0792                   2.642424023157646        773.0033591294864
5.0675E-4                 0.0792                   2.7486567370229524       773.0033591948625
5.459999999999999E-4      0.0792                   2.844918463323052        773.003359253403
5.852499999999999E-4      0.0792                   2.9316279184529854       773.0033593049912
6.245E-4                  0.0792                   3.0101240429324188       773.0033593489438
6.6375E-4                 0.0792                   3.0822313644820807       773.0033593847942
7.03E-4                   0.0792                   3.1481712314472787       773.0033594125439
7.4225E-4                 0.0792                   3.2079894897811783       773.0033594320768
7.815E-4                  0.0792                   3.2627068300639173       773.0033594429914
8.2075E-4                 0.0792                   3.3125145929049005       773.0033594465617
8.6E-4                    0.0792                   3.357412781552898        773.0033594427877
8.9925E-4                 0.0792                   3.3981269568367987       773.0033594299034
9.385E-4                  0.0792                   3.4349000951331843       773.003359408305
9.7775E-4                 0.0792                   3.4681512764635856       773.0033593779838
0.001017                  0.0792                   3.4978556100256535       773.0033593384812
0.00105625                0.0792                   3.523953581715944        773.0033592897789
0.0010955                 0.0792                   3.546914117147802        773.0033592308541
0.00113475                0.0792                   3.5669560010788683       773.0033591599695
0.001174                  0.0792                   3.5840676949799066       773.0033590771395
0.00121325                0.0792                   3.5982778179811015       773.0033589822734
0.0012525                 0.0792                   3.609860112436927        773.0033588708582
0.00129175                0.0792                   3.618855630937325        773.0033587405464
0.001331                  0.0792                   3.625311461510319        773.0033585932754
0.00137025                0.0792                   3.629284313254789        773.0033584272495
0.0014095                 0.0792                   3.630958431425389        773.0033582413351
0.00144875                0.0792                   3.6303688838127983       773.0033580365886
0.001488                  0.0792                   3.6275020147949832       773.0033578137043
0.00152725                0.0792                   3.6224262538132743       773.0033575712673
0.0015665                 0.0792                   3.615270735241892        773.0033573104415
0.00160575                0.0792                   3.6060585234028126       773.0033570300965
0.001645                  0.0792                   3.594791530482219        773.0033567300552
0.00168425                0.0792                   3.5815177088723114       773.0033564101524
0.0017235                 0.0792                   3.5663320717514746       773.0033560694181
0.00176275                0.0792                   3.549236813760812        773.0033557077543
0.001802                  0.0792                   3.530243690842289        773.0033553253593
0.00184125                0.0792                   3.5093917644441452       773.0033549221714
0.0018805                 0.0792                   3.4867571141403553       773.0033544988966
0.00191975                0.0792                   3.4623396360689616       773.0033540556256
0.001959                  0.0792                   3.4361362612899145       773.003353592281
0.00199825                0.0792                   3.408192602245088        773.0033531102989
0.0020375                 0.0792                   3.378548018935305        773.0033526123581
0.00207675                0.0792                   3.3472157500271806       773.0033521077448
0.002116                  0.0792                   3.314198165501844        773.0033515983271
0.00215525                0.0792                   3.27954007114683         773.0033510906363
0.0021945                 0.0792                   3.243251007734649        773.0033505832209
0.00223375                0.0792                   3.2053361083086016       773.0033500751457
0.002273                  0.0792                   3.165822729163716        773.003349560428
0.00231225                0.0792                   3.1247382459397532       773.0033490437061
0.0023515                 0.0792                   3.0820826586367063       773.00334852498
0.00239075                0.0792                   3.0378596753744302       773.0033480025509
0.00243                   0.0792                   2.992104697590595        773.0033474736341
0.00246925                0.0792                   2.94483025721749         773.0033469344968
0.0025085                 0.0792                   2.896035642248164        773.0033463853714
0.00254775                0.0792                   2.8457283184000706       773.0033458256896
0.002587                  0.0792                   2.7939359888396846       773.0033452569261
0.0026262499999999997     0.0792                   2.740665023685026        773.003344681351
0.0026655                 0.0792                   2.6859189986678085       773.0033440997996
0.0027047499999999997     0.0792                   2.629703409059778        773.0033435128443
0.002744                  0.0792                   2.572042901526498        773.0033429226303
0.0027832499999999997     0.0792                   2.512940174192175        773.003342329296
0.0028225                 0.0792                   2.4523945909554          773.0033417330084
0.0028617499999999997     0.0792                   2.3904254644573038       773.003341138373
0.002901                  0.0792                   2.327039970111448        773.0033405499892
0.0029402499999999997     0.0792                   2.2622377839649053       773.0033399698832
0.0029795                 0.0792                   2.196032786827181        773.0033394044268
0.0030187499999999997     0.0792                   2.1284320091923568       773.0033388526973
0.003058                  0.0792                   2.0594360866446055       773.0033383123255
0.0030972499999999997     0.0792                   1.9890578512268566       773.0033377810702
0.0031365                 0.0792                   1.9173049770330968       773.0033372591676
0.0031757499999999998     0.0792                   1.8441767441553878       773.0033367462631
0.003215                  0.0792                   1.7696767004849008       773.003336245467
0.0032542499999999998     0.0792                   1.693815919102415        773.0033357593459
0.0032935                 0.0792                   1.6166055555102328       773.0033352889714
0.0033327499999999998     0.0792                   1.53804560970842         773.0033348343434
0.003372                  0.0792                   1.4581370432414715       773.0033343962351
0.00341125                0.0792                   1.376888380693912        773.0033339762126
0.0034505                 0.0792                   1.2943014451091897       773.0033335740793
0.00348975                0.0792                   1.2103791273297881       773.0033331901928
0.003529                  0.0792                   1.1251326557916874       773.0033328263519
0.00356825                0.0792                   1.0385646860263877       773.0033324833538
0.0036075                 0.0792                   0.9506758870682762       773.003332162646
0.00364675                0.0792                   0.8614666207045687       773.0033318643128
0.003686                  0.0792                   0.7709496167171555       773.0033315919776
0.00372525                0.0792                   0.6791249788729643       773.0033313466536
0.0037645                 0.0792                   0.5859938443920327       773.0033311284424
0.00380375                0.0792                   0.4915629850730378       773.0033309385304
0.0038429999999999996     0.0792                   0.3958333983050013       773.0033307774917
0.00388225                0.0792                   0.2988095123088583       773.0033306475126
0.0039215                 0.0792                   0.200493911442741        773.0033305508642
0.00396075                0.0792                   0.10088975077834461      773.0033304906713
0.004                     0.0792                   1.879453229870879E-15    773.0033304699297
7.5E-5                    0.0814                   2.408779508540663E-16    773.0030312895472
1.1424999999999999E-4     0.0814                   0.6228720783478116       773.0030313033257
1.535E-4                  0.0814                   1.0582797984131698       773.0030313334204
1.9275E-4                 0.0814                   1.3920282021345696       773.0030313756046
2.32E-4                   0.0814                   1.6622903430201759       773.0030314273819
2.7125E-4                 0.0814                   1.8865044505355326       773.0030314844531
3.1049999999999996E-4     0.0814                   2.080418440197045        773.0030315442846
3.4974999999999996E-4     0.0814                   2.246560111909794        773.0030316062779
3.8899999999999997E-4     0.0814                   2.3947059510024125       773.0030316715109
4.2825E-4                 0.0814                   2.5262537570276367       773.0030317404884
4.675E-4                  0.0814                   2.6426305708159523       773.0030318114992
5.0675E-4                 0.0814                   2.7488338202374147       773.003031880439
5.459999999999999E-4      0.0814                   2.845091875198979        773.0030319471434
5.852499999999999E-4      0.0814                   2.9317826516565155       773.0030320091076
6.245E-4                  0.0814                   3.009888518666992        773.0030320655192
6.6375E-4                 0.0814                   3.081966130468039        773.0030321154787
7.03E-4                   0.0814                   3.148162668442164        773.0030321576764
7.4225E-4                 0.0814                   3.2084723652456475       773.0030321918678
7.815E-4                  0.0814                   3.2628952227268826       773.0030322180527
8.2075E-4                 0.0814                   3.312070228064652        773.0030322340247
8.6E-4                    0.0814                   3.3572227135171833       773.003032235425
8.9925E-4                 0.0814                   3.398254348189013        773.0030322225601
9.385E-4                  0.0814                   3.4351651320616448       773.0030321954293
9.7775E-4                 0.0814                   3.4680504732891517       773.003032155339
0.001017                  0.0814                   3.497638557572701        773.0030321051147
0.00105625                0.0814                   3.5239641139350066       773.0030320441672
0.0010955                 0.0814                   3.547027142171259        773.0030319724967
0.00113475                0.0814                   3.5669205277773246       773.0030318899167
0.001174                  0.0814                   3.584007164819913        773.0030317966199
0.00121325                0.0814                   3.59832290066496         773.0030316927823
0.0012525                 0.0814                   3.6098782934728035       773.0030315764541
0.00129175                0.0814                   3.618793080624322        773.0030314461577
0.001331                  0.0814                   3.6252888222649875       773.0030312994448
0.00137025                0.0814                   3.6293516227351716       773.0030311322048
0.0014095                 0.0814                   3.630981482032609        773.0030309444372
0.00144875                0.0814                   3.630310784600116        773.0030307270177
0.001488                  0.0814                   3.6274707109761755       773.0030304866132
0.00152725                0.0814                   3.6224622160721176       773.0030302253739
0.0015665                 0.0814                   3.615295693116086        773.0030299461213
0.00160575                0.0814                   3.60602198831478         773.0030296457847
0.001645                  0.0814                   3.5947708023330622       773.0030293291748
0.00168425                0.0814                   3.5815464689611267       773.003028996573
0.0017235                 0.0814                   3.566347512282105        773.0030286483034
0.00176275                0.0814                   3.5492078411645367       773.0030282874311
0.001802                  0.0814                   3.5302294637394187       773.0030279147901
0.00184125                0.0814                   3.509419099736304        773.0030275288997
0.0018805                 0.0814                   3.4867765424019637       773.003027128141
0.00191975                0.0814                   3.4623159081691823       773.0030267117287
0.001959                  0.0814                   3.4361182391273246       773.003026283302
0.00199825                0.0814                   3.408195693177555        773.003025845307
0.0020375                 0.0814                   3.378555783462671        773.0030253992167
0.00207675                0.0814                   3.347208756303532        773.0030249497577
0.002116                  0.0814                   3.3142019544031487       773.0030244941711
0.00215525                0.0814                   3.279540954369611        773.0030240312635
0.0021945                 0.0814                   3.24324453552839         773.0030235615354
0.00223375                0.0814                   3.205332642939201        773.003023083963
0.002273                  0.0814                   3.1658342268749458       773.0030225996429
0.00231225                0.0814                   3.124747788243766        773.0030221085384
0.0023515                 0.0814                   3.0820769402536223       773.0030216105775
0.00239075                0.0814                   3.0378598598614737       773.003021107502
0.00243                   0.0814                   2.992111211420926        773.0030205998801
0.00246925                0.0814                   2.94483241362879         773.0030200877226
0.0025085                 0.0814                   2.896031889066928        773.0030195712668
0.00254775                0.0814                   2.8457333242891676       773.0030190509186
0.002587                  0.0814                   2.793938804248906        773.0030185267306
0.0026262499999999997     0.0814                   2.7406625302970093       773.0030179999582
0.0026655                 0.0814                   2.685912379591929        773.0030174707201
0.0027047499999999997     0.0814                   2.629708059496561        773.0030169410222
0.002744                  0.0814                   2.572049192984082        773.003016410854
0.0027832499999999997     0.0814                   2.512936700750229        773.0030158802391
0.0028225                 0.0814                   2.452393556703479        773.0030153519589
0.0028617499999999997     0.0814                   2.3904273499109845       773.0030148271194
0.002901                  0.0814                   2.3270395363103202       773.0030143059699
0.0029402499999999997     0.0814                   2.2622384509757363       773.0030137899904
0.0029795                 0.0814                   2.1960355981860262       773.0030132813018
0.0030187499999999997     0.0814                   2.1284321923323803       773.0030127799514
0.003058                  0.0814                   2.059434283732415        773.0030122862164
0.0030972499999999997     0.0814                   1.9890574319895737       773.0030118020285
0.0031365                 0.0814                   1.9173049287494033       773.0030113276939
0.0031757499999999998     0.0814                   1.844175480146992        773.0030108631922
0.003215                  0.0814                   1.7696774812029963       773.0030104099417
0.0032542499999999998     0.0814                   1.6938183722817537       773.0030099683256
0.0032935                 0.0814                   1.6166074266024102       773.0030095398234
0.0033327499999999998     0.0814                   1.5380465179139733       773.0030091247752
0.003372                  0.0814                   1.4581374623793044       773.003008723398
0.00341125                0.0814                   1.3768891306280422       773.00300833752
0.0034505                 0.0814                   1.2943026484789781       773.0030079674541
0.00348975                0.0814                   1.210379003111173        773.0030076133099
0.003529                  0.0814                   1.1251327499192687       773.0030072770962
0.00356825                0.0814                   1.0385652506627805       773.0030069601162
0.0036075                 0.0814                   0.9506766789636121       773.0030066634343
0.00364675                0.0814                   0.861467034821739        773.00300638705
0.003686                  0.0814                   0.7709499264385312       773.0030061343098
0.00372525                0.0814                   0.6791252374313025       773.0030059064925
0.0037645                 0.0814                   0.5859940729169953       773.003005703758
0.00380375                0.0814                   0.4915631794547026       773.0030055271695
0.0038429999999999996     0.0814                   0.39583356794687996      773.0030053770519
0.00388225                0.0814                   0.2988096614071827       773.0030052557561
0.0039215                 0.0814                   0.20049399664239906      773.0030051655807
0.00396075                0.0814                   0.10088979770326786      773.0030051094354
0.004                     0.0814                   2.7465215098240702E-15   773.003005090091
7.5E-5                    0.08360000000000001      0                        773.0026052551866
1.1424999999999999E-4     0.08360000000000001      0.6229061277338457       773.002605270669
1.535E-4                  0.08360000000000001      1.058073364828418        773.0026053053783
1.9275E-4                 0.08360000000000001      1.392074933340154        773.0026053508085
2.32E-4                   0.08360000000000001      1.6622870811982298       773.0026054048129
2.7125E-4                 0.08360000000000001      1.886525723503848        773.0026054672547
3.1049999999999996E-4     0.08360000000000001      2.080286374431821        773.0026055357037
3.4974999999999996E-4     0.08360000000000001      2.246130444929773        773.002605608055
3.8899999999999997E-4     0.08360000000000001      2.3944476669721846       773.0026056825199
4.2825E-4                 0.08360000000000001      2.5265073618489136       773.0026057591269
4.675E-4                  0.08360000000000001      2.642858228476097        773.002605837233
5.0675E-4                 0.08360000000000001      2.748569078497898        773.0026059124023
5.459999999999999E-4      0.08360000000000001      2.844679341643385        773.0026059836136
5.852499999999999E-4      0.08360000000000001      2.9315750285030524       773.0026060506361
6.245E-4                  0.08360000000000001      3.010225573239542        773.0026061157791
6.6375E-4                 0.08360000000000001      3.082510450320397        773.002606179247
7.03E-4                   0.08360000000000001      3.1484737382402934       773.0026062385101
7.4225E-4                 0.08360000000000001      3.208290611827534        773.0026062938277
7.815E-4                  0.08360000000000001      3.2623300527348364       773.0026063447497
8.2075E-4                 0.08360000000000001      3.3119810236331895       773.002606388
8.6E-4                    0.08360000000000001      3.357303682641436        773.0026064229246
8.9925E-4                 0.08360000000000001      3.3983010673539917       773.0026064494211
9.385E-4                  0.08360000000000001      3.435062029688107        773.002606465437
9.7775E-4                 0.08360000000000001      3.4679791623421323       773.0026064631918
0.001017                  0.08360000000000001      3.4976280014249657       773.0026064451937
0.00105625                0.08360000000000001      3.523982797255783        773.0026064168025
0.0010955                 0.08360000000000001      3.547030158851204        773.0026063739998
0.00113475                0.08360000000000001      3.566915470459882        773.0026063203625
0.001174                  0.08360000000000001      3.5840161419296663       773.0026062553719
0.00121325                0.08360000000000001      3.59834990073105         773.0026061775629
0.0012525                 0.08360000000000001      3.6099208927406643       773.0026060863021
0.00129175                0.08360000000000001      3.618803567945101        773.0026059788365
0.001331                  0.08360000000000001      3.6252676433568465       773.0026058542371
0.00137025                0.08360000000000001      3.629336046951534        773.0026057142236
0.0014095                 0.08360000000000001      3.6310138379167833       773.0026055600106
0.00144875                0.08360000000000001      3.630329141133146        773.0026053912732
0.001488                  0.08360000000000001      3.6274677357014493       773.0026052092232
0.00152725                0.08360000000000001      3.6224582993670413       773.0026050147019
0.0015665                 0.08360000000000001      3.615298368781916        773.0026048068606
0.00160575                0.08360000000000001      3.6060284483635883       773.0026045880821
0.001645                  0.08360000000000001      3.594776364969194        773.002604357297
0.00168425                0.08360000000000001      3.5815493785861303       773.0026041125218
0.0017235                 0.08360000000000001      3.5663465699650376       773.0026038544135
0.00176275                0.08360000000000001      3.5492112655075836       773.0026035823871
0.001802                  0.08360000000000001      3.5302354572209222       773.0026032968283
0.00184125                0.08360000000000001      3.50942100107257         773.0026029978625
0.0018805                 0.08360000000000001      3.486767535301316        773.0026026859858
0.00191975                0.08360000000000001      3.462315769918847        773.0026023621692
0.001959                  0.08360000000000001      3.4361287705577177       773.0026020279423
0.00199825                0.08360000000000001      3.4082067361067185       773.0026016833124
0.0020375                 0.08360000000000001      3.3785488515762085       773.0026013282769
0.00207675                0.08360000000000001      3.3472042632861285       773.0026009626158
0.002116                  0.08360000000000001      3.3142045688935466       773.0026005818779
0.00215525                0.08360000000000001      3.279550522153305        773.0026001860739
0.0021945                 0.08360000000000001      3.2432439906934816       773.0025997751944
0.00223375                0.08360000000000001      3.2053312559053793       773.0025993503269
0.002273                  0.08360000000000001      3.1658322338043585       773.002598912156
0.00231225                0.08360000000000001      3.1247469858861607       773.0025984606158
0.0023515                 0.08360000000000001      3.08207739853245         773.0025979958871
0.00239075                0.08360000000000001      3.0378602131383445       773.0025975195306
0.00243                   0.08360000000000001      2.992113310764623        773.002597033922
0.00246925                0.08360000000000001      2.944836493205766        773.0025965391247
0.0025085                 0.08360000000000001      2.8960314615031413       773.002596035106
0.00254775                0.08360000000000001      2.8457291229925894       773.0025955254432
0.002587                  0.08360000000000001      2.7939409442750303       773.0025950120054
0.0026262499999999997     0.08360000000000001      2.7406662020921613       773.0025944951153
0.0026655                 0.08360000000000001      2.6859118134187274       773.0025939780246
0.0027047499999999997     0.08360000000000001      2.6297049857965815       773.0025934595334
0.002744                  0.08360000000000001      2.572048358862013        773.0025929371451
0.0027832499999999997     0.08360000000000001      2.5129425648534083       773.0025924113933
0.0028225                 0.08360000000000001      2.452393489455479        773.0025918797659
0.0028617499999999997     0.08360000000000001      2.3904248437051003       773.0025913464711
0.002901                  0.08360000000000001      2.3270396100640167       773.0025908140451
0.0029402499999999997     0.08360000000000001      2.262242754580427        773.0025902856722
0.0029795                 0.08360000000000001      2.1960357331448512       773.0025897624025
0.0030187499999999997     0.08360000000000001      2.1284316877968945       773.0025892458638
0.003058                  0.08360000000000001      2.0594370150218713       773.0025887344623
0.0030972499999999997     0.08360000000000001      1.9890611195176933       773.0025882273023
0.0031365                 0.08360000000000001      1.9173050043803301       773.0025877243664
0.0031757499999999998     0.08360000000000001      1.8441744907949793       773.0025872266333
0.003215                  0.08360000000000001      1.76968034962225         773.0025867398592
0.0032542499999999998     0.08360000000000001      1.6938252151933522       773.0025862649514
0.0032935                 0.08360000000000001      1.6166126606567215       773.0025858046873
0.0033327499999999998     0.08360000000000001      1.5380451003063462       773.0025853598466
0.003372                  0.08360000000000001      1.4581376690384424       773.0025849347854
0.00341125                0.08360000000000001      1.3768890072231887       773.0025845289816
0.0034505                 0.08360000000000001      1.2943004230534865       773.0025841427657
0.00348975                0.08360000000000001      1.2103786827419964       773.002583775862
0.003529                  0.08360000000000001      1.1251339849820523       773.0025834293367
0.00356825                0.08360000000000001      1.038565869320243        773.0025831034251
0.0036075                 0.08360000000000001      0.9506738068788744       773.0025827979074
0.00364675                0.08360000000000001      0.86146688678958         773.002582514044
0.003686                  0.08360000000000001      0.770950860142553        773.0025822542427
0.00372525                0.08360000000000001      0.6791255892270044       773.0025820184825
0.0037645                 0.08360000000000001      0.5859944333123643       773.0025818080027
0.00380375                0.08360000000000001      0.49156339955874156      773.002581625042
0.0038429999999999996     0.08360000000000001      0.3958336919168244       773.002581470088
0.00388225                0.08360000000000001      0.2988098411837554       773.0025813455142
0.0039215                 0.08360000000000001      0.20049407383594228      773.0025812531017
0.00396075                0.08360000000000001      0.10088982943763863      773.0025811957236
0.004                     0.08360000000000001      5.023247293109269E-15    773.0025811759982
7.5E-5                    0.0858                   4.199161623935537E-16    773.0020726219329
1.1424999999999999E-4     0.0858                   0.6228960646224716       773.0020726356473
1.535E-4                  0.0858                   1.058211938466729        773.0020726674336
1.9275E-4                 0.0858                   1.3920890091196367       773.0020727128359
2.32E-4                   0.0858                   1.662256772107749        773.0020727681193
2.7125E-4                 0.0858                   1.8867319328200691       773.0020728304513
3.1049999999999996E-4     0.0858                   2.0802144982077677       773.0020728978872
3.4974999999999996E-4     0.0858                   2.246484893925273        773.0020729708008
3.8899999999999997E-4     0.0858                   2.3946985570246597       773.0020730490583
4.2825E-4                 0.0858                   2.5257478300388265       773.00207313292
4.675E-4                  0.0858                   2.6427090189097537       773.0020732226259
5.0675E-4                 0.0858                   2.748840006448964        773.0020733121719
5.459999999999999E-4      0.0858                   2.8449208682769367       773.00207340152
5.852499999999999E-4      0.0858                   2.931236063032343        773.0020734901573
6.245E-4                  0.0858                   3.010283665036082        773.0020735754462
6.6375E-4                 0.0858                   3.08269279518433         773.0020736572776
7.03E-4                   0.0858                   3.148463455252232        773.0020737356513
7.4225E-4                 0.0858                   3.2078348161175985       773.0020738110311
7.815E-4                  0.0858                   3.2622853116492982       773.0020738825676
8.2075E-4                 0.0858                   3.3121842442522524       773.002073948943
8.6E-4                    0.0858                   3.357487954352839        773.0020740101846
8.9925E-4                 0.0858                   3.398196442126905        773.0020740662919
9.385E-4                  0.0858                   3.4349851566012504       773.0020741144851
9.7775E-4                 0.0858                   3.468130100836179        773.0020741543324
0.001017                  0.0858                   3.4977300403895306       773.0020741863998
0.00105625                0.0858                   3.523920447968091        773.0020742093623
0.0010955                 0.0858                   3.5469506625616014       773.0020742224696
0.00113475                0.0858                   3.5670122486427043       773.0020742257616
0.001174                  0.0858                   3.584103212019581        773.0020742192529
0.00121325                0.0858                   3.5982698338823          773.00207420312
0.0012525                 0.0858                   3.60983433272229         773.0020741771467
0.00129175                0.0858                   3.6188469284708518       773.0020741403183
0.001331                  0.0858                   3.6253076211279245       773.0020740926348
0.00137025                0.0858                   3.629306894692871        773.0020740348756
0.0014095                 0.0858                   3.6309813093218755       773.0020739672497
0.00144875                0.0858                   3.630351420197626        773.0020738899258
0.001488                  0.0858                   3.6274805602244347       773.002073804536
0.00152725                0.0858                   3.622431705705047        773.0020737121715
0.0015665                 0.0858                   3.615297271747298        773.0020736114834
0.00160575                0.0858                   3.6060764127453657       773.0020735023297
0.001645                  0.0858                   3.5947793806553245       773.0020733841268
0.00168425                0.0858                   3.581515323079001        773.0020732554348
0.0017235                 0.0858                   3.5663324913178194       773.0020731140492
0.00176275                0.0858                   3.5492335730257865       773.0020729597603
0.001802                  0.0858                   3.5302388815958365       773.0020727917548
0.00184125                0.0858                   3.5094081033640934       773.0020726098818
0.0018805                 0.0858                   3.4867539587991474       773.0020724145503
0.00191975                0.0858                   3.462326325325305        773.0020722057401
0.001959                  0.0858                   3.4361366837793486       773.0020719825493
0.00199825                0.0858                   3.4082089029191316       773.0020717462183
0.0020375                 0.0858                   3.3785467579694455       773.0020714978741
0.00207675                0.0858                   3.347202277753198        773.0020712363439
0.002116                  0.0858                   3.31420522031041         773.0020709625852
0.00215525                0.0858                   3.2795555856376857       773.0020706765979
0.0021945                 0.0858                   3.243253373735104        773.0020703783816
0.00223375                0.0858                   3.205325704328632        773.0020700610936
0.002273                  0.0858                   3.1658224648981066       773.0020697266125
0.00231225                0.0858                   3.124744680553496        773.0020693752917
0.0023515                 0.0858                   3.082092351294745        773.0020690071316
0.00239075                0.0858                   3.0378667908497192       773.0020686222932
0.00243                   0.0858                   2.992108336568092        773.0020682250786
0.00246925                0.0858                   2.9448313307140515       773.0020678167311
0.0025085                 0.0858                   2.896038672163435        773.0020673972725
0.00254775                0.0858                   2.8457322683550617       773.0020669669411
0.002587                  0.0858                   2.7939363565227633       773.0020665281506
0.0026262499999999997     0.0858                   2.740666275769564        773.0020660832186
0.0026655                 0.0858                   2.685921278885307        773.0020656311254
0.0027047499999999997     0.0858                   2.629704414463777        773.0020651728443
0.002744                  0.0858                   2.572042601467056        773.0020647105003
0.0027832499999999997     0.0858                   2.512941254008446        773.0020642428001
0.0028225                 0.0858                   2.4524003141088127       773.0020637705222
0.0028617499999999997     0.0858                   2.3904252260044005       773.0020632931893
0.002901                  0.0858                   2.327038572011027        773.0020628129358
0.0029402499999999997     0.0858                   2.2622426063903864       773.0020623308404
0.0029795                 0.0858                   2.1960370253905697       773.0020618470351
0.0030187499999999997     0.0858                   2.1284313271223794       773.0020613650208
0.003058                  0.0858                   2.0594402817073743       773.0020608877331
0.0030972499999999997     0.0858                   1.9890639044525045       773.0020604152476
0.0031365                 0.0858                   1.9173028867426867       773.0020599483253
0.0031757499999999998     0.0858                   1.8441732345976416       773.0020594899224
0.003215                  0.0858                   1.7696813054638476       773.0020590407951
0.0032542499999999998     0.0858                   1.6938263454744438       773.0020586013239
0.0032935                 0.0858                   1.6166096331120887       773.0020581710883
0.0033327499999999998     0.0858                   1.5380425740389423       773.0020577500478
0.003372                  0.0858                   1.458133910582695        773.0020573414419
0.00341125                0.0858                   1.3768882546867545       773.0020569472262
0.0034505                 0.0858                   1.2943054573949553       773.0020565673839
0.00348975                0.0858                   1.2103846471799804       773.0020562016326
0.003529                  0.0858                   1.1251316536786107       773.0020558510779
0.00356825                0.0858                   1.0385631666169997       773.0020555209513
0.0036075                 0.0858                   0.9506754012730275       773.0020552117319
0.00364675                0.0858                   0.8614681821728254       773.0020549234173
0.003686                  0.0858                   0.7709505256183731       773.0020546593712
0.00372525                0.0858                   0.6791256132856022       773.0020544209058
0.0037645                 0.0858                   0.5859945569283784       773.0020542082789
0.00380375                0.0858                   0.4915635037764442       773.0020540231502
0.0038429999999999996     0.0858                   0.3958338108572885       773.0020538662303
0.00388225                0.0858                   0.29880990580724         773.0020537399761
0.0039215                 0.0858                   0.20049413840143865      773.0020536464092
0.00396075                0.0858                   0.10088987268706648      773.0020535883625
0.004                     0.0858                   1.4419766544989211E-15   773.0020535684247
7.5E-5                    0.08800000000000001      1.1803010731728813E-16   773.0014454351518
1.1424999999999999E-4     0.08800000000000001      0.622951594072227        773.0014454413979
1.535E-4                  0.08800000000000001      1.0581400599866364       773.0014454544919
1.9275E-4                 0.08800000000000001      1.3920030972047253       773.0014454708773
2.32E-4                   0.08800000000000001      1.662140224161715        773.0014454888229
2.7125E-4                 0.08800000000000001      1.8866080654699318       773.0014455073248
3.1049999999999996E-4     0.08800000000000001      2.0804801186069777       773.001445525278
3.4974999999999996E-4     0.08800000000000001      2.2465175761964207       773.001445542328
3.8899999999999997E-4     0.08800000000000001      2.394615575656317        773.0014455577215
4.2825E-4                 0.08800000000000001      2.5260391658562753       773.0014455715595
4.675E-4                  0.08800000000000001      2.6424106089629937       773.0014455838452
5.0675E-4                 0.08800000000000001      2.74868113086278         773.0014455901769
5.459999999999999E-4      0.08800000000000001      2.8451380097510497       773.0014455901172
5.852499999999999E-4      0.08800000000000001      2.931892236341948        773.00144558398
6.245E-4                  0.08800000000000001      3.0099949914116784       773.0014455672763
6.6375E-4                 0.08800000000000001      3.082036533524833        773.0014455418559
7.03E-4                   0.08800000000000001      3.1482026516334227       773.0014455088718
7.4225E-4                 0.08800000000000001      3.2084735719534003       773.001445466635
7.815E-4                  0.08800000000000001      3.2628471424770003       773.001445415096
8.2075E-4                 0.08800000000000001      3.3120392098769322       773.0014453561408
8.6E-4                    0.08800000000000001      3.357184211624118        773.0014452901613
8.9925E-4                 0.08800000000000001      3.3981989891857967       773.0014452163717
9.385E-4                  0.08800000000000001      3.4350835424684405       773.0014451347718
9.7775E-4                 0.08800000000000001      3.4680247813947047       773.0014450452724
0.001017                  0.08800000000000001      3.4976554990144026       773.0014449462077
0.00105625                0.08800000000000001      3.5239817525256165       773.0014448369295
0.0010955                 0.08800000000000001      3.547003541925242        773.0014447174381
0.00113475                0.08800000000000001      3.566891399956466        773.0014445875295
0.001174                  0.08800000000000001      3.5840073068643115       773.0014444454492
0.00121325                0.08800000000000001      3.5983578442942554       773.0014442909433
0.0012525                 0.08800000000000001      3.609943328181214        773.0014441242354
0.00129175                0.08800000000000001      3.618810448146639        773.0014439445963
0.001331                  0.08800000000000001      3.6252677895172867       773.0014437510298
0.00137025                0.08800000000000001      3.629334703614105        773.001443544502
0.0014095                 0.08800000000000001      3.6310196300763518       773.0014433275257
0.00144875                0.08800000000000001      3.6303336842036558       773.0014431005931
0.001488                  0.08800000000000001      3.627475209319665        773.0014428673884
0.00152725                0.08800000000000001      3.6224618878265264       773.0014426246067
0.0015665                 0.08800000000000001      3.6152955166186618       773.0014423722349
0.00160575                0.08800000000000001      3.6060320019635674       773.0014421087781
0.001645                  0.08800000000000001      3.5947836183820625       773.0014418327899
0.00168425                0.08800000000000001      3.58155329931835         773.0014415445742
0.0017235                 0.08800000000000001      3.5663451615963337       773.001441243125
0.00176275                0.08800000000000001      3.5492060085220025       773.0014409297474
0.001802                  0.08800000000000001      3.530232615674182        773.0014406015564
0.00184125                0.08800000000000001      3.5094278082442916       773.0014402578877
0.0018805                 0.08800000000000001      3.486788012692931        773.0014398987498
0.00191975                0.08800000000000001      3.4623232157449486       773.0014395239177
0.001959                  0.08800000000000001      3.4361228026250275       773.0014391317732
0.00199825                0.08800000000000001      3.408199825988087        773.0014387238714
0.0020375                 0.08800000000000001      3.3785648421694696       773.0014383030298
0.00207675                0.08800000000000001      3.3472178511693778       773.0014378692487
0.002116                  0.08800000000000001      3.3141971006872724       773.0014374241347
0.00215525                0.08800000000000001      3.279538963849541        773.001436966872
0.0021945                 0.08800000000000001      3.2432542923312657       773.0014364964744
0.00223375                0.08800000000000001      3.2053467871778767       773.0014360126033
0.002273                  0.08800000000000001      3.1658291456036767       773.0014355149056
0.00231225                0.08800000000000001      3.1247403336846102       773.0014350039555
0.0023515                 0.08800000000000001      3.0820824399673667       773.0014344801373
0.00239075                0.08800000000000001      3.0378699871695294       773.0014339432441
0.00243                   0.08800000000000001      2.9921113722068533       773.0014333930986
0.00246925                0.08800000000000001      2.944833971686118        773.001432832087
0.0025085                 0.08800000000000001      2.8960405869108157       773.0014322606187
0.00254775                0.08800000000000001      2.845732147269026        773.0014316787386
0.002587                  0.08800000000000001      2.7939389688831384       773.0014310901706
0.0026262499999999997     0.08800000000000001      2.740668068809682        773.0014304954339
0.0026655                 0.08800000000000001      2.6859193641926935       773.0014298944959
0.0027047499999999997     0.08800000000000001      2.6297040616884195       773.0014292876382
0.002744                  0.08800000000000001      2.572044898154754        773.0014286756149
0.0027832499999999997     0.08800000000000001      2.512942607766694        773.0014280587607
0.0028225                 0.08800000000000001      2.4523980556495277       773.0014274383034
0.0028617499999999997     0.08800000000000001      2.3904254910570546       773.001426814742
0.002901                  0.08800000000000001      2.327040610946351        773.0014261918997
0.0029402499999999997     0.08800000000000001      2.2622435838259736       773.0014255696523
0.0029795                 0.08800000000000001      2.1960345717811256       773.0014249481179
0.0030187499999999997     0.08800000000000001      2.1284298503277346       773.0014243292648
0.003058                  0.08800000000000001      2.059439742933033        773.0014237157811
0.0030972499999999997     0.08800000000000001      1.9890642542457742       773.0014231076595
0.0031365                 0.08800000000000001      1.9173032142047965       773.0014225045657
0.0031757499999999998     0.08800000000000001      1.8441723135182355       773.0014219116933
0.003215                  0.08800000000000001      1.769680191256902        773.0014213304777
0.0032542499999999998     0.08800000000000001      1.6938266176570742       773.0014207611135
0.0032935                 0.08800000000000001      1.6166114977473907       773.0014202036197
0.0033327499999999998     0.08800000000000001      1.5380438716957645       773.0014196615606
0.003372                  0.08800000000000001      1.4581363158898502       773.0014191373456
0.00341125                0.08800000000000001      1.3768888303295819       773.0014186309746
0.0034505                 0.08800000000000001      1.2943018115396099       773.0014181435558
0.00348975                0.08800000000000001      1.2103787116045435       773.0014176752725
0.003529                  0.08800000000000001      1.1251328524806006       773.001417232161
0.00356825                0.08800000000000001      1.0385650998739933       773.0014168146153
0.0036075                 0.08800000000000001      0.9506753165641199       773.0014164224989
0.00364675                0.08800000000000001      0.8614674222663564       773.0014160581122
0.003686                  0.08800000000000001      0.7709507954205782       773.0014157255903
0.00372525                0.08800000000000001      0.6791257088665131       773.0014154248626
0.0037645                 0.08800000000000001      0.5859943742059176       773.0014151570821
0.00380375                0.08800000000000001      0.4915635415170108       773.0014149254789
0.0038429999999999996     0.08800000000000001      0.3958337434210673       773.0014147302212
0.00388225                0.08800000000000001      0.29880973840962777      773.0014145742856
0.0039215                 0.08800000000000001      0.20049405366264117      773.0014144598006
0.00396075                0.08800000000000001      0.1008898187537243       773.0014143891947
0.004                     0.08800000000000001      3.3324490757988077E-16   773.0014143651161
7.5E-5                    0.0902                   1.8044116314793353E-16   773.0007917948134
1.1424999999999999E-4     0.0902                   0.6229155012069771       773.0007917727975
1.535E-4                  0.0902                   1.058194638587184        773.0007917100271
1.9275E-4                 0.0902                   1.3921122483493145       773.0007916084666
2.32E-4                   0.0902                   1.662198892468971        773.0007914685516
2.7125E-4                 0.0902                   1.8868155625137457       773.000791290145
3.1049999999999996E-4     0.0902                   2.080394662310263        773.0007910721934
3.4974999999999996E-4     0.0902                   2.246186900975603        773.0007908143456
3.8899999999999997E-4     0.0902                   2.3946818231221116       773.0007905164905
4.2825E-4                 0.0902                   2.526456398382665        773.0007901783842
4.675E-4                  0.0902                   2.6427120433408913       773.000789799682
5.0675E-4                 0.0902                   2.747967596191646        773.0007893766907
5.459999999999999E-4      0.0902                   2.8439568284539          773.0007889094983
5.852499999999999E-4      0.0902                   2.9316073405575396       773.0007883980554
6.245E-4                  0.0902                   3.0109191320287754       773.0007878423621
6.6375E-4                 0.0902                   3.082204932406553        773.0007872420771
7.03E-4                   0.0902                   3.1475633063477453       773.0007865965216
7.4225E-4                 0.0902                   3.207837036536582        773.0007859039614
7.815E-4                  0.0902                   3.262872397364268        773.000785164921
8.2075E-4                 0.0902                   3.312669388883435        773.0007843794015
8.6E-4                    0.0902                   3.3573897828915595       773.000783547094
8.9925E-4                 0.0902                   3.3981851103404077       773.0007826679275
9.385E-4                  0.0902                   3.4349971082295903       773.0007817434854
9.7775E-4                 0.0902                   3.468185320918499        773.000780771178
0.001017                  0.0902                   3.497701244416678        773.0007797503964
0.00105625                0.0902                   3.5239644425185706       773.0007786825761
0.0010955                 0.0902                   3.547055126592192        773.0007775678357
0.00113475                0.0902                   3.566973296656216        773.000776406175
0.001174                  0.0902                   3.5839669912588024       773.0007751969936
0.00121325                0.0902                   3.598279862246348        773.0007739393495
0.0012525                 0.0902                   3.609903516637206        773.0007726332974
0.00129175                0.0902                   3.618842665150853        773.0007712787398
0.001331                  0.0902                   3.625293867716993        773.0007698746989
0.00137025                0.0902                   3.6293097812761306       773.000768422407
0.0014095                 0.0902                   3.6309802525211934       773.0007669191261
0.00144875                0.0902                   3.6303313194909483       773.0007653658995
0.001488                  0.0902                   3.6274845719837137       773.0007637659896
0.00152725                0.0902                   3.622469888321277        773.0007621192647
0.0015665                 0.0902                   3.61528726850435         773.000760425724
0.00160575                0.0902                   3.606026719293445        773.000758684961
0.001645                  0.0902                   3.594781113265028        773.0007568947655
0.00168425                0.0902                   3.5815489220087824       773.0007550550215
0.0017235                 0.0902                   3.566340537443424        773.0007531654054
0.00176275                0.0902                   3.5492318716927764       773.0007512276039
0.001802                  0.0902                   3.5302418981988986       773.0007492430607
0.00184125                0.0902                   3.509413054367241        773.0007472076861
0.0018805                 0.0902                   3.4867656171963453       773.0007451224802
0.00191975                0.0902                   3.4623417326006547       773.0007429894307
0.001959                  0.0902                   3.4361431649290624       773.0007408083887
0.00199825                0.0902                   3.4081938116446056       773.0007385784809
0.0020375                 0.0902                   3.3785543538752227       773.000736299994
0.00207675                0.0902                   3.347222051178305        773.0007339732871
0.002116                  0.0902                   3.314203393264157        773.0007315976057
0.00215525                0.0902                   3.279544128574357        773.0007291746914
0.0021945                 0.0902                   3.24325279939896         773.0007267062005
0.00223375                0.0902                   3.205339438008513        773.0007241867144
0.002273                  0.0902                   3.1658290987708133       773.0007216205893
0.00231225                0.0902                   3.1247453861992023       773.0007190079018
0.0023515                 0.0902                   3.0820883002938144       773.0007163486523
0.00239075                0.0902                   3.0378651112867106       773.0007136432314
0.00243                   0.0902                   2.992113146316463        773.0007108914322
0.00246925                0.0902                   2.9448375093104175       773.0007080928868
0.0025085                 0.0902                   2.8960382002684444       773.0007052475949
0.00254775                0.0902                   2.845733395206503        773.000702356266
0.002587                  0.0902                   2.7939420775615047       773.0006994287602
0.0026262499999999997     0.0902                   2.7406684267133503       773.0006964609086
0.0026655                 0.0902                   2.68591756614758         773.0006934462081
0.0027047499999999997     0.0902                   2.629705163098476        773.000690394383
0.002744                  0.0902                   2.572047614236146        773.0006873111251
0.0027832499999999997     0.0902                   2.5129449195606064       773.000684196435
0.0028225                 0.0902                   2.4523973286899077       773.0006810503922
0.0028617499999999997     0.0902                   2.39042497232036         773.0006778772823
0.002901                  0.0902                   2.327040533956053        773.0006746793806
0.0029402499999999997     0.0902                   2.262244013596981        773.0006714566878
0.0029795                 0.0902                   2.1960359720448355       773.000668209387
0.0030187499999999997     0.0902                   2.1284322016372834       773.0006649545742
0.003058                  0.0902                   2.059438921480805        773.0006617035725
0.0030972499999999997     0.0902                   1.989062151135239        773.0006584490995
0.0031365                 0.0902                   1.9173044621850084       773.0006551851029
0.0031757499999999998     0.0902                   1.84417319215939         773.0006519301625
0.003215                  0.0902                   1.7696798845630668       773.0006487087844
0.0032542499999999998     0.0902                   1.6938245393959366       773.0006455209683
0.0032935                 0.0902                   1.6166096638614216       773.0006423732306
0.0033327499999999998     0.0902                   1.538044284598985        773.0006392621833
0.003372                  0.0902                   1.4581364208818182       773.0006362149181
0.00341125                0.0902                   1.3768891848983251       773.0006332518429
0.0034505                 0.0902                   1.294301213669451        773.0006303631704
0.00348975                0.0902                   1.2103770479578595       773.0006275662124
0.003529                  0.0902                   1.1251313617134866       773.0006249007233
0.00356825                0.0902                   1.038564135625532        773.000622361026
0.0036075                 0.0902                   0.9506752129678706       773.0006199635679
0.00364675                0.0902                   0.8614660288894075       773.0006177128375
0.003686                  0.0902                   0.770949076775768        773.0006156560322
0.00372525                0.0902                   0.6791242830123579       773.0006137982901
0.0037645                 0.0902                   0.5859931210630421       773.000612147233
0.00380375                0.0902                   0.49156232247643594      773.0006107263666
0.0038429999999999996     0.0902                   0.39583290218731193      773.000609533312
0.00388225                0.0902                   0.29880908967569664      773.0006085963046
0.0039215                 0.0902                   0.20049360960048734      773.0006079202793
0.00396075                0.0902                   0.1008895981299378       773.0006075084882
0.004                     0.0902                   2.2807927963489305E-15   773.0006073712325
7.5E-5                    0.09240000000000001      1.1999776510227146E-16   773.0002833520657
1.1424999999999999E-4     0.09240000000000001      0.6229192122589882       773.0002833204438
1.535E-4                  0.09240000000000001      1.0581666718796716       773.0002832333757
1.9275E-4                 0.09240000000000001      1.3920785343702957       773.0002830964984
2.32E-4                   0.09240000000000001      1.6621604419877642       773.0002829114303
2.7125E-4                 0.09240000000000001      1.8865787857296632       773.0002826788171
3.1049999999999996E-4     0.09240000000000001      2.0804608928755735       773.0002823989315
3.4974999999999996E-4     0.09240000000000001      2.24656538282315         773.0002820716024
3.8899999999999997E-4     0.09240000000000001      2.3946287218159443       773.0002816959519
4.2825E-4                 0.09240000000000001      2.5263677691014914       773.0002812727748
4.675E-4                  0.09240000000000001      2.6426399331616697       773.0002808022566
5.0675E-4                 0.09240000000000001      2.7484524032642796       773.0002802813418
5.459999999999999E-4      0.09240000000000001      2.844442802567758        773.0002797091481
5.852499999999999E-4      0.09240000000000001      2.9316223117525673       773.0002790855781
6.245E-4                  0.09240000000000001      3.0104979479307756       773.0002784129462
6.6375E-4                 0.09240000000000001      3.081960809633074        773.0002776892643
7.03E-4                   0.09240000000000001      3.1478720454869418       773.000276912139
7.4225E-4                 0.09240000000000001      3.2082316527045527       773.0002760815704
7.815E-4                  0.09240000000000001      3.263039632090826        773.000275197558
8.2075E-4                 0.09240000000000001      3.3122959877295663       773.0002742601026
8.6E-4                    0.09240000000000001      3.357028358780487        773.0002732697294
8.9925E-4                 0.09240000000000001      3.3979855352020882       773.0002722249176
9.385E-4                  0.09240000000000001      3.435093012114135        773.0002711253817
9.7775E-4                 0.09240000000000001      3.468350787239804        773.000269971121
0.001017                  0.09240000000000001      3.497758860139551        773.0002687621363
0.00105625                0.09240000000000001      3.5239029060662252       773.0002674971499
0.0010955                 0.09240000000000001      3.5469568837015584       773.000266173378
0.00113475                0.09240000000000001      3.567014782759771        773.0002647930975
0.001174                  0.09240000000000001      3.5840628402706947       773.0002633573099
0.00121325                0.09240000000000001      3.598291171061933        773.0002618641295
0.0012525                 0.09240000000000001      3.6098958376337134       773.0002603110374
0.00129175                0.09240000000000001      3.6188744150228525       773.000258698024
0.001331                  0.09240000000000001      3.625283610174479        773.000257026036
0.00137025                0.09240000000000001      3.629288377648992        773.0002552944106
0.0014095                 0.09240000000000001      3.630990691453723        773.0002535031896
0.00144875                0.09240000000000001      3.6303779977272495       773.0002516521561
0.001488                  0.09240000000000001      3.6274772776703132       773.0002497414681
0.00152725                0.09240000000000001      3.6224380946085657       773.0002477682403
0.0015665                 0.09240000000000001      3.6152911728245445       773.0002457320899
0.00160575                0.09240000000000001      3.606061102667458        773.0002436359405
0.001645                  0.09240000000000001      3.5947755264197028       773.0002414788445
0.00168425                0.09240000000000001      3.581537021560872        773.0002392573333
0.0017235                 0.09240000000000001      3.5663554442807808       773.0002369711497
0.00176275                0.09240000000000001      3.549232591868135        773.000234620445
0.001802                  0.09240000000000001      3.5302309006060906       773.0002322054224
0.00184125                0.09240000000000001      3.5094134512426707       773.0002297262065
0.0018805                 0.09240000000000001      3.4867786042072972       773.0002271826171
0.00191975                0.09240000000000001      3.462328984248987        773.0002245748746
0.001959                  0.09240000000000001      3.4361298838461414       773.0002219013097
0.00199825                0.09240000000000001      3.4082040207023314       773.0002191584315
0.0020375                 0.09240000000000001      3.3785619864763743       773.0002163502843
0.00207675                0.09240000000000001      3.3472106437237796       773.0002134777465
0.002116                  0.09240000000000001      3.314202224898247        773.0002105365766
0.00215525                0.09240000000000001      3.279552007746837        773.000207527697
0.0021945                 0.09240000000000001      3.243257496165454        773.0002044496285
0.00223375                0.09240000000000001      3.205337079758276        773.000201305406
0.002273                  0.09240000000000001      3.1658320428787494       773.0001980911029
0.00231225                0.09240000000000001      3.1247466814018683       773.0001948106174
0.0023515                 0.09240000000000001      3.0820806479784886       773.000191464079
0.00239075                0.09240000000000001      3.03786604133596         773.0001880470903
0.00243                   0.09240000000000001      2.9921127751437133       773.0001845580631
0.00246925                0.09240000000000001      2.9448344681519103       773.0001810017195
0.0025085                 0.09240000000000001      2.8960351711909817       773.0001773799245
0.00254775                0.09240000000000001      2.845735617809856        773.0001736868535
0.002587                  0.09240000000000001      2.7939414159856204       773.0001699225145
0.0026262499999999997     0.09240000000000001      2.7406619733960125       773.0001660868678
0.0026655                 0.09240000000000001      2.685919616826996        773.0001621864662
0.0027047499999999997     0.09240000000000001      2.6297136149307603       773.0001582185308
0.002744                  0.09240000000000001      2.57204430306026         773.0001541832673
0.0027832499999999997     0.09240000000000001      2.512933247794681        773.0001500841922
0.0028225                 0.09240000000000001      2.452395275618633        773.00014591186
0.0028617499999999997     0.09240000000000001      2.3904317506527586       773.0001416700686
0.002901                  0.09240000000000001      2.3270461122511903       773.0001373687861
0.0029402499999999997     0.09240000000000001      2.262239220064871        773.0001330055675
0.0029795                 0.09240000000000001      2.1960318913730803       773.0001285741021
0.0030187499999999997     0.09240000000000001      2.1284337226655543       773.000124083255
0.003058                  0.09240000000000001      2.059444678970046        773.0001195328243
0.0030972499999999997     0.09240000000000001      1.9890628650767006       773.0001149130493
0.0031365                 0.09240000000000001      1.9173002168113513       773.0001102456292
0.0031757499999999998     0.09240000000000001      1.8441726679603987       773.0001055203354
0.003215                  0.09240000000000001      1.769681131445176        773.0001007463113
0.0032542499999999998     0.09240000000000001      1.6938257471868885       773.0000959234075
0.0032935                 0.09240000000000001      1.6166128273859404       773.00009105108
0.0033327499999999998     0.09240000000000001      1.5380452751183715       773.0000861294338
0.003372                  0.09240000000000001      1.4581360338472906       773.0000811695993
0.00341125                0.09240000000000001      1.3768878053010625       773.0000761789439
0.0034505                 0.09240000000000001      1.294301133114329        773.0000711514629
0.00348975                0.09240000000000001      1.2103791621580329       773.000066092201
0.003529                  0.09240000000000001      1.1251333747920682       773.0000610126793
0.00356825                0.09240000000000001      1.0385648819300337       773.0000559124047
0.0036075                 0.09240000000000001      0.9506741403385408       773.0000507938898
0.00364675                0.09240000000000001      0.8614669411791931       773.0000456619395
0.003686                  0.09240000000000001      0.7709507696720572       773.0000405318814
0.00372525                0.09240000000000001      0.6791255133353373       773.0000354026503
0.0037645                 0.09240000000000001      0.5859941788135261       773.000030277935
0.00380375                0.09240000000000001      0.4915633140021892       773.0000251666036
0.0038429999999999996     0.09240000000000001      0.3958335412746849       773.0000200695389
0.00388225                0.09240000000000001      0.29880968356098137      773.0000150012614
0.0039215                 0.09240000000000001      0.20049396390358315      773.0000099634968
0.00396075                0.09240000000000001      0.10088976968298653      773.000004959972
0.004                     0.09240000000000001      1.3189311992979111E-15   773
7.5E-5                    0.0946                   0                        772.9999794817129
1.1424999999999999E-4     0.0946                   0.622952856313323        772.9999794721185
1.535E-4                  0.0946                   1.0583050954897228       772.9999794509139
1.9275E-4                 0.0946                   1.392042615671175        772.9999794251272
2.32E-4                   0.0946                   1.6621422311729175       772.999979398543
2.7125E-4                 0.0946                   1.8867499218033967       772.9999793735326
3.1049999999999996E-4     0.0946                   2.080420095686374        772.9999793531437
3.4974999999999996E-4     0.0946                   2.2465825011096325       772.9999793377428
3.8899999999999997E-4     0.0946                   2.394956262211822        772.999979329739
4.2825E-4                 0.0946                   2.52608103898935         772.9999793299794
4.675E-4                  0.0946                   2.6422218851947825       772.9999793388852
5.0675E-4                 0.0946                   2.7485118418397883       772.9999793576991
5.459999999999999E-4      0.0946                   2.844950911717128        772.9999793864212
5.852499999999999E-4      0.0946                   2.9312639589297875       772.9999794248049
6.245E-4                  0.0946                   3.0099195124107863       772.9999794746892
6.6375E-4                 0.0946                   3.082252233404507        772.9999795370024
7.03E-4                   0.0946                   3.1482621199661813       772.9999796117446
7.4225E-4                 0.0946                   3.208001178305399        772.9999796990135
7.815E-4                  0.0946                   3.262696325837056        772.999979798671
8.2075E-4                 0.0946                   3.312315142871232        772.999979908569
8.6E-4                    0.0946                   3.3574902763264705       772.9999800314771
8.9925E-4                 0.0946                   3.398236727491707        772.9999801689627
9.385E-4                  0.0946                   3.4350500055807403       772.999980319519
9.7775E-4                 0.0946                   3.4682527262083256       772.9999804817701
0.001017                  0.0946                   3.497811498649997        772.9999806557823
0.00105625                0.0946                   3.5238520772443644       772.9999808421687
0.0010955                 0.0946                   3.5468878861973683       772.9999810408058
0.00113475                0.0946                   3.566966615009654        772.9999812515293
0.001174                  0.0946                   3.5840662674971493       772.9999814740797
0.00121325                0.0946                   3.598291924849218        772.9999817085445
0.0012525                 0.0946                   3.60986651988632         772.9999819522499
0.00129175                0.0946                   3.6188427186270524       772.9999822057006
0.001331                  0.0946                   3.625294402442749        772.9999824707891
0.00137025                0.0946                   3.629303049598487        772.9999827453132
0.0014095                 0.0946                   3.6309979905648975       772.9999830279048
0.00144875                0.0946                   3.6303803509308943       772.9999833185972
0.001488                  0.0946                   3.6274669312759924       772.9999836175307
0.00152725                0.0946                   3.6224236034891697       772.9999839241323
0.0015665                 0.0946                   3.615291404218503        772.9999842377318
0.00160575                0.0946                   3.606070333463575        772.99998455833
0.001645                  0.0946                   3.594789701251359        772.9999848857874
0.00168425                0.0946                   3.5815386574444945       772.9999852174046
0.0017235                 0.0946                   3.566340238421552        772.9999855531096
0.00176275                0.0946                   3.5492334950878535       772.9999858945447
0.001802                  0.0946                   3.5302416732796265       772.9999862401445
0.00184125                0.0946                   3.509422103280396        772.9999865880437
0.0018805                 0.0946                   3.486777180812467        772.9999869382932
0.00191975                0.0946                   3.4623221644497626       772.9999872911071
0.001959                  0.0946                   3.436126417197715        772.9999876453297
0.00199825                0.0946                   3.408206347568397        772.9999880004495
0.0020375                 0.0946                   3.3785601076320333       772.9999883564308
0.00207675                0.0946                   3.34721269430751         772.9999887132385
0.002116                  0.0946                   3.314204761265175        772.9999890682494
0.00215525                0.0946                   3.2795511857149826       772.9999894222516
0.0021945                 0.0946                   3.2432533110756165       772.9999897754054
0.00223375                0.0946                   3.2053355552850338       772.9999901266422
0.002273                  0.0946                   3.165830809326478        772.9999904747076
0.00231225                0.0946                   3.1247427008763013       772.9999908199889
0.0023515                 0.0946                   3.0820801201137216       772.9999911626062
0.00239075                0.0946                   3.0378686854417682       772.9999915007628
0.00243                   0.0946                   2.992116051559294        772.9999918343733
0.00246925                0.0946                   2.944831710510934        772.9999921635678
0.0025085                 0.0946                   2.896035387519436        772.999992488313
0.00254775                0.0946                   2.845737784233352        772.9999928074482
0.002587                  0.0946                   2.793940552597005        772.9999931209181
0.0026262499999999997     0.0946                   2.740664351102984        772.999993428867
0.0026655                 0.0946                   2.685917542114301        772.9999937311151
0.0027047499999999997     0.0946                   2.629707934753606        772.9999940269005
0.002744                  0.0946                   2.5720438951003857       772.9999943160614
0.0027832499999999997     0.0946                   2.512939177654733        772.9999945986677
0.0028225                 0.0946                   2.4523983349278318       772.9999948744565
0.0028617499999999997     0.0946                   2.390427265200567        772.9999951427194
0.002901                  0.0946                   2.3270380776036275       772.999995403583
0.0029402499999999997     0.0946                   2.2622419253331407       772.999995657245
0.0029795                 0.0946                   2.1960384182165416       772.9999959037119
0.0030187499999999997     0.0946                   2.128430896188618        772.9999961427578
0.003058                  0.0946                   2.059438632921637        772.9999963741305
0.0030972499999999997     0.0946                   1.9890636266861084       772.999996597896
0.0031365                 0.0946                   1.9173058774817442       772.9999968140546
0.0031757499999999998     0.0946                   1.844173698866142        772.9999970227218
0.003215                  0.0946                   1.7696802730811025       772.99999722419
0.0032542499999999998     0.0946                   1.6938257343869088       772.9999974184709
0.0032935                 0.0946                   1.6166100827837053       772.999997605565
0.0033327499999999998     0.0946                   1.5380418067240496       772.9999977856822
0.003372                  0.0946                   1.4581344182667353       772.9999979589952
0.00341125                0.0946                   1.3768881925136276       772.9999981254803
0.0034505                 0.0946                   1.294303129464645        772.999998285137
0.00348975                0.0946                   1.2103803896838736       772.9999984380208
0.003529                  0.0946                   1.1251329541958486       772.9999985852045
0.00356825                0.0946                   1.0385643315921853       772.9999987270938
0.0036075                 0.0946                   0.9506748988971596       772.9999988635116
0.00364675                0.0946                   0.8614673101628794       772.999998994183
0.003686                  0.0946                   0.7709506204114133       772.9999991202387
0.00372525                0.0946                   0.6791257663588781       772.9999992417174
0.0037645                 0.0946                   0.5859944049156104       772.9999993588771
0.00380375                0.0946                   0.4915632558145369       772.9999994728425
0.0038429999999999996     0.0946                   0.39583366649212115      772.9999995829361
0.00388225                0.0946                   0.2988096796068304       772.9999996903695
0.0039215                 0.0946                   0.20049400856617897      772.9999997954848
0.00396075                0.0946                   0.10088979526534078      772.9999998984583
0.004                     0.0946                   4.05212943441023E-15     773
7.5E-5                    0.09680000000000001      0                        772.9997581994537
1.1424999999999999E-4     0.09680000000000001      0.6229515363294749       772.9997582106963
1.535E-4                  0.09680000000000001      1.0582907328645117       772.9997582529588
1.9275E-4                 0.09680000000000001      1.3920624862903659       772.9997583357294
2.32E-4                   0.09680000000000001      1.6621733633400106       772.9997584656472
2.7125E-4                 0.09680000000000001      1.8867599620148303       772.9997586473667
3.1049999999999996E-4     0.09680000000000001      2.0804358835125343       772.9997588865774
3.4974999999999996E-4     0.09680000000000001      2.246605797765103        772.9997591846216
3.8899999999999997E-4     0.09680000000000001      2.3949428664008137       772.9997595470344
4.2825E-4                 0.09680000000000001      2.5257893085374987       772.9997599742273
4.675E-4                  0.09680000000000001      2.6421255136318855       772.999760469231
5.0675E-4                 0.09680000000000001      2.748502668617843        772.9997610350861
5.459999999999999E-4      0.09680000000000001      2.8448982505209104       772.9997616717675
5.852499999999999E-4      0.09680000000000001      2.931437312820644        772.9997623794962
6.245E-4                  0.09680000000000001      3.0099444931189883       772.9997631601718
6.6375E-4                 0.09680000000000001      3.082260990236141        772.9997640172753
7.03E-4                   0.09680000000000001      3.148386802733919        772.9997649508072
7.4225E-4                 0.09680000000000001      3.208321931926914        772.9997659607671
7.815E-4                  0.09680000000000001      3.2629502668800217       772.9997670468653
8.2075E-4                 0.09680000000000001      3.312433474155783        772.9997682073594
8.6E-4                    0.09680000000000001      3.3573104935382565       772.999769444318
8.9925E-4                 0.09680000000000001      3.3981005097929025       772.9997707601527
9.385E-4                  0.09680000000000001      3.4350058272215858       772.9997721537217
9.7775E-4                 0.09680000000000001      3.468172974895712        772.9997736224859
0.001017                  0.09680000000000001      3.497638638013214        772.9997751664496
0.00105625                0.09680000000000001      3.5239183077139216       772.9997767867554
0.0010955                 0.09680000000000001      3.547014545592343        772.9997784826107
0.00113475                0.09680000000000001      3.566926335647908        772.999780253076
0.001174                  0.09680000000000001      3.5840047262134105       772.9997820972395
0.00121325                0.09680000000000001      3.5983174538204983       772.9997840124547
0.0012525                 0.09680000000000001      3.6098913990026205       772.9997860003521
0.00129175                0.09680000000000001      3.618813364490537        772.999788060145
0.001331                  0.09680000000000001      3.625295920049027        772.9997901881836
0.00137025                0.09680000000000001      3.6293433569998133       772.9997923840934
0.0014095                 0.09680000000000001      3.6309650324042075       772.9997946479731
0.00144875                0.09680000000000001      3.6303333899490644       772.9997969761918
0.001488                  0.09680000000000001      3.627491614945376        772.9997993670004
0.00152725                0.09680000000000001      3.6224679147637566       772.9998018215356
0.0015665                 0.09680000000000001      3.615275768093871        772.9998043394658
0.00160575                0.09680000000000001      3.606044862515217        772.9998069150488
0.001645                  0.09680000000000001      3.5947988788748098       772.9998095462106
0.00168425                0.09680000000000001      3.5815445377749837       772.9998122329225
0.0017235                 0.09680000000000001      3.5663324320969045       772.9998149754197
0.00176275                0.09680000000000001      3.5492256625150467       772.9998177698391
0.001802                  0.09680000000000001      3.5302560079114764       772.9998206128903
0.00184125                0.09680000000000001      3.5094234682862964       772.9998235045739
0.0018805                 0.09680000000000001      3.486754991647898        772.9998264437702
0.00191975                0.09680000000000001      3.46232668137997         772.9998294254143
0.001959                  0.09680000000000001      3.4361420136277316       772.9998324489484
0.00199825                0.09680000000000001      3.408200988390608        772.9998355143733
0.0020375                 0.09680000000000001      3.378546355291561        772.9998386184876
0.00207675                0.09680000000000001      3.347215236523867        772.9998417559952
0.002116                  0.09680000000000001      3.3142139232283876       772.9998449268967
0.00215525                0.09680000000000001      3.2795483762967446       772.9998481315231
0.0021945                 0.09680000000000001      3.2432396429130863       772.9998513670603
0.00223375                0.09680000000000001      3.205336035306655        772.999854627203
0.002273                  0.09680000000000001      3.165839408322569        772.9998579117198
0.00231225                0.09680000000000001      3.124749630453655        772.9998612204922
0.0023515                 0.09680000000000001      3.0820758994174002       772.9998645523549
0.00239075                0.09680000000000001      3.037863994207753        772.9998679006256
0.00243                   0.09680000000000001      2.9921178585649137       772.9998712647994
0.00246925                0.09680000000000001      2.9448374740666248       772.9998746448961
0.0025085                 0.09680000000000001      2.896030496545219        772.9998780395307
0.00254775                0.09680000000000001      2.8457312113779176       772.9998814423711
0.002587                  0.09680000000000001      2.7939436880069652       772.9998848526424
0.0026262499999999997     0.09680000000000001      2.740667914491186        772.9998882704417
0.0026655                 0.09680000000000001      2.685913243084444        772.9998916939932
0.0027047499999999997     0.09680000000000001      2.629706196445025        772.999895118012
0.002744                  0.09680000000000001      2.572048509377289        772.999898542264
0.0027832499999999997     0.09680000000000001      2.5129401957600064       772.9999019667304
0.0028225                 0.09680000000000001      2.4523940370797455       772.999905388572
0.0028617499999999997     0.09680000000000001      2.3904283490061724       772.9999088038732
0.002901                  0.09680000000000001      2.3270429610186745       772.9999122127276
0.0029402499999999997     0.09680000000000001      2.262239170164778        772.9999156147575
0.0029795                 0.09680000000000001      2.1960328376045184       772.9999190059771
0.0030187499999999997     0.09680000000000001      2.128433002043535        772.9999223851099
0.003058                  0.09680000000000001      2.0594410311842166       772.999925751931
0.0030972499999999997     0.09680000000000001      1.989060931809084        772.9999291053697
0.0031365                 0.09680000000000001      1.917305109470996        772.9999324421061
0.0031757499999999998     0.09680000000000001      1.8441746807341397       772.9999357618839
0.003215                  0.09680000000000001      1.7696798114376069       772.9999390633587
0.0032542499999999998     0.09680000000000001      1.6938240104856177       772.9999423458909
0.0032935                 0.09680000000000001      1.6166127424528172       772.9999456074977
0.0033327499999999998     0.09680000000000001      1.538046740166662        772.9999488477837
0.003372                  0.09680000000000001      1.4581359442832695       772.9999520656474
0.00341125                0.09680000000000001      1.3768873057226059       772.999955260011
0.0034505                 0.09680000000000001      1.2943010264477504       772.9999584301854
0.00348975                0.09680000000000001      1.2103789173669575       772.9999615758866
0.003529                  0.09680000000000001      1.1251328370967182       772.9999646956521
0.00356825                0.09680000000000001      1.0385644770855673       772.9999677890912
0.0036075                 0.09680000000000001      0.9506739316470167       772.9999708561024
0.00364675                0.09680000000000001      0.8614669777970041       772.9999738959581
0.003686                  0.09680000000000001      0.7709508227330594       772.9999769080997
0.00372525                0.09680000000000001      0.6791253519443923       772.9999798926823
0.0037645                 0.09680000000000001      0.5859943461523687       772.9999828493105
0.00380375                0.09680000000000001      0.49156354923317547      772.9999857779411
0.0038429999999999996     0.09680000000000001      0.39583367069656733      772.9999886782533
0.00388225                0.09680000000000001      0.298809821666199        772.9999915504247
0.0039215                 0.09680000000000001      0.20049406142870418      772.9999943946922
0.00396075                0.09680000000000001      0.10088983627167047      772.9999972111393
0.004                     0.09680000000000001      6.982928054185387E-16    773
7.5E-5                    0.099                    3.000815714288344E-16    772.9994840732209
1.1424999999999999E-4     0.099                    0.6229100438360193       772.9994841092259
1.535E-4                  0.099                    1.0582210761674367       772.9994842286355
1.9275E-4                 0.099                    1.3920689443520424       772.9994844456211
2.32E-4                   0.099                    1.6622413412267951       772.999484771429
2.7125E-4                 0.099                    1.886466251950012        772.9994852136128
3.1049999999999996E-4     0.099                    2.0804719133837746       772.9994857831224
3.4974999999999996E-4     0.099                    2.246397230071232        772.9994864812969
3.8899999999999997E-4     0.099                    2.3944715768448304       772.9994873185169
4.2825E-4                 0.099                    2.5265354551039447       772.9994882973463
4.675E-4                  0.099                    2.6428278884140988       772.9994894194247
5.0675E-4                 0.099                    2.748096597594352        772.9994906902369
5.459999999999999E-4      0.099                    2.844518708462629        772.9994921158623
5.852499999999999E-4      0.099                    2.9319274930739043       772.9994936947847
6.245E-4                  0.099                    3.0104478687342873       772.9994954285612
6.6375E-4                 0.099                    3.0821001116049103       772.9994973200157
7.03E-4                   0.099                    3.1477977806376827       772.9994993685676
7.4225E-4                 0.099                    3.2079998815219817       772.9995015794117
7.815E-4                  0.099                    3.2627064156382364       772.999503952548
8.2075E-4                 0.099                    3.312214725403021        772.9995064873658
8.6E-4                    0.099                    3.3571961989966246       772.9995091792117
8.9925E-4                 0.099                    3.398084767438732        772.999512030843
9.385E-4                  0.099                    3.435122970412318        772.9995150450673
9.7775E-4                 0.099                    3.468302413492748        772.9995182218702
0.001017                  0.099                    3.4978077833121537       772.9995215575126
0.00105625                0.099                    3.5238845054659187       772.9995250478404
0.0010955                 0.099                    3.54691847043912         772.9995286955517
0.00113475                0.099                    3.566988575970954        772.9995324964792
0.001174                  0.099                    3.5840963472323057       772.9995364520023
0.00121325                0.099                    3.598282966528328        772.9995405604193
0.0012525                 0.099                    3.609863170121508        772.9995448152873
0.00129175                0.099                    3.618868638890676        772.9995492169843
0.001331                  0.099                    3.6252972386872346       772.9995537651623
0.00137025                0.099                    3.6293073934011026       772.9995584534794
0.0014095                 0.099                    3.630986045477221        772.9995632774945
0.00144875                0.099                    3.6303682863490927       772.9995682395
0.001488                  0.099                    3.627474514963846        772.9995733381585
0.00152725                0.099                    3.6224433790269774       772.999578562813
0.0015665                 0.099                    3.615302188189533        772.9995839114046
0.00160575                0.099                    3.6060560987276764       772.9995893839499
0.001645                  0.099                    3.5947640420064104       772.9995949790542
0.00168425                0.099                    3.581528166966833        772.9996006857431
0.0017235                 0.099                    3.566352256990259        772.999606503409
0.00176275                0.099                    3.5492333891762695       772.9996124321433
0.001802                  0.099                    3.5302260453792957       772.9996184687463
0.00184125                0.099                    3.5094085298046074       772.9996245990774
0.0018805                 0.099                    3.4867806910800923       772.9996308226378
0.00191975                0.099                    3.4623491459546103       772.9996371411022
0.001959                  0.099                    3.436124847463116        772.9996435521687
0.00199825                0.099                    3.408188141708846        772.9996500420583
0.0020375                 0.099                    3.378553345104899        772.9996566109509
0.00207675                0.099                    3.347225418361453        772.9996632535193
0.002116                  0.099                    3.3142082682421834       772.9996699675144
0.00215525                0.099                    3.2795392442486655       772.999676747782
0.0021945                 0.099                    3.2432413626613403       772.999683592537
0.00223375                0.099                    3.205342607908335        772.9996904899756
0.002273                  0.099                    3.16584375203435         772.999697439307
0.00231225                0.099                    3.124742504826598        772.999704441118
0.0023515                 0.099                    3.082074387821388        772.9997114877398
0.00239075                0.099                    3.0378661431438383       772.9997185706451
0.00243                   0.099                    2.9921186141343625       772.999725689254
0.00246925                0.099                    2.9448318511129914       772.999732843556
0.0025085                 0.099                    2.896031833900472        772.9997400245323
0.00254775                0.099                    2.845734772032736        772.9997472252956
0.002587                  0.099                    2.7939421424907733       772.9997544454285
0.0026262499999999997     0.099                    2.740662419089354        772.9997616832309
0.0026655                 0.099                    2.6859124569490547       772.9997689321193
0.0027047499999999997     0.099                    2.629709066248039        772.9997761841972
0.002744                  0.099                    2.5720499920972797       772.9997834409531
0.0027832499999999997     0.099                    2.512937632346701        772.9997907012827
0.0028225                 0.099                    2.452395196635674        772.9997979546825
0.0028617499999999997     0.099                    2.390428901745565        772.9998051997318
0.002901                  0.099                    2.3270422512494044       772.9998124344518
0.0029402499999999997     0.099                    2.2622382660486253       772.999819657353
0.0029795                 0.099                    2.196034749611927        772.9998268599875
0.0030187499999999997     0.099                    2.128434616157261        772.9998340410281
0.003058                  0.099                    2.059439905041984        772.999841199296
0.0030972499999999997     0.099                    1.9890570576795485       772.9998483324316
0.0031365                 0.099                    1.9173030004983131       772.9998554325349
0.0031757499999999998     0.099                    1.8441780110039379       772.9998624999257
0.003215                  0.099                    1.769681472119165        772.9998695350966
0.0032542499999999998     0.099                    1.6938218323498428       772.999876531732
0.0032935                 0.099                    1.6166089080341173       772.999883488476
0.0033327499999999998     0.099                    1.5380479573873238       772.9998904021348
0.003372                  0.099                    1.458139917991609        772.9998972718494
0.00341125                0.099                    1.3768871780062857       772.9999040963366
0.0034505                 0.099                    1.294300173945684        772.9999108719475
0.00348975                0.099                    1.2103801189968446       772.9999175985777
0.003529                  0.099                    1.1251331296504412       772.9999242736136
0.00356825                0.099                    1.0385635735240564       772.9999308953504
0.0036075                 0.099                    0.9506751018275416       772.9999374633053
0.00364675                0.099                    0.8614680745212252       772.9999439769267
0.003686                  0.099                    0.77095015720998         772.9999504339797
0.00372525                0.099                    0.6791254903275157       772.9999568337231
0.0037645                 0.099                    0.5859943306003689       772.9999631766507
0.00380375                0.099                    0.4915633018379803       772.9999694610472
0.0038429999999999996     0.099                    0.3958337274049652       772.9999756865517
0.00388225                0.099                    0.29880974495833584      772.9999818532622
0.0039215                 0.099                    0.20049406084850366      772.9999879610775
0.00396075                0.099                    0.10088982910187869      772.9999940099497
0.004                     0.099                    3.2887560810108674E-15   773.0000000000002
7.5E-5                    0.10120000000000001      0                        772.9990011653065
1.1424999999999999E-4     0.10120000000000001      0.6229396267829465       772.9990012347209
1.535E-4                  0.10120000000000001      1.0581706397214905       772.99900146531
1.9275E-4                 0.10120000000000001      1.3918844878292789       772.9990018840356
2.32E-4                   0.10120000000000001      1.6624077668251729       772.9990025135338
2.7125E-4                 0.10120000000000001      1.886712290703853        772.9990033689252
3.1049999999999996E-4     0.10120000000000001      2.0802070164883633       772.9990044680636
3.4974999999999996E-4     0.10120000000000001      2.2465487972240705       772.999005818605
3.8899999999999997E-4     0.10120000000000001      2.3948858099897548       772.9990074385129
4.2825E-4                 0.10120000000000001      2.526014527527023        772.9990093281846
4.675E-4                  0.10120000000000001      2.6422139079942415       772.9990114975742
5.0675E-4                 0.10120000000000001      2.748367256971375        772.9990139608664
5.459999999999999E-4      0.10120000000000001      2.8444796408289976       772.9990167181141
5.852499999999999E-4      0.10120000000000001      2.931697965754152        772.9990197714484
6.245E-4                  0.10120000000000001      3.010606378338222        772.9990231204064
6.6375E-4                 0.10120000000000001      3.0827971531036202       772.9990267792996
7.03E-4                   0.10120000000000001      3.1485307524312662       772.9990307496889
7.4225E-4                 0.10120000000000001      3.20815317446327         772.9990350315427
7.815E-4                  0.10120000000000001      3.26266259611923         772.9990396202517
8.2075E-4                 0.10120000000000001      3.3120477907475268       772.9990445172299
8.6E-4                    0.10120000000000001      3.3572520768691234       772.9990497281435
8.9925E-4                 0.10120000000000001      3.398262747390646        772.9990552513536
9.385E-4                  0.10120000000000001      3.435076142580762        772.9990610874887
9.7775E-4                 0.10120000000000001      3.468044749338491        772.9990672335647
0.001017                  0.10120000000000001      3.497687098697058        772.9990736839151
0.00105625                0.10120000000000001      3.5240034613002          772.9990804390154
0.0010955                 0.10120000000000001      3.546992530894916        772.9990874989918
0.00113475                0.10120000000000001      3.5669030365525987       772.999094859901
0.001174                  0.10120000000000001      3.5840203916535125       772.9991025140582
0.00121325                0.10120000000000001      3.598345432777123        772.9991104613099
0.0012525                 0.10120000000000001      3.609878159920342        772.9991187016558
0.00129175                0.10120000000000001      3.618795697079154        772.9991272289435
0.001331                  0.10120000000000001      3.6252858583672465       772.9991360274978
0.00137025                0.10120000000000001      3.6293481683396345       772.9991450970258
0.0014095                 0.10120000000000001      3.630989006375091        772.9991544423934
0.00144875                0.10120000000000001      3.63030780654285         772.9991640526056
0.001488                  0.10120000000000001      3.6274690701641603       772.9991739142733
0.00152725                0.10120000000000001      3.622466571994831        772.9991840255676
0.0015665                 0.10120000000000001      3.6152983127350407       772.9991943857698
0.00160575                0.10120000000000001      3.6060203534474864       772.9992049923337
0.001645                  0.10120000000000001      3.594770629407868        772.9992158198589
0.00168425                0.10120000000000001      3.581551607697938        772.999226863598
0.0017235                 0.10120000000000001      3.5663648229032434       772.9992381261154
0.00176275                0.10120000000000001      3.5492177084477623       772.9992496103047
0.001802                  0.10120000000000001      3.530227969650227        772.9992612869488
0.00184125                0.10120000000000001      3.5094129755555223       772.9992731561777
0.0018805                 0.10120000000000001      3.486774032540537        772.9992852112214
0.00191975                0.10120000000000001      3.4623216065408133       772.9992974500726
0.001959                  0.10120000000000001      3.43612863030766         772.9993098530169
0.00199825                0.10120000000000001      3.408206124682654        772.9993224131476
0.0020375                 0.10120000000000001      3.3785529376474845       772.9993351321941
0.00207675                0.10120000000000001      3.347201914705955        772.9993479987538
0.002116                  0.10120000000000001      3.3141985211489704       772.9993609960853
0.00215525                0.10120000000000001      3.279546642281586        772.9993741190693
0.0021945                 0.10120000000000001      3.24324627810496         772.9993873677057
0.00223375                0.10120000000000001      3.20533289490667         772.9994007273481
0.002273                  0.10120000000000001      3.16583398140635         772.9994141833059
0.00231225                0.10120000000000001      3.1247480150444504       772.9994277344169
0.0023515                 0.10120000000000001      3.0820749578063613       772.9994413808691
0.00239075                0.10120000000000001      3.0378573117124152       772.9994551024369
0.00243                   0.10120000000000001      2.9921113141045783       772.9994688847381
0.00246925                0.10120000000000001      2.9448369649828323       772.9994827277724
0.0025085                 0.10120000000000001      2.8960332586351383       772.9994966339098
0.00254775                0.10120000000000001      2.845727322500874        772.9995105822582
0.002587                  0.10120000000000001      2.793938863085757        772.9995245608746
0.0026262499999999997     0.10120000000000001      2.740667232942223        772.9995385705574
0.0026655                 0.10120000000000001      2.6859146720480904       772.9995526087807
0.0027047499999999997     0.10120000000000001      2.629703276017668        772.9995666566508
0.002744                  0.10120000000000001      2.572042467442017        772.9995807120802
0.0027832499999999997     0.10120000000000001      2.512940836301657        772.9995947623861
0.0028225                 0.10120000000000001      2.4523983825966167       772.9996088075687
0.0028617499999999997     0.10120000000000001      2.3904242900151966       772.9996228413675
0.002901                  0.10120000000000001      2.327038362156887        772.9996368490575
0.0029402499999999997     0.10120000000000001      2.262241373624272        772.9996508278723
0.0029795                 0.10120000000000001      2.196033520901099        772.9996647779524
0.0030187499999999997     0.10120000000000001      2.1284306122595074       772.9996786856116
0.003058                  0.10120000000000001      2.059440219787313        772.9996925424368
0.0030972499999999997     0.10120000000000001      1.9890623798961902       772.9997063485056
0.0031365                 0.10120000000000001      1.9173008097332576       772.999720101359
0.0031757499999999998     0.10120000000000001      1.8441729993436058       772.9997337863348
0.003215                  0.10120000000000001      1.7696809193817704       772.9997474021557
0.0032542499999999998     0.10120000000000001      1.6938245731155768       772.9997609488088
0.0032935                 0.10120000000000001      1.6166061168364723       772.9997744224745
0.0033327499999999998     0.10120000000000001      1.5380419000430916       772.9997878091439
0.003372                  0.10120000000000001      1.4581341439437534       772.9998011088619
0.00341125                0.10120000000000001      1.3768875283727533       772.9998143181881
0.0034505                 0.10120000000000001      1.2943038708971921       772.9998274351494
0.00348975                0.10120000000000001      1.2103831715173252       772.9998404597457
0.003529                  0.10120000000000001      1.1251324982691453       772.9998533852017
0.00356825                0.10120000000000001      1.038562768063961        772.9998662058032
0.0036075                 0.10120000000000001      0.9506752691189103       772.9998789216177
0.00364675                0.10120000000000001      0.861469349590807        772.9998915316146
0.003686                  0.10120000000000001      0.7709497557763189       772.9999040337948
0.00372525                0.10120000000000001      0.6791252495680244       772.9999164247411
0.0037645                 0.10120000000000001      0.5859942258911498       772.9999287052724
0.00380375                0.10120000000000001      0.49156315019853647      772.9999408726426
0.0038429999999999996     0.10120000000000001      0.39583359661205936      772.9999529258155
0.00388225                0.10120000000000001      0.29880967693131844      772.9999648655375
0.0039215                 0.10120000000000001      0.20049402047799983      772.9999766912919
0.00396075                0.10120000000000001      0.10088981700915972      772.9999884024608
0.004                     0.10120000000000001      2.574812859411468E-15    773.0000000000001
7.5E-5                    0.1034                   1.199546593751003E-16    772.9981049009766
1.1424999999999999E-4     0.1034                   0.6229318063353452       772.9981050324831
1.535E-4                  0.1034                   1.0581921952949918       772.9981054693536
1.9275E-4                 0.1034                   1.3920681974943996       772.9981062640214
2.32E-4                   0.1034                   1.6623141055406945       772.9981074574591
2.7125E-4                 0.1034                   1.886576586969888        772.9981090803178
3.1049999999999996E-4     0.1034                   2.080370129673796        772.9981111657152
3.4974999999999996E-4     0.1034                   2.2464574024167967       772.998113724759
3.8899999999999997E-4     0.1034                   2.3946660850515027       772.9981167956645
4.2825E-4                 0.1034                   2.5263499144220316       772.9981203856746
4.675E-4                  0.1034                   2.6425292880232973       772.9981244986275
5.0675E-4                 0.1034                   2.7486006196053046       772.9981291674222
5.459999999999999E-4      0.1034                   2.8450347318293696       772.9981343930627
5.852499999999999E-4      0.1034                   2.9317500506799608       772.9981401797846
6.245E-4                  0.1034                   3.009969833680392        772.998146530779
6.6375E-4                 0.1034                   3.0817149727566204       772.9981534714888
7.03E-4                   0.1034                   3.1478098203025024       772.9981610003385
7.4225E-4                 0.1034                   3.2083678539176343       772.9981691172519
7.815E-4                  0.1034                   3.263323628969217        772.9981778199822
8.2075E-4                 0.1034                   3.31261270836941         772.9981871067697
8.6E-4                    0.1034                   3.3571002623184403       772.9981969901221
8.9925E-4                 0.1034                   3.398039738090915        772.9982074629831
9.385E-4                  0.1034                   3.43506288637361         772.9982185235211
9.7775E-4                 0.1034                   3.468133228568752        772.9982301753099
0.001017                  0.1034                   3.497636274765583        772.9982424109712
0.00105625                0.1034                   3.523939233734171        772.9982552255232
0.0010955                 0.1034                   3.5470309361821526       772.9982686135007
0.00113475                0.1034                   3.5669298090437795       772.9982825719542
0.001174                  0.1034                   3.5839820641117504       772.9982970951128
0.00121325                0.1034                   3.5983098724214573       772.998312158815
0.0012525                 0.1034                   3.6099148817230047       772.9983277761411
0.00129175                0.1034                   3.6188114194401644       772.9983439457945
0.001331                  0.1034                   3.6252507913615406       772.9983606378986
0.00137025                0.1034                   3.629319609845628        772.9983778445849
0.0014095                 0.1034                   3.6310163070717723       772.9983955610576
0.00144875                0.1034                   3.6303365326838635       772.9984137806891
0.001488                  0.1034                   3.6274475105303012       772.9984324970414
0.00152725                0.1034                   3.622432627241182        772.9984516693695
0.0015665                 0.1034                   3.6152979665054343       772.9984713072137
0.00160575                0.1034                   3.6060440306830794       772.9984914122977
0.001645                  0.1034                   3.594767217457979        772.9985119564024
0.00168425                0.1034                   3.581536395762087        772.998532910957
0.0017235                 0.1034                   3.5663498177035016       772.9985542761362
0.00176275                0.1034                   3.5492130471694106       772.9985760501386
0.001802                  0.1034                   3.5302231050071917       772.9985982004628
0.00184125                0.1034                   3.5094103635738785       772.9986207062865
0.0018805                 0.1034                   3.4867745600702844       772.9986435701768
0.00191975                0.1034                   3.4623200509625476       772.9986667882058
0.001959                  0.1034                   3.4361194987628783       772.998690315904
0.00199825                0.1034                   3.408193663079231        772.9987141500061
0.0020375                 0.1034                   3.378553051293429        772.9987382724374
0.00207675                0.1034                   3.347206751502662        772.998762672355
0.002116                  0.1034                   3.314192293753646        772.9987873356623
0.00215525                0.1034                   3.279534709113237        772.9988122402528
0.0021945                 0.1034                   3.2432518875806977       772.9988373619373
0.00223375                0.1034                   3.205343829156041        772.9988627007153
0.002273                  0.1034                   3.1658228305130565       772.9988882470127
0.00231225                0.1034                   3.1247339306533104       772.9989139586892
0.0023515                 0.1034                   3.0820810984323916       772.9989398308254
0.00239075                0.1034                   3.037864902942242        772.9989658628019
0.00243                   0.1034                   2.9921113130268044       772.9989920215326
0.00246925                0.1034                   2.944828875182067        772.9990182936319
0.0025085                 0.1034                   2.896031645745584        772.9990446669333
0.00254775                0.1034                   2.8457270442840725       772.9990711353785
0.002587                  0.1034                   2.7939373049101817       772.9990976642266
0.0026262499999999997     0.1034                   2.7406676287558613       772.9991242438023
0.0026655                 0.1034                   2.6859148511435587       772.9991508803223
0.0027047499999999997     0.1034                   2.6297018442649205       772.9991775395351
0.002744                  0.1034                   2.5720421043578683       772.9992042050565
0.0027832499999999997     0.1034                   2.5129388148500094       772.999230870354
0.0028225                 0.1034                   2.4523951677364915       772.9992575296644
0.0028617499999999997     0.1034                   2.390427732209487        772.9992841544362
0.002901                  0.1034                   2.32703896491428         772.9993107407669
0.0029402499999999997     0.1034                   2.262238491151638        772.9993372731186
0.0029795                 0.1034                   2.1960310703657613       772.9993637473829
0.0030187499999999997     0.1034                   2.1284322332120706       772.999390134181
0.003058                  0.1034                   2.0594422353595117       772.9994164330798
0.0030972499999999997     0.1034                   1.989060339634836        772.999442645287
0.0031365                 0.1034                   1.9172999478774837       772.9994687458803
0.0031757499999999998     0.1034                   1.844171540100423        772.9994947219608
0.003215                  0.1034                   1.7696783370893863       772.9995205666613
0.0032542499999999998     0.1034                   1.6938204176936063       772.9995462796036
0.0032935                 0.1034                   1.6166077310626068       772.9995718432256
0.0033327499999999998     0.1034                   1.5380471935273976       772.9995972491738
0.003372                  0.1034                   1.4581388050879704       772.9996224974477
0.00341125                0.1034                   1.376889012180862        772.9996475731925
0.0034505                 0.1034                   1.2942996493996197       772.999672475131
0.00348975                0.1034                   1.2103813047654326       772.9996971926113
0.003529                  0.1034                   1.1251376156132014       772.999721717957
0.00356825                0.1034                   1.0385685819430126       772.9997460511671
0.0036075                 0.1034                   0.950674203755038        772.9997701922421
0.00364675                0.1034                   0.8614661782668747       772.9997941278662
0.003686                  0.1034                   0.770950491617369        772.9998178545665
0.00372525                0.1034                   0.6791262381131146       772.9998413733185
0.0037645                 0.1034                   0.5859945334386426       772.9998646830792
0.00380375                0.1034                   0.49156330017249966      772.9998877762431
0.0038429999999999996     0.1034                   0.39583367404047154      772.9999106531023
0.00388225                0.1034                   0.29880972299045916      772.9999333149137
0.0039215                 0.1034                   0.20049404679596675      772.9999557603334
0.00396075                0.1034                   0.1008898265437639       772.9999779879587
0.004                     0.1034                   9.082031409463596E-16    773
7.5E-5                    0.1056                   2.391188236456264E-16    772.9964281530033
1.1424999999999999E-4     0.1056                   0.6229238802690337       772.9964284033188
1.535E-4                  0.1056                   1.0580740416845422       772.9964292330641
1.9275E-4                 0.1056                   1.3918630103281935       772.9964307380424
2.32E-4                   0.1056                   1.6624285788821955       772.9964329996162
2.7125E-4                 0.1056                   1.8866600020982813       772.9964360680686
3.1049999999999996E-4     0.1056                   2.0801499368777105       772.9964400106527
3.4974999999999996E-4     0.1056                   2.246346752790893        772.996444844802
3.8899999999999997E-4     0.1056                   2.3946154988284536       772.9964506482024
4.2825E-4                 0.1056                   2.5261972243248882       772.9964574293101
4.675E-4                  0.1056                   2.6426987090683403       772.9964652053952
5.0675E-4                 0.1056                   2.748659917541491        772.9964740062126
5.459999999999999E-4      0.1056                   2.8447557755806834       772.9964838596102
5.852499999999999E-4      0.1056                   2.9315005167988506       772.9964947899966
6.245E-4                  0.1056                   3.010293830646227        772.996506801435
6.6375E-4                 0.1056                   3.08260701535306         772.9965198954021
7.03E-4                   0.1056                   3.1484562877664977       772.9965340826623
7.4225E-4                 0.1056                   3.208034865737932        772.9965493887775
7.815E-4                  0.1056                   3.2621941077658994       772.9965658120584
8.2075E-4                 0.1056                   3.311973225238695        772.9965833416496
8.6E-4                    0.1056                   3.3573612285528562       772.9966019769306
8.9925E-4                 0.1056                   3.398358117822323        772.996621717902
9.385E-4                  0.1056                   3.4350231260438076       772.9966425900982
9.7775E-4                 0.1056                   3.4679510104217206       772.9966645603092
0.001017                  0.1056                   3.497615833093772        772.9966876373334
0.00105625                0.1056                   3.5239793575124723       772.9967118000069
0.0010955                 0.1056                   3.5470421778659147       772.9967370419192
0.00113475                0.1056                   3.5669134851081155       772.9967633681312
0.001174                  0.1056                   3.5840008352290798       772.9967907417813
0.00121325                0.1056                   3.5983376157499416       772.9968191477037
0.0012525                 0.1056                   3.6099224906901175       772.996848588198
0.00129175                0.1056                   3.6187935230922963       772.9968790731373
0.001331                  0.1056                   3.625252656356076        772.996910535127
0.00137025                0.1056                   3.6293282647422993       772.9969429696123
0.0014095                 0.1056                   3.631020023497376        772.9969763683441
0.00144875                0.1056                   3.6303302580595878       772.9970107316004
0.001488                  0.1056                   3.627446387912539        772.997046012973
0.00152725                0.1056                   3.6224324568471267       772.9970821564133
0.0015665                 0.1056                   3.6152937575420983       772.9971191670613
0.00160575                0.1056                   3.606039007064911        772.9971570627139
0.001645                  0.1056                   3.5947625489585873       772.9971957812653
0.00168425                0.1056                   3.581530484299089        772.9972352748648
0.0017235                 0.1056                   3.566341655472735        772.9972755412143
0.00176275                0.1056                   3.5492055565515717       772.9973165800681
0.001802                  0.1056                   3.530221694445694        772.9973583226005
0.00184125                0.1056                   3.5094086437592713       772.9974007358919
0.0018805                 0.1056                   3.486766346137856        772.997443829533
0.00191975                0.1056                   3.4623058005540273       772.997487594634
0.001959                  0.1056                   3.436108824615589        772.9975319378179
0.00199825                0.1056                   3.408191731994874        772.9975768343746
0.0020375                 0.1056                   3.378554522691889        772.9976222843034
0.00207675                0.1056                   3.3472000803638258       772.9976682829839
0.002116                  0.1056                   3.3141866347201296       772.9977147506055
0.00215525                0.1056                   3.2795364558917877       772.9977616580452
0.0021945                 0.1056                   3.243249543878106        772.997809005303
0.00223375                0.1056                   3.2053293055263836       772.9978567840526
0.002273                  0.1056                   3.1658198932747794       772.9979049050561
0.00231225                0.1056                   3.124734903203516        772.9979533453652
0.0023515                 0.1056                   3.082077588109649        772.9980021073904
0.00239075                0.1056                   3.0378569200228003       772.9980511688186
0.00243                   0.1056                   2.992106499716627        772.9981004515062
0.00246925                0.1056                   2.944829488551734        772.998149949803
0.0025085                 0.1056                   2.89602666332718         772.9981996616118
0.00254775                0.1056                   2.845724252305607        772.9982495273305
0.002587                  0.1056                   2.7939367952562044       772.9982995078151
0.0026262499999999997     0.1056                   2.740663917019837        772.9983496046051
0.0026655                 0.1056                   2.6859094943212427       772.9983998047911
0.0027047499999999997     0.1056                   2.6297003471222684       772.9984500309431
0.002744                  0.1056                   2.5720420948529403       772.9985002727144
0.0027832499999999997     0.1056                   2.5129397585771027       772.9985505154328
0.0028225                 0.1056                   2.4523944921667433       772.9986007521842
0.0028617499999999997     0.1056                   2.3904233457438226       772.9986509360072
0.002901                  0.1056                   2.3270382174620368       772.998701026255
0.0029402499999999997     0.1056                   2.262239902641781        772.998751019508
0.0029795                 0.1056                   2.196032921274902        772.9988008997636
0.0030187499999999997     0.1056                   2.128429166398252        772.9988506425282
0.003058                  0.1056                   2.0594392007912328       772.9989002008883
0.0030972499999999997     0.1056                   1.9890630244538416       772.9989495748432
0.0031365                 0.1056                   1.9173017951580242       772.9989987624244
0.0031757499999999998     0.1056                   1.844172854966256        772.9990477149092
0.003215                  0.1056                   1.7696809602612675       772.9990964139321
0.0032542499999999998     0.1056                   1.6938261110430552       772.9991448594934
0.0032935                 0.1056                   1.6166086417325143       772.9991930508469
0.0033327499999999998     0.1056                   1.5380433032214795       772.9992409447623
0.003372                  0.1056                   1.458137278342882        772.9992885169154
0.00341125                0.1056                   1.3768905670967388       772.9993357673067
0.0034505                 0.1056                   1.2943038770529938       772.99938269018
0.00348975                0.1056                   1.2103798857772785       772.9994292830532
0.003529                  0.1056                   1.1251330363566674       772.999475510443
0.00356825                0.1056                   1.0385648208914386       772.9995213653989
0.0036075                 0.1056                   0.9506754100993087       772.9995668564748
0.00364675                0.1056                   0.8614677031375586       772.9996119726658
0.003686                  0.1056                   0.7709511610642165       772.9996566936572
0.00372525                0.1056                   0.6791263909761          772.9997010205178
0.0037645                 0.1056                   0.585994916889731        772.9997449513385
0.00380375                0.1056                   0.491563884368937        772.9997884748577
0.0038429999999999996     0.1056                   0.3958341747977522       772.9998315962083
0.00388225                0.1056                   0.29881007875585125      772.9998743097507
0.0039215                 0.1056                   0.20049428179203477      772.9999166152948
0.00396075                0.1056                   0.1008899413363806       772.9999585108534
0.004                     0.1056                   2.4343667028770273E-15   772.9999999999999
7.5E-5                    0.1078                   0                        772.9932646631053
1.1424999999999999E-4     0.1078                   0.6229151659775811       772.9932651350493
1.535E-4                  0.1078                   1.0580800333489004       772.9932666977694
1.9275E-4                 0.1078                   1.3917083521910791       772.9932695383138
2.32E-4                   0.1078                   1.662354929708277        772.9932738032913
2.7125E-4                 0.1078                   1.8866798654876498       772.9932795886403
3.1049999999999996E-4     0.1078                   2.08048505411965         772.9932870257384
3.4974999999999996E-4     0.1078                   2.2461958144845044       772.9932961472744
3.8899999999999997E-4     0.1078                   2.394212176951487        772.9933070921197
4.2825E-4                 0.1078                   2.5263238025199355       772.9933198775703
4.675E-4                  0.1078                   2.6429784581957314       772.9933345102286
5.0675E-4                 0.1078                   2.748538485142723        772.9933511119605
5.459999999999999E-4      0.1078                   2.844084342449196        772.9933697182803
5.852499999999999E-4      0.1078                   2.931439246013989        772.9933903352664
6.245E-4                  0.1078                   3.010771363027157        772.9934129643885
6.6375E-4                 0.1078                   3.0822874821368518       772.9934376116402
7.03E-4                   0.1078                   3.147677229159898        772.993464364
7.4225E-4                 0.1078                   3.2076500302124074       772.9934932167656
7.815E-4                  0.1078                   3.262667878250604        772.9935241712328
8.2075E-4                 0.1078                   3.3126460779948848       772.9935572248643
8.6E-4                    0.1078                   3.357545696879009        772.9935923745791
8.9925E-4                 0.1078                   3.3980239893760933       772.9936296151172
9.385E-4                  0.1078                   3.4348884199870384       772.9936689271058
9.7775E-4                 0.1078                   3.4681274942223057       772.9937103376651
0.001017                  0.1078                   3.4977059390238643       772.99375384568
0.00105625                0.1078                   3.5238861556838295       772.9937994300799
0.0010955                 0.1078                   3.5469690026472014       772.9938470056784
0.00113475                0.1078                   3.5669666131196722       772.9938965724664
0.001174                  0.1078                   3.5840091232550026       772.9939481768746
0.00121325                0.1078                   3.598215642472352        772.9940017814764
0.0012525                 0.1078                   3.6098302395004658       772.9940572912486
0.00129175                0.1078                   3.6188590674822763       772.9941147029718
0.001331                  0.1078                   3.6252824901360747       772.9941740118627
0.00137025                0.1078                   3.629259130947142        772.9942351869831
0.0014095                 0.1078                   3.6309413800641774       772.9942981297136
0.00144875                0.1078                   3.6303420988570134       772.9943628494165
0.001488                  0.1078                   3.6274612873252696       772.994429346092
0.00152725                0.1078                   3.622400019139674        772.9944975509536
0.0015665                 0.1078                   3.6152571822330284       772.9945673400175
0.00160575                0.1078                   3.606035755298608        772.9946387134728
0.001645                  0.1078                   3.5947601945510024       772.994711699334
0.00168425                0.1078                   3.581488218650867        772.9947862143931
0.0017235                 0.1078                   3.5663100953104925       772.9948621266908
0.00176275                0.1078                   3.5492255049833568       772.9949394358733
0.001802                  0.1078                   3.530226819427415        772.9950181482299
0.00184125                0.1078                   3.509375936272877        772.9950981812564
0.0018805                 0.1078                   3.4867318527445623       772.9951794141884
0.00191975                0.1078                   3.4623127455225053       772.9952618381488
0.001959                  0.1078                   3.4361186146067055       772.9953454531371
0.00199825                0.1078                   3.4081710592502703       772.9954301984249
0.0020375                 0.1078                   3.3785282177677187       772.9955159109944
0.00207675                0.1078                   3.3471948544154717       772.9956025805977
0.002116                  0.1078                   3.3141905079662997       772.9956901910812
0.00215525                0.1078                   3.2795205605660476       772.9957787254648
0.0021945                 0.1078                   3.243229476371012        772.9958680189403
0.00223375                0.1078                   3.205328019125711        772.9959580371144
0.002273                  0.1078                   3.165816188831583        772.9960487799866
0.00231225                0.1078                   3.124721665330317        772.9961401650537
0.0023515                 0.1078                   3.0820641353374607       772.9962321264122
0.00239075                0.1078                   3.037858584563563        772.9963245821633
0.00243                   0.1078                   2.9921030750227726       772.9964175455966
0.00246925                0.1078                   2.9448178417746904       772.9965109314219
0.0025085                 0.1078                   2.89602474138988         772.9966046403345
0.00254775                0.1078                   2.845723667599221        772.9966986733531
0.002587                  0.1078                   2.7939281525787525       772.9967929760356
0.0026262499999999997     0.1078                   2.740657149574477        772.9968874415058
0.0026655                 0.1078                   2.6859104032902548       772.9969820612466
0.0027047499999999997     0.1078                   2.6296946285314653       772.9970768208885
0.002744                  0.1078                   2.5720361234693305       772.9971715760523
0.0027832499999999997     0.1078                   2.5129366045985426       772.9972663126363
0.0028225                 0.1078                   2.45239536818601         772.9973610388442
0.0028617499999999997     0.1078                   2.3904211326316047       772.9974556855764
0.002901                  0.1078                   2.3270351491371337       772.9975501553092
0.0029402499999999997     0.1078                   2.2622393450061935       772.9976444316695
0.0029795                 0.1078                   2.19603372023847         772.9977385146573
0.0030187499999999997     0.1078                   2.128429020221041        772.9978323196736
0.003058                  0.1078                   2.0594376950906623       772.9979257881411
0.0030972499999999997     0.1078                   1.9890613622266002       772.9980189196065
0.0031365                 0.1078                   1.9173013046245815       772.9981116860993
0.0031757499999999998     0.1078                   1.8441739281525815       772.9982040018596
0.003215                  0.1078                   1.7696800680902924       772.9982958530464
0.0032542499999999998     0.1078                   1.6938240620311538       772.9983872136219
0.0032935                 0.1078                   1.6166071691913784       772.9984781067191
0.0033327499999999998     0.1078                   1.5380427385232414       772.9985684361408
0.003372                  0.1078                   1.4581379336971851       772.998658152589
0.00341125                0.1078                   1.3768927547123395       772.9987472560631
0.0034505                 0.1078                   1.2943069469616346       772.998835747412
0.00348975                0.1078                   1.2103813365403453       772.9989236269411
0.003529                  0.1078                   1.1251334543138856       772.9990108146407
0.00356825                0.1078                   1.0385653695146357       772.999097302807
0.0036075                 0.1078                   0.9506767397639868       772.9991830969045
0.00364675                0.1078                   0.861469015994329        772.9992681880599
0.003686                  0.1078                   0.7709519421555139       772.999352533861
0.00372525                0.1078                   0.6791269953802476       772.9994361333524
0.0037645                 0.1078                   0.5859957020813545       772.9995189805466
0.00380375                0.1078                   0.4915645037410316       772.9996010678309
0.0038429999999999996     0.1078                   0.39583466164821157      772.9996823950056
0.00388225                0.1078                   0.2988105604859349       772.9997629508599
0.0039215                 0.1078                   0.20049460691306145      772.9998427350872
0.00396075                0.1078                   0.10089011171970688      772.9999217520881
0.004                     0.1078                   1.4541744219548095E-15   772.9999999999998
7.5E-5                    0.11                     2.396571953302949E-16    772.9872929320641
1.1424999999999999E-4     0.11                     0.6228918234525198       772.9872938210256
1.535E-4                  0.11                     1.0580200861880633       772.9872967666099
1.9275E-4                 0.11                     1.391786047538684        772.9873021183292
2.32E-4                   0.11                     1.6623456391685925       772.9873101588728
2.7125E-4                 0.11                     1.8866107797309861       772.987321070637
3.1049999999999996E-4     0.11                     2.0800728784904905       772.9873350932621
3.4974999999999996E-4     0.11                     2.2463989475803117       772.9873522995002
3.8899999999999997E-4     0.11                     2.394558373697276        772.987372930558
4.2825E-4                 0.11                     2.526235361851118        772.9873970377208
4.675E-4                  0.11                     2.6427251058552774       772.9874246739998
5.0675E-4                 0.11                     2.7488531912559724       772.9874560191179
5.459999999999999E-4      0.11                     2.845071584181701        772.987491087169
5.852499999999999E-4      0.11                     2.931010024941444        772.9875299194673
6.245E-4                  0.11                     3.0099334481279287       772.9875726281198
6.6375E-4                 0.11                     3.0824359300358077       772.9876192295297
7.03E-4                   0.11                     3.148517470791431        772.9876697236974
7.4225E-4                 0.11                     3.208186775165421        772.9877241175458
7.815E-4                  0.11                     3.262231108073912        772.9877824863814
8.2075E-4                 0.11                     3.3118963621738216       772.9878448519986
8.6E-4                    0.11                     3.3572385582869093       772.9879111673008
8.9925E-4                 0.11                     3.3982576961913793       772.987981432288
9.385E-4                  0.11                     3.4349537758075748       772.9880556469604
9.7775E-4                 0.11                     3.4679919618522104       772.9881338035407
0.001017                  0.11                     3.4976566625897276       772.9882158505249
0.00105625                0.11                     3.5239415467438566       772.9883017872636
0.0010955                 0.11                     3.546877861668482        772.9883915995457
0.00113475                0.11                     3.566870438655158        772.9884852046074
0.001174                  0.11                     3.584002229012669        772.9885825456015
0.00121325                0.11                     3.5982720444495486       772.9886836299173
0.0012525                 0.11                     3.609766705471077        772.9887884143793
0.00129175                0.11                     3.6187565205344434       772.9888967664316
0.001331                  0.11                     3.6252591478794245       772.9890086777431
0.00137025                0.11                     3.629285022277258        772.9891240703348
0.0014095                 0.11                     3.6308870394253754       772.9892429329848
0.00144875                0.11                     3.630267172556364        772.989365088347
0.001488                  0.11                     3.627447287688953        772.9894904325882
0.00152725                0.11                     3.6224146627482003       772.9896190356654
0.0015665                 0.11                     3.6152112019217295       772.9897507869557
0.00160575                0.11                     3.6059670591617454       772.9898855637293
0.001645                  0.11                     3.594718180974334        772.9900232665638
0.00168425                0.11                     3.5814944723331252       772.9901637412977
0.0017235                 0.11                     3.56629593323811         772.9903069879308
0.00176275                0.11                     3.5491677407162254       772.9904529142835
0.001802                  0.11                     3.5301879348360394       772.9906013858329
0.00184125                0.11                     3.5093684092335855       772.9907523653604
0.0018805                 0.11                     3.4867328206567896       772.9909056614856
0.00191975                0.11                     3.46228164914743         772.9910612585949
0.001959                  0.11                     3.436079811599866        772.9912189946965
0.00199825                0.11                     3.408154972140698        772.9913787540811
0.0020375                 0.11                     3.378514599946353        772.9915404872806
0.00207675                0.11                     3.3471710064305213       772.991704069233
0.002116                  0.11                     3.314166549487635        772.9918693564842
0.00215525                0.11                     3.2795057397352525       772.992036331488
0.0021945                 0.11                     3.2432142305146123       772.9922047929408
0.00223375                0.11                     3.2053051321335926       772.9923746552699
0.002273                  0.11                     3.165801710657139        772.9925458245798
0.00231225                0.11                     3.1247093767234095       772.9927182708113
0.0023515                 0.11                     3.0820537540201167       772.9928917631128
0.00239075                0.11                     3.0378434311873774       772.9930662161255
0.00243                   0.11                     2.992088810946635        772.9932415666993
0.00246925                0.11                     2.9448037069245823       772.9934177668222
0.0025085                 0.11                     2.8960120239285017       772.9935945715241
0.00254775                0.11                     2.845720140895085        772.9937719005533
0.002587                  0.11                     2.793924180409686        772.9939498058471
0.0026262499999999997     0.11                     2.740644789470341        772.9941280821881
0.0026655                 0.11                     2.6859001582557576       772.9943066001383
0.0027047499999999997     0.11                     2.629695546698386        772.9944852873863
0.002744                  0.11                     2.572032192927149        772.9946641290229
0.0027832499999999997     0.11                     2.5129281313257756       772.9948429207291
0.0028225                 0.11                     2.452389299113951        772.9950215978881
0.0028617499999999997     0.11                     2.3904198664515994       772.9952001150037
0.002901                  0.11                     2.327029018886582        772.9953784090272
0.0029402499999999997     0.11                     2.2622338429762237       772.9955562596399
0.0029795                 0.11                     2.1960332461949124       772.9957336928932
0.0030187499999999997     0.11                     2.128428901331364        772.9959106785498
0.003058                  0.11                     2.059435260849904        772.9960870359243
0.0030972499999999997     0.11                     1.989057838870629        772.9962627391579
0.0031365                 0.11                     1.9173033738854062       772.9964376990151
0.0031757499999999998     0.11                     1.8441724310093157       772.9966118982024
0.003215                  0.11                     1.7696783807230592       772.9967851948828
0.0032542499999999998     0.11                     1.693824247693615        772.9969575636105
0.0032935                 0.11                     1.6166110532846918       772.9971289870936
0.0033327499999999998     0.11                     1.5380462682337397       772.9972993709915
0.003372                  0.11                     1.4581376673308009       772.9974686656471
0.00341125                0.11                     1.3768920999129823       772.9976367599158
0.0034505                 0.11                     1.2943076292767781       772.9978036923272
0.00348975                0.11                     1.2103839277105846       772.9979694704912
0.003529                  0.11                     1.125136372857122        772.9981339359216
0.00356825                0.11                     1.0385678873247          772.998297118779
0.0036075                 0.11                     0.9506793977662226       772.9984589678401
0.00364675                0.11                     0.8614708223222703       772.9986194717189
0.003686                  0.11                     0.770953503612365        772.9987785855316
0.00372525                0.11                     0.6791285438328009       772.9989362925762
0.0037645                 0.11                     0.5859970401219345       772.9990925829701
0.00380375                0.11                     0.4915656921713332       772.9992474338469
0.0038429999999999996     0.11                     0.39583583314445064      772.9994008553161
0.00388225                0.11                     0.2988113890102952       772.9995528217537
0.0039215                 0.11                     0.20049520696770323      772.9997033304988
0.00396075                0.11                     0.10089043187691496      772.9998523904851
0.004                     0.11                     3.3527755250734375E-15   772.9999999999999
7.5E-5                    0.11220000000000001      0                        772.9760415071836
1.1424999999999999E-4     0.11220000000000001      0.622817105286547        772.9760431795381
1.535E-4                  0.11220000000000001      1.0579787677041343       772.9760487197365
1.9275E-4                 0.11220000000000001      1.3918511651914904       772.9760588080512
2.32E-4                   0.11220000000000001      1.6622712759042864       772.976073941978
2.7125E-4                 0.11220000000000001      1.8865088664696597       772.9760945035947
3.1049999999999996E-4     0.11220000000000001      2.080212869008541        772.9761209352907
3.4974999999999996E-4     0.11220000000000001      2.246119543920432        772.9761533568702
3.8899999999999997E-4     0.11220000000000001      2.3944485585169346       772.9761922149027
4.2825E-4                 0.11220000000000001      2.526246234960351        772.9762376539938
4.675E-4                  0.11220000000000001      2.642527673614594        772.976289772244
5.0675E-4                 0.11220000000000001      2.748529759472566        772.9763488525765
5.459999999999999E-4      0.11220000000000001      2.844954354749111        772.9764149117728
5.852499999999999E-4      0.11220000000000001      2.9319580288702083       772.9764881483255
6.245E-4                  0.11220000000000001      3.0100407169535157       772.9765685683192
6.6375E-4                 0.11220000000000001      3.081873911427421        772.9766563542182
7.03E-4                   0.11220000000000001      3.147939330607573        772.9767516197973
7.4225E-4                 0.11220000000000001      3.208233051319966        772.976854305322
7.815E-4                  0.11220000000000001      3.2627374757411025       772.9769643335314
8.2075E-4                 0.11220000000000001      3.3119048068856776       772.9770818689849
8.6E-4                    0.11220000000000001      3.3570206776125158       772.9772069079604
8.9925E-4                 0.11220000000000001      3.3980451197567234       772.977339316264
9.385E-4                  0.11220000000000001      3.4349398558476194       772.977479212698
9.7775E-4                 0.11220000000000001      3.4679643909531266       772.977626536915
0.001017                  0.11220000000000001      3.49749414645592         772.9777813029565
0.00105625                0.11220000000000001      3.5238051766317153       772.9779433309006
0.0010955                 0.11220000000000001      3.546913746814862        772.9781125817482
0.00113475                0.11220000000000001      3.5668162184458465       772.97828903709
0.001174                  0.11220000000000001      3.58385947350867         772.9784726799738
0.00121325                0.11220000000000001      3.5981871743472555       772.9786631503181
0.0012525                 0.11220000000000001      3.6097918907107727       772.9788606136015
0.00129175                0.11220000000000001      3.6186921453016203       772.9790650419163
0.001331                  0.11220000000000001      3.625138730130217        772.9792760618664
0.00137025                0.11220000000000001      3.6292049240081816       772.979493584389
0.0014095                 0.11220000000000001      3.630890974188097        772.9797175712854
0.00144875                0.11220000000000001      3.630211313233748        772.9799479741243
0.001488                  0.11220000000000001      3.6273431580606776       772.9801844861425
0.00152725                0.11220000000000001      3.622337079963843        772.9804268400358
0.0015665                 0.11220000000000001      3.615193422033097        772.9806751504859
0.00160575                0.11220000000000001      3.605924133277619        772.9809293708975
0.001645                  0.11220000000000001      3.5946601323313803       772.9811889819387
0.00168425                0.11220000000000001      3.5814358107525623       772.981453844815
0.0017235                 0.11220000000000001      3.566251137131848        772.981723938757
0.00176275                0.11220000000000001      3.5491169797884194       772.9819991947621
0.001802                  0.11220000000000001      3.5301334758606573       772.9822791772107
0.00184125                0.11220000000000001      3.509322122469456        772.98256365953
0.0018805                 0.11220000000000001      3.4866830910216926       772.9828527145339
0.00191975                0.11220000000000001      3.4622305970349236       772.983146201316
0.001959                  0.11220000000000001      3.436040511678104        772.9834435682435
0.00199825                0.11220000000000001      3.4081211429799754       772.9837447752251
0.0020375                 0.11220000000000001      3.378472405576213        772.984049753822
0.00207675                0.11220000000000001      3.3471299363691327       772.9843582021141
0.002116                  0.11220000000000001      3.314129227325032        772.9846698803249
0.00215525                0.11220000000000001      3.279474704017167        772.9849847019049
0.0021945                 0.11220000000000001      3.2431868975385325       772.9853023027094
0.00223375                0.11220000000000001      3.205277760827811        772.9856225924291
0.002273                  0.11220000000000001      3.1657729947881044       772.9859453732225
0.00231225                0.11220000000000001      3.1246821186349565       772.9862705329784
0.0023515                 0.11220000000000001      3.0820316713690614       772.9865976067167
0.00239075                0.11220000000000001      3.0378234116387555       772.9869265452595
0.00243                   0.11220000000000001      2.99206598547043         772.9872572391573
0.00246925                0.11220000000000001      2.9447825706033632       772.987589471562
0.0025085                 0.11220000000000001      2.8959961959859193       772.9879227592796
0.00254775                0.11220000000000001      2.845702158350283        772.988257207306
0.002587                  0.11220000000000001      2.7939067431665427       772.9885926935528
0.0026262499999999997     0.11220000000000001      2.7406333432176484       772.9889287672772
0.0026655                 0.11220000000000001      2.6858892031340362       772.9892653688222
0.0027047499999999997     0.11220000000000001      2.629682923751193        772.9896023304933
0.002744                  0.11220000000000001      2.5720217345492182       772.9899395205384
0.0027832499999999997     0.11220000000000001      2.512921715189818        772.9902765773204
0.0028225                 0.11220000000000001      2.4523833466414655       772.990613486921
0.0028617499999999997     0.11220000000000001      2.3904102850306677       772.9909501928887
0.002901                  0.11220000000000001      2.3270249174863693       772.991286258501
0.0029402499999999997     0.11220000000000001      2.262231078985896        772.9916215981648
0.0029795                 0.11220000000000001      2.196028769529235        772.9919562118799
0.0030187499999999997     0.11220000000000001      2.1284265161780938       772.9922898708232
0.003058                  0.11220000000000001      2.0594341948850476       772.9926223968146
0.0030972499999999997     0.11220000000000001      1.989057366510751        772.9929536755678
0.0031365                 0.11220000000000001      1.9173013908980658       772.9932835919243
0.0031757499999999998     0.11220000000000001      1.8441725336260795       772.9936120091189
0.003215                  0.11220000000000001      1.7696812297106241       772.9939387136513
0.0032542499999999998     0.11220000000000001      1.693827479151676        772.9942637055215
0.0032935                 0.11220000000000001      1.6166125732618435       772.9945869457787
0.0033327499999999998     0.11220000000000001      1.538047414213049        772.9949082570745
0.003372                  0.11220000000000001      1.4581425660488274       772.9952273649186
0.00341125                0.11220000000000001      1.3768970171586183       772.995544309979
0.0034505                 0.11220000000000001      1.2943107675423942       772.995859092255
0.00348975                0.11220000000000001      1.2103880041608956       772.9961716281169
0.003529                  0.11220000000000001      1.125141901965382        772.9964817134652
0.00356825                0.11220000000000001      1.038572893817424        772.9967893921196
0.0036075                 0.11220000000000001      0.9506833232875262       772.9970945477901
0.00364675                0.11220000000000001      0.8614744878764721       772.9973971634798
0.003686                  0.11220000000000001      0.7709574441957948       772.9976971529723
0.00372525                0.11220000000000001      0.6791321353049301       772.9979944874755
0.0037645                 0.11220000000000001      0.5860000616863862       772.9982891557769
0.00380375                0.11220000000000001      0.4915684698789456       772.9985811191655
0.0038429999999999996     0.11220000000000001      0.3958380779968655       772.9988703807685
0.00388225                0.11220000000000001      0.29881315753403226      772.9991568970867
0.0039215                 0.11220000000000001      0.20049644792676677      772.9994406601635
0.00396075                0.11220000000000001      0.1008910745821661       772.9997216986125
0.004                     0.11220000000000001      2.566652092096601E-15    772.9999999999999
7.5E-5                    0.1144                   1.205008250564596E-16    772.9548580633353
1.1424999999999999E-4     0.1144                   0.6228482073609886       772.9548612146435
1.535E-4                  0.1144                   1.058105439628854        772.9548716561469
1.9275E-4                 0.1144                   1.391758497764905        772.9548906434187
2.32E-4                   0.1144                   1.6622179844668281       772.9549191678889
2.7125E-4                 0.1144                   1.8865138583461805       772.9549578983563
3.1049999999999996E-4     0.1144                   2.0800307558512876       772.9550076878329
3.4974999999999996E-4     0.1144                   2.2464132674337765       772.9550688115478
3.8899999999999997E-4     0.1144                   2.3944066429765547       772.9551420181206
4.2825E-4                 0.1144                   2.5260424391399017       772.955227610082
4.675E-4                  0.1144                   2.6424030429524836       772.9553257300935
5.0675E-4                 0.1144                   2.7484480551870942       772.9554370503985
5.459999999999999E-4      0.1144                   2.8448643223152734       772.9555617358465
5.852499999999999E-4      0.1144                   2.9315870860724544       772.9556996731219
6.245E-4                  0.1144                   3.009872061808522        772.9558513215545
6.6375E-4                 0.1144                   3.0820455757330003       772.9560167070373
7.03E-4                   0.1144                   3.1480995468249477       772.9561960579128
7.4225E-4                 0.1144                   3.2080339747429116       772.9563893741807
7.815E-4                  0.1144                   3.2621336873247317       772.9565966787417
8.2075E-4                 0.1144                   3.3117639214354404       772.9568181129524
8.6E-4                    0.1144                   3.3570619657130063       772.9570537001722
8.9925E-4                 0.1144                   3.3980353043955085       772.9573033858727
9.385E-4                  0.1144                   3.4347408563773203       772.957566870919
9.7775E-4                 0.1144                   3.46778668677252         772.9578446370297
0.001017                  0.1144                   3.497480051515658        772.9581360066626
0.00105625                0.1144                   3.523778349354643        772.9584412199632
0.0010955                 0.1144                   3.5467010672402144       772.9587602424754
0.00113475                0.1144                   3.566673090583665        772.9590926444932
0.001174                  0.1144                   3.5838029696020772       772.9594385692511
0.00121325                0.1144                   3.5981195774455523       772.9597976499961
0.0012525                 0.1144                   3.6096317891940637       772.9601697686924
0.00129175                0.1144                   3.6185379502449884       772.9605549927694
0.001331                  0.1144                   3.6250295186155816       772.9609523818272
0.00137025                0.1144                   3.62910805458433         772.9613619752353
0.0014095                 0.1144                   3.630778153041508        772.9617841147044
0.00144875                0.1144                   3.6300946701949037       772.9622183883632
0.001488                  0.1144                   3.6272434283946953       772.9626638752121
0.00152725                0.1144                   3.622238361989413        772.9631205985512
0.0015665                 0.1144                   3.6150695566413793       772.9635885117946
0.00160575                0.1144                   3.6058151128989437       772.9640673221622
0.001645                  0.1144                   3.5945704953936573       772.9645562144347
0.00168425                0.1144                   3.581344380906959        772.965055288999
0.0017235                 0.1144                   3.5661376139952132       772.9655645399386
0.00176275                0.1144                   3.5490265795500964       772.9660831159614
0.001802                  0.1144                   3.530053934794744        772.9666104383411
0.00184125                0.1144                   3.5092344253805625       772.9671465713204
0.0018805                 0.1144                   3.4865793612103086       772.9676915067606
0.00191975                0.1144                   3.4621521830806277       772.968244250749
0.001959                  0.1144                   3.435974435709354        772.96880440164
0.00199825                0.1144                   3.4080469469911114       772.9693719495477
0.0020375                 0.1144                   3.378389100833251        772.9699467890598
0.00207675                0.1144                   3.3470584957645633       772.9705278629574
0.002116                  0.1144                   3.3140708073513694       772.9711148684752
0.00215525                0.1144                   3.2794222604916845       772.9717078825661
0.0021945                 0.1144                   3.243121947651228        772.9723066839142
0.00223375                0.1144                   3.205214138861624        772.972910218313
0.002273                  0.1144                   3.165717487662786        772.9735182224108
0.00231225                0.1144                   3.1246410424364415       772.9741305144901
0.0023515                 0.1144                   3.0819848031827624       772.9747470945504
0.00239075                0.1144                   3.0377733728299163       772.9753671800445
0.00243                   0.1144                   2.99202789254815         772.9759901199095
0.00246925                0.1144                   2.944751808984873        772.9766158850501
0.0025085                 0.1144                   2.895963233476997        772.9772439974405
0.00254775                0.1144                   2.845664558420597        772.9778743628938
0.002587                  0.1144                   2.793877308539452        772.9785063731374
0.0026262499999999997     0.1144                   2.7406101053643654       772.9791395544901
0.0026655                 0.1144                   2.6858674971688528       772.979773780381
0.0027047499999999997     0.1144                   2.6296634387438838       772.9804086443738
0.002744                  0.1144                   2.5720032699161464       772.9810440145891
0.0027832499999999997     0.1144                   2.512904440749738        772.9816791401926
0.0028225                 0.1144                   2.4523684724287604       772.9823139202892
0.0028617499999999997     0.1144                   2.3904011393752036       772.9829481592458
0.002901                  0.1144                   2.3270180805949456       772.9835814587202
0.0029402499999999997     0.1144                   2.2622255731704173       772.9842133594368
0.0029795                 0.1144                   2.1960243802416914       772.9848437831954
0.0030187499999999997     0.1144                   2.128420829617788        772.9854725450482
0.003058                  0.1144                   2.0594332742212575       772.9860989874537
0.0030972499999999997     0.1144                   1.9890607839344245       772.9867230954063
0.0031365                 0.1144                   1.9173032009838886       772.9873448753725
0.0031757499999999998     0.1144                   1.8441738904173979       772.9879638017269
0.003215                  0.1144                   1.7696839448963497       772.988579395668
0.0032542499999999998     0.1144                   1.693833364420739        772.9891916571968
0.0032935                 0.1144                   1.6166222546556739       772.9898005817139
0.0033327499999999998     0.1144                   1.5380535301018896       772.9904059981955
0.003372                  0.1144                   1.4581449177406602       772.9910074093353
0.00341125                0.1144                   1.376899624074691        772.9916046225577
0.0034505                 0.1144                   1.2943176491038595       772.9921976378623
0.00348975                0.1144                   1.210398992828062        772.9927864552495
0.003529                  0.1144                   1.125148311859759        772.9933709045218
0.00356825                0.1144                   1.0385786830761827       772.9939505886879
0.0036075                 0.1144                   0.9506893558534198       772.9945255643747
0.00364675                0.1144                   0.861482624070645        772.9950957012547
0.003686                  0.1144                   0.7709639556346619       772.9956609673374
0.00372525                0.1144                   0.679138421723519        772.9962211911818
0.0037645                 0.1144                   0.5860060332846567       772.9967764372198
0.00380375                0.1144                   0.4915734769072893       772.9973265591892
0.0038429999999999996     0.1144                   0.3958423625575809       772.9978715663033
0.00388225                0.1144                   0.2988165355489764       772.9984114312358
0.0039215                 0.1144                   0.20049881674540881      772.9989460897149
0.00396075                0.1144                   0.10089231355861536      772.9994756239074
0.004                     0.1144                   1.9937992477907393E-15   773
7.5E-5                    0.11660000000000001      1.2095746700641758E-16   772.9149725633443
1.1424999999999999E-4     0.11660000000000001      0.6227801836507431       772.9149784964204
1.535E-4                  0.11660000000000001      1.0580868103106211       772.9149981602216
1.9275E-4                 0.11660000000000001      1.3916116640679426       772.9150339165661
2.32E-4                   0.11660000000000001      1.6621553175448918       772.9150876007507
2.7125E-4                 0.11660000000000001      1.8864447020196693       772.9151605276274
3.1049999999999996E-4     0.11660000000000001      2.079946608536182        772.9152542462382
3.4974999999999996E-4     0.11660000000000001      2.245915190873195        772.9153692816272
3.8899999999999997E-4     0.11660000000000001      2.3943920367736644       772.9155072252677
4.2825E-4                 0.11660000000000001      2.5260204114303657       772.9156683773261
4.675E-4                  0.11660000000000001      2.64223396462507         772.9158532440887
5.0675E-4                 0.11660000000000001      2.7483335748415763       772.9160629272227
5.459999999999999E-4      0.11660000000000001      2.844726468490894        772.9162975135446
5.852499999999999E-4      0.11660000000000001      2.931482013960522        772.9165572592028
6.245E-4                  0.11660000000000001      3.009660871682173        772.9168424108202
6.6375E-4                 0.11660000000000001      3.0817534285177333       772.9171542530826
7.03E-4                   0.11660000000000001      3.1478324437000538       772.917492278032
7.4225E-4                 0.11660000000000001      3.2078979161359698       772.9178564856685
7.815E-4                  0.11660000000000001      3.262027106222852        772.9182469971082
8.2075E-4                 0.11660000000000001      3.3115045375578633       772.9186642165433
8.6E-4                    0.11660000000000001      3.3567543565305433       772.9191077847663
8.9925E-4                 0.11660000000000001      3.397776563130768        772.9195777017775
9.385E-4                  0.11660000000000001      3.4345504455997284       772.9200743525378
9.7775E-4                 0.11660000000000001      3.467568320246145        772.9205973051799
0.001017                  0.11660000000000001      3.4972140781023593       772.9211464439242
0.00105625                0.11660000000000001      3.523518730892422        772.9217213718312
0.0010955                 0.11660000000000001      3.5465010348917634       772.9223220772262
0.00113475                0.11660000000000001      3.566487430671449        772.9229483021447
0.001174                  0.11660000000000001      3.5835644748135818       772.9235999536616
0.00121325                0.11660000000000001      3.597835249249556        772.9242762597596
0.0012525                 0.11660000000000001      3.609413597283561        772.9249770438654
0.00129175                0.11660000000000001      3.6183697981916274       772.925702320633
0.001331                  0.11660000000000001      3.6248363606108778       772.926451151698
0.00137025                0.11660000000000001      3.6288795707781922       772.9272229755735
0.0014095                 0.11660000000000001      3.630534523275745        772.9280181394003
0.00144875                0.11660000000000001      3.62987678030535         772.9288360413867
0.001488                  0.11660000000000001      3.627045876366502        772.9296751083707
0.00152725                0.11660000000000001      3.6220439743482338       772.930535305028
0.0015665                 0.11660000000000001      3.6148718129155712       772.9314167030709
0.00160575                0.11660000000000001      3.6056167750200045       772.9323185976722
0.001645                  0.11660000000000001      3.5943807048427927       772.9332395932175
0.00168425                0.11660000000000001      3.5811639024178015       772.9341795454313
0.0017235                 0.11660000000000001      3.565966367745077        772.935138454313
0.00176275                0.11660000000000001      3.5488414028814046       772.9361156330397
0.001802                  0.11660000000000001      3.5298782387143195       772.937109056902
0.00184125                0.11660000000000001      3.5090780668312362       772.9381186211336
0.0018805                 0.11660000000000001      3.486441051837489        772.939144426781
0.00191975                0.11660000000000001      3.461991174220096        772.940186016866
0.001959                  0.11660000000000001      3.4358119219832637       772.9412413016862
0.00199825                0.11660000000000001      3.4079070863750127       772.9423101259263
0.0020375                 0.11660000000000001      3.3782764240576153       772.9433924685953
0.00207675                0.11660000000000001      3.3469329876547333       772.9444878333157
0.002116                  0.11660000000000001      3.3139375942507314       772.9455939829279
0.00215525                0.11660000000000001      3.279298412832788        772.9467106527013
0.0021945                 0.11660000000000001      3.2430201312742994       772.9478379829897
0.00223375                0.11660000000000001      3.205111730053666        772.9489754162006
0.002273                  0.11660000000000001      3.165619184365991        772.950120843647
0.00231225                0.11660000000000001      3.1245485330821055       772.9512740880942
0.0023515                 0.11660000000000001      3.081899122973862        772.9524351979038
0.00239075                0.11660000000000001      3.03768678046247         772.9536032369913
0.00243                   0.11660000000000001      2.9919482002583715       772.9547765340628
0.00246925                0.11660000000000001      2.944685692732007        772.9559549531726
0.0025085                 0.11660000000000001      2.8958992578833462       772.9571384943206
0.00254775                0.11660000000000001      2.8456036111838388       772.958326078484
0.002587                  0.11660000000000001      2.79382363255542         772.9595161125849
0.0026262499999999997     0.11660000000000001      2.740563437532265        772.9607086217169
0.0026655                 0.11660000000000001      2.685827783241061        772.9619033008038
0.0027047499999999997     0.11660000000000001      2.6296216144735154       772.9630997732563
0.002744                  0.11660000000000001      2.571970224771499        772.9642962109517
0.0027832499999999997     0.11660000000000001      2.512877077321364        772.9654923679777
0.0028225                 0.11660000000000001      2.452341976524112        772.9666882455523
0.0028617499999999997     0.11660000000000001      2.3903798048293465       772.967882853252
0.002901                  0.11660000000000001      2.3270025587261305       772.9690754331644
0.0029402499999999997     0.11660000000000001      2.2622101096057263       772.9702659763772
0.0029795                 0.11660000000000001      2.196010356359352        772.971453537703
0.0030187499999999997     0.11660000000000001      2.1284154225631493       772.9726375557783
0.003058                  0.11660000000000001      2.059429603674606        772.9738176164334
0.0030972499999999997     0.11660000000000001      1.989055251513405        772.9749934571889
0.0031365                 0.11660000000000001      1.9173066451194758       772.97616408514
0.0031757499999999998     0.11660000000000001      1.844184098370361        772.9773294808269
0.003215                  0.11660000000000001      1.769685643254264        772.97848967221
0.0032542499999999998     0.11660000000000001      1.6938300487195797       772.9796432619078
0.0032935                 0.11660000000000001      1.6166245504695302       772.9807898944622
0.0033327499999999998     0.11660000000000001      1.5380690849698992       772.9819295789982
0.003372                  0.11660000000000001      1.4581636522206074       772.9830623155157
0.00341125                0.11660000000000001      1.376914201979599        772.9841873949173
0.0034505                 0.11660000000000001      1.294326794622498        772.9853046474431
0.00348975                0.11660000000000001      1.2104087594919226       772.9864137739906
0.003529                  0.11660000000000001      1.1251644964152225       772.9875142229902
0.00356825                0.11660000000000001      1.0385950500840493       772.9886059659473
0.0036075                 0.11660000000000001      0.9507052767929612       772.9896888756215
0.00364675                0.11660000000000001      0.8614951322826109       772.9907629304856
0.003686                  0.11660000000000001      0.7709766730709132       772.9918275843519
0.00372525                0.11660000000000001      0.6791500681462117       772.9928827208735
0.0037645                 0.11660000000000001      0.586016758781262        772.9939285082681
0.00380375                0.11660000000000001      0.4915831240424169       772.9949646635351
0.0038429999999999996     0.11660000000000001      0.3958504809322625       772.9959911683095
0.00388225                0.11660000000000001      0.2988229221326888       772.9970079640484
0.0039215                 0.11660000000000001      0.20050326308315908      772.9980149967515
0.00396075                0.11660000000000001      0.10089463424985289      772.9990123535748
0.004                     0.11660000000000001      2.064415027729882E-15    773.0000000000001
7.5E-5                    0.1188                   1.1997792720019497E-16   772.8399143349567
1.1424999999999999E-4     0.1188                   0.6227727781821618       772.8399254972765
1.535E-4                  0.1188                   1.058018739799324        772.8399625232702
1.9275E-4                 0.1188                   1.3917528679596245       772.8400297968483
2.32E-4                   0.1188                   1.6618799987234325       772.8401308325683
2.7125E-4                 0.1188                   1.8860515823728559       772.8402680006328
3.1049999999999996E-4     0.1188                   2.079933792489601        772.840444576029
3.4974999999999996E-4     0.1188                   2.2454652034762344       772.8406607601194
3.8899999999999997E-4     0.1188                   2.3934388547720613       772.8409202979933
4.2825E-4                 0.1188                   2.5260474847920964       772.8412243919997
4.675E-4                  0.1188                   2.64323506023084         772.8415727015624
5.0675E-4                 0.1188                   2.747407173314482        772.8419666333484
5.459999999999999E-4      0.1188                   2.842993253696504        772.8424073590734
5.852499999999999E-4      0.1188                   2.930582731265963        772.8428967134978
6.245E-4                  0.1188                   3.010175604401922        772.8434346966217
6.6375E-4                 0.1188                   3.081771873508376        772.8440213084451
7.03E-4                   0.1188                   3.1470312210936804       772.8446576912754
7.4225E-4                 0.1188                   3.2070672111173852       772.845343259124
7.815E-4                  0.1188                   3.261838480740253        772.8460779196145
8.2075E-4                 0.1188                   3.311687664217286        772.8468626992728
8.6E-4                    0.1188                   3.356579583509117        772.8476982342947
8.9925E-4                 0.1188                   3.3972007099321964       772.8485838376469
9.385E-4                  0.1188                   3.434129874210761        772.8495187222463
9.7775E-4                 0.1188                   3.4673402520606564       772.8505028967825
0.001017                  0.1188                   3.4968318442730713       772.851536361256
0.00105625                0.1188                   3.5229668233138827       772.8526190965326
0.0010955                 0.1188                   3.546064754945404        772.853750029634
0.00113475                0.1188                   3.5661197275552006       772.8549291017005
0.001174                  0.1188                   3.5831470382433186       772.8561562790529
0.00121325                0.1188                   3.597392920046097        772.8574296921818
0.0012525                 0.1188                   3.6089675451253385       772.8587488440551
0.00129175                0.1188                   3.617974412811799        772.8601137942719
0.001331                  0.1188                   3.624417074545268        772.8615245734547
0.00137025                0.1188                   3.628450515212371        772.8629791253812
0.0014095                 0.1188                   3.6301468658733564       772.8644753032347
0.00144875                0.1188                   3.6295408695003464       772.8660132232263
0.001488                  0.1188                   3.6266892308959795       772.8675933187308
0.00152725                0.1188                   3.6216197916605095       772.8692150162117
0.0015665                 0.1188                   3.6144807080030392       772.8708746243337
0.00160575                0.1188                   3.6052923814351794       772.8725715244686
0.001645                  0.1188                   3.5940547477108775       772.8743057153351
0.00168425                0.1188                   3.5807855900081886       772.8760767215813
0.0017235                 0.1188                   3.565611500154586        772.8778813816965
0.00176275                0.1188                   3.548539471800245        772.87971933906
0.001802                  0.1188                   3.529569504943364        772.881590593672
0.00184125                0.1188                   3.508741637074661        772.8834937823844
0.0018805                 0.1188                   3.4861291606371974       772.8854249640476
0.00191975                0.1188                   3.461733606454589        772.8873839754997
0.001959                  0.1188                   3.435555711236036        772.8893711242679
0.00199825                0.1188                   3.40762451817493         772.891384887991
0.0020375                 0.1188                   3.3780021657652664       772.8934230044448
0.00207675                0.1188                   3.3467023458081537       772.8954832864184
0.002116                  0.1188                   3.313725058303579        772.8975657339115
0.00215525                0.1188                   3.2790722724020904       772.8996701903442
0.0021945                 0.1188                   3.2427965477715843       772.9017929426503
0.00223375                0.1188                   3.204917744286374        772.9039327637615
0.002273                  0.1188                   3.1654395893539595       772.9060892707175
0.00231225                0.1188                   3.124366872558097        772.9082617960521
0.0023515                 0.1188                   3.0817304479293237       772.9104476769884
0.00239075                0.1188                   3.0375447967754754       772.9126455236811
0.00243                   0.1188                   2.991808824199022        772.9148555995201
0.00246925                0.1188                   2.944547733751974        772.917074926096
0.0025085                 0.1188                   2.8957776844309375       772.919302288271
0.00254775                0.1188                   2.8454971342936184       772.9215377610069
0.002587                  0.1188                   2.7937154183562867       772.923779623667
0.0026262499999999997     0.1188                   2.74046419802951         772.926024855091
0.0026655                 0.1188                   2.6857434733132184       772.9282734552787
0.0027047499999999997     0.1188                   2.629553244207353        772.9305254242302
0.002744                  0.1188                   2.571903145239727        772.9327786328543
0.0027832499999999997     0.1188                   2.5128142053145233       772.9350312075485
0.0028225                 0.1188                   2.4522943286625254       772.9372820236003
0.0028617499999999997     0.1188                   2.390343092661255        772.9395311954119
0.002901                  0.1188                   2.3269657080381068       772.9417776295546
0.0029402499999999997     0.1188                   2.262181756986858        772.9440186631955
0.0029795                 0.1188                   2.195993001574016        772.9462541864914
0.0030187499999999997     0.1188                   2.128399719334291        772.9484838616992
0.003058                  0.1188                   2.059416447975191        772.9507058567624
0.0030972499999999997     0.1188                   1.9890533227889329       772.952918861529
0.0031365                 0.1188                   1.9173093247745652       772.9551231192331
0.0031757499999999998     0.1188                   1.8441859470453972       772.9573177559357
0.003215                  0.1188                   1.7696947526751157       772.9595015921893
0.0032542499999999998     0.1188                   1.6938462371544691       772.9616733733726
0.0032935                 0.1188                   1.6166443844535596       772.9638323162842
0.0033327499999999998     0.1188                   1.5380891945724586       772.9659784209242
0.003372                  0.1188                   1.4581837496603776       772.9681111343727
0.00341125                0.1188                   1.3769381261040752       772.9702292331651
0.0034505                 0.1188                   1.2943528397364295       772.9723327997499
0.00348975                0.1188                   1.2104351205923694       772.9744208836987
0.003529                  0.1188                   1.1251890851426232       772.9764927344544
0.00356825                0.1188                   1.0386203776404621       772.9785482754996
0.0036075                 0.1188                   0.9507303970345867       772.9805871605732
0.00364675                0.1188                   0.861520162929844        772.9826092831696
0.003686                  0.1188                   0.771000877711953        772.984613559094
0.00372525                0.1188                   0.6791727374072022       772.986600166755
0.0037645                 0.1188                   0.5860371870444421       772.98856916484
0.00380375                0.1188                   0.4916012145237737       772.9905199758081
0.0038429999999999996     0.1188                   0.3958656215561158       772.9924525538734
0.00388225                0.1188                   0.2988349053460245       772.9943668205628
0.0039215                 0.1188                   0.2005116400302262       772.9962628263318
0.00396075                0.1188                   0.10089901626786543      772.9981405442543
0.004                     0.1188                   3.7023012257479025E-15   772.9999999999998
7.5E-5                    0.12100000000000001      0                        772.6987506314072
1.1424999999999999E-4     0.12100000000000001      0.6226196929098438       772.6987716172863
1.535E-4                  0.12100000000000001      1.0576957097845736       772.6988413110272
1.9275E-4                 0.12100000000000001      1.3913607658501033       772.6989678081759
2.32E-4                   0.12100000000000001      1.6615135760939221       772.6991578068538
2.7125E-4                 0.12100000000000001      1.8858001853457578       772.6994159395958
3.1049999999999996E-4     0.12100000000000001      2.0794285658562592       772.6997478512947
3.4974999999999996E-4     0.12100000000000001      2.2454935738396347       772.7001551928264
3.8899999999999997E-4     0.12100000000000001      2.3937037008626882       772.7006438737347
4.2825E-4                 0.12100000000000001      2.5250201036984476       772.7012141437199
4.675E-4                  0.12100000000000001      2.6410880076325363       772.701868317326
5.0675E-4                 0.12100000000000001      2.747140958480784        772.7026111230606
5.459999999999999E-4      0.12100000000000001      2.843232846265145        772.7034425837289
5.852499999999999E-4      0.12100000000000001      2.930262275953509        772.7043633281093
6.245E-4                  0.12100000000000001      3.008955181918187        772.7053730416707
6.6375E-4                 0.12100000000000001      3.0809797836544157       772.7064762861596
7.03E-4                   0.12100000000000001      3.1466307369366806       772.7076736513638
7.4225E-4                 0.12100000000000001      3.2063903865399124       772.7089651287963
7.815E-4                  0.12100000000000001      3.261162095641083        772.7103495456139
8.2075E-4                 0.12100000000000001      3.310888055833445        772.7118266111713
8.6E-4                    0.12100000000000001      3.355672425610943        772.7133966642818
8.9925E-4                 0.12100000000000001      3.3963211603089105       772.7150625892941
9.385E-4                  0.12100000000000001      3.433262798920794        772.7168218829853
9.7775E-4                 0.12100000000000001      3.46654977790107         772.7186742005604
0.001017                  0.12100000000000001      3.496101330548189        772.7206194650526
0.00105625                0.12100000000000001      3.5222196096057465       772.7226573656459
0.0010955                 0.12100000000000001      3.545272438495626        772.7247848163958
0.00113475                0.12100000000000001      3.5653091195478654       772.7270030866175
0.001174                  0.12100000000000001      3.582348372250595        772.7293124390292
0.00121325                0.12100000000000001      3.596629915641368        772.7317097543835
0.0012525                 0.12100000000000001      3.6082511657042975       772.7341924440303
0.00129175                0.12100000000000001      3.617212122439421        772.7367605079703
0.001331                  0.12100000000000001      3.623628309662066        772.7394143653111
0.00137025                0.12100000000000001      3.6276887949379617       772.7421495675991
0.0014095                 0.12100000000000001      3.6294126056028797       772.7449654693253
0.00144875                0.12100000000000001      3.6287934263559443       772.7478620331302
0.001488                  0.12100000000000001      3.6259302652883405       772.750836996453
0.00152725                0.12100000000000001      3.620926896898845        772.7538849918643
0.0015665                 0.12100000000000001      3.6138068042693456       772.7570065862399
0.00160575                0.12100000000000001      3.6045930798060564       772.7602022868781
0.001645                  0.12100000000000001      3.5933532625756337       772.7634676093153
0.00168425                0.12100000000000001      3.5801575219855946       772.7667982399513
0.0017235                 0.12100000000000001      3.5650058580381736       772.7701941787861
0.00176275                0.12100000000000001      3.5479085132235775       772.7736549739521
0.001802                  0.12100000000000001      3.528962002026028        772.7771751911397
0.00184125                0.12100000000000001      3.50818403175448         772.7807532261988
0.0018805                 0.12100000000000001      3.4855746024095353       772.7843890791297
0.00191975                0.12100000000000001      3.4611769027631234       772.7880789989129
0.001959                  0.12100000000000001      3.4350301824274223       772.7918178205234
0.00199825                0.12100000000000001      3.4071456649047263       772.7956054687978
0.0020375                 0.12100000000000001      3.377531825164376        772.7994415008119
0.00207675                0.12100000000000001      3.3462379471812875       772.8033199825636
0.002116                  0.12100000000000001      3.313279650566465        772.8072389426544
0.00215525                0.12100000000000001      3.278657481942256        772.8111975948252
0.0021945                 0.12100000000000001      3.242406214869914        772.8151917678045
0.00223375                0.12100000000000001      3.204544100890209        772.8192197501833
0.002273                  0.12100000000000001      3.1650810204200455       772.8232784117122
0.00231225                0.12100000000000001      3.12403448251078         772.8273662615379
0.0023515                 0.12100000000000001      3.0814230199646766       772.8314790868824
0.00239075                0.12100000000000001      3.037246929788581        772.835616758447
0.00243                   0.12100000000000001      2.991537397144734        772.8397745599682
0.00246925                0.12100000000000001      2.944303320122343        772.8439499430789
0.0025085                 0.12100000000000001      2.895545360178235        772.8481426579689
0.00254775                0.12100000000000001      2.8452786883089733       772.8523503818285
0.002587                  0.12100000000000001      2.793528174845027        772.8565672618249
0.0026262499999999997     0.12100000000000001      2.7402939146772827       772.8607930202863
0.0026655                 0.12100000000000001      2.685580553911096        772.8650262417378
0.0027047499999999997     0.12100000000000001      2.6294057785371163       772.8692642770787
0.002744                  0.12100000000000001      2.571782637118915        772.8735024439377
0.0027832499999999997     0.12100000000000001      2.5127108250493935       772.8777409328642
0.0028225                 0.12100000000000001      2.452195019939606        772.8819788135171
0.0028617499999999997     0.12100000000000001      2.3902580706647893       772.8862108039455
0.002901                  0.12100000000000001      2.3269031123893895       772.8904358123364
0.0029402499999999997     0.12100000000000001      2.262130163806492        772.8946538208243
0.0029795                 0.12100000000000001      2.1959464333944574       772.8988628107634
0.0030187499999999997     0.12100000000000001      2.1283703929877955       772.9030576186769
0.003058                  0.12100000000000001      2.059402954437809        772.9072379907932
0.0030972499999999997     0.12100000000000001      1.9890444379695174       772.9114035923636
0.0031365                 0.12100000000000001      1.9173022162731188       772.9155532363834
0.0031757499999999998     0.12100000000000001      1.8441935299054917       772.9196815346095
0.003215                  0.12100000000000001      1.7697188044997099       772.9237887932079
0.0032542499999999998     0.12100000000000001      1.6938778998606552       772.9278752849362
0.0032935                 0.12100000000000001      1.6166715443015236       772.9319405985963
0.0033327499999999998     0.12100000000000001      1.5381162978160747       772.9359800767384
0.003372                  0.12100000000000001      1.4582190104797668       772.9399925756176
0.00341125                0.12100000000000001      1.376979799746567        772.9439779389619
0.0034505                 0.12100000000000001      1.2943989601883983       772.9479358547424
0.00348975                0.12100000000000001      1.2104794708137656       772.951865854395
0.003529                  0.12100000000000001      1.1252352088224418       772.9557649220701
0.00356825                0.12100000000000001      1.0386678288788695       772.9596325203773
0.0036075                 0.12100000000000001      0.9507770111202329       772.9634693202747
0.00364675                0.12100000000000001      0.8615662407041099       772.9672742107844
0.003686                  0.12100000000000001      0.7710450184317889       772.9710459956294
0.00372525                0.12100000000000001      0.6792138757308904       772.9747846264605
0.0037645                 0.12100000000000001      0.5860746908047012       772.9784898024457
0.00380375                0.12100000000000001      0.49163410870578916      772.9821607092113
0.0038429999999999996     0.12100000000000001      0.3958933301244715       772.9857972173079
0.00388225                0.12100000000000001      0.2988567753134345       772.9893996066057
0.0039215                 0.12100000000000001      0.20052690053770442      772.9929676155324
0.00396075                0.12100000000000001      0.10090698042773275      772.9965009361619
0.004                     0.12100000000000001      4.589599335869048E-15    773
7.5E-5                    0.1232                   5.969916616527248E-17    772.4333617003231
1.1424999999999999E-4     0.1232                   0.6223983520003062       772.4334011214952
1.535E-4                  0.1232                   1.057279705212318        772.4335320055603
1.9275E-4                 0.1232                   1.390850739971523        772.4337699063443
2.32E-4                   0.1232                   1.6607567064535582       772.4341271703805
2.7125E-4                 0.1232                   1.8850387776551139       772.4346130590366
3.1049999999999996E-4     0.1232                   2.078461565095669        772.4352371997206
3.4974999999999996E-4     0.1232                   2.2441737980925907       772.4360023908339
3.8899999999999997E-4     0.1232                   2.392436712762054        772.4369215736208
4.2825E-4                 0.1232                   2.5240764460557292       772.4379961408242
4.675E-4                  0.1232                   2.640261046684645        772.4392274440439
5.0675E-4                 0.1232                   2.7459653669472956       772.4406214669237
5.459999999999999E-4      0.1232                   2.842124438483245        772.4421833133258
5.852499999999999E-4      0.1232                   2.9290932756272596       772.4439155754899
6.245E-4                  0.1232                   3.007405743654456        772.4458190631033
6.6375E-4                 0.1232                   3.079585122461745        772.4478955733802
7.03E-4                   0.1232                   3.14559883843193         772.4501447903328
7.4225E-4                 0.1232                   3.205491396488387        772.4525704755316
7.815E-4                  0.1232                   3.259403372470547        772.4551729599442
8.2075E-4                 0.1232                   3.308910062648972        772.457951917228
8.6E-4                    0.1232                   3.3541784812244813       772.4609076543903
8.9925E-4                 0.1232                   3.3952086282028784       772.4640401714303
9.385E-4                  0.1232                   3.4319998631235933       772.4673492746539
9.7775E-4                 0.1232                   3.4648837230305674       772.470833364641
0.001017                  0.1232                   3.4945322854584555       772.4744910066393
0.00105625                0.1232                   3.5208390014703967       772.4783220616262
0.0010955                 0.1232                   3.543804951033376        772.4823266044366
0.00113475                0.1232                   3.563745881039062        772.4865025384772
0.001174                  0.1232                   3.5808877992141257       772.4908428420614
0.00121325                0.1232                   3.595230705559155        772.4953475151889
0.0012525                 0.1232                   3.6067722738434713       772.5000197151056
0.00129175                0.1232                   3.6157079584111047       772.5048520581429
0.001331                  0.1232                   3.6222295476552575       772.5098423996521
0.00137025                0.1232                   3.6263357362436395       772.5149867191894
0.0014095                 0.1232                   3.62802656224538         772.5202849636464
0.00144875                0.1232                   3.6273750289084994       772.5257363850449
0.001488                  0.1232                   3.6245719076295897       772.5313292195067
0.00152725                0.1232                   3.619622768778769        772.5370610003197
0.0015665                 0.1232                   3.612526001851207        772.5429331275789
0.00160575                0.1232                   3.6033039077920423       772.5489456422674
0.001645                  0.1232                   3.592102335784419        772.5550844743785
0.00168425                0.1232                   3.578939908659737        772.5613491218062
0.0017235                 0.1232                   3.5638189703322265       772.5677376219056
0.00176275                0.1232                   3.5467516861855604       772.5742495407611
0.001802                  0.1232                   3.5278386457880333       772.5808724285337
0.00184125                0.1232                   3.507100463006794        772.5876012432082
0.0018805                 0.1232                   3.484537034773961        772.5944362739482
0.00191975                0.1232                   3.4601556229105417       772.6013787820684
0.001959                  0.1232                   3.434037473184899        772.6084126394594
0.00199825                0.1232                   3.4062021686569266       772.6155357608137
0.0020375                 0.1232                   3.376646915255184        772.6227476297285
0.00207675                0.1232                   3.345376422371625        772.6300472954617
0.002116                  0.1232                   3.3124479346604545       772.6374203030922
0.00215525                0.1232                   3.2778780017675753       772.644863030573
0.0021945                 0.1232                   3.241674587138549        772.6523751899705
0.00223375                0.1232                   3.203839768847727        772.6599562006091
0.002273                  0.1232                   3.1644139243002294       772.6675925593526
0.00231225                0.1232                   3.123412347719868        772.6752786075837
0.0023515                 0.1232                   3.080838233845532        772.683013842303
0.00239075                0.1232                   3.036698617682849        772.6907982252753
0.00243                   0.1232                   2.9910222109417433       772.6986210298471
0.00246925                0.1232                   2.943826687882774        772.7064742781577
0.0025085                 0.1232                   2.8951120485060713       772.7143579702076
0.00254775                0.1232                   2.844878768036241        772.7222720712355
0.002587                  0.1232                   2.7931561940872918       772.7302056710353
0.0026262499999999997     0.1232                   2.7399581196679783       772.7381528506638
0.0026655                 0.1232                   2.685284707923243        772.7461135028746
0.0027047499999999997     0.1232                   2.6291372260353203       772.7540868971507
0.002744                  0.1232                   2.5715391036728747       772.762061246016
0.0027832499999999997     0.1232                   2.5124984170830316       772.7700332399883
0.0028225                 0.1232                   2.452019674273728        772.7780014173038
0.0028617499999999997     0.1232                   2.390104928404309        772.7859648165181
0.002901                  0.1232                   2.3267710756716347       772.7939147855092
0.0029402499999999997     0.1232                   2.2620259008107295       772.8018469104917
0.0029795                 0.1232                   2.1958698154779284       772.809760913974
0.0030187499999999997     0.1232                   2.1283111138970376       772.8176528760646
0.003058                  0.1232                   2.0593620150066623       772.8255172912078
0.0030972499999999997     0.1232                   1.9890259074309156       772.8333512365473
0.0031365                 0.1232                   1.9173026558636321       772.8411553928032
0.0031757499999999998     0.1232                   1.8442067132614526       772.84892230337
0.003215                  0.1232                   1.7697439560051569       772.8566498051816
0.0032542499999999998     0.1232                   1.6939147150722338       772.8643368481104
0.0032935                 0.1232                   1.6167194333105233       772.8719829521019
0.0033327499999999998     0.1232                   1.5381753862492413       772.8795804937914
0.003372                  0.1232                   1.4582875777514195       772.8871275152443
0.00341125                0.1232                   1.3770561475202874       772.8946236762206
0.0034505                 0.1232                   1.294481491880757        772.9020684300668
0.00348975                0.1232                   1.2105656436627674       772.9094608649918
0.003529                  0.1232                   1.1253228578885384       772.9167949063981
0.00356825                0.1232                   1.0387558006293802       772.9240698032571
0.0036075                 0.1232                   0.9508642019874737       772.93128677047
0.00364675                0.1232                   0.8616510102034799       772.9384439119049
0.003686                  0.1232                   0.7711258701506449       772.9455384835112
0.00372525                0.1232                   0.679289576715961        772.9525706748547
0.0037645                 0.1232                   0.5861435829726287       772.9595399902095
0.00380375                0.1232                   0.4916949839182779       772.9664446773418
0.0038429999999999996     0.1232                   0.39594477260065514      772.9732850932153
0.00388225                0.1232                   0.2988972292329769       772.9800610359637
0.0039215                 0.1232                   0.20055515943803057      772.9867722518375
0.00396075                0.1232                   0.10092175843613677      772.9934183490639
0.004                     0.1232                   2.3834377676635647E-15   773.0000000000001
7.5E-5                    0.1254                   0                        771.9345666257109
1.1424999999999999E-4     0.1254                   0.6219382703489275       771.9346406336102
1.535E-4                  0.1254                   1.056311428624999        771.9348863625311
1.9275E-4                 0.1254                   1.3895478017792244       771.9353338032325
2.32E-4                   0.1254                   1.6595812920348418       771.9360055758597
2.7125E-4                 0.1254                   1.8833118139738139       771.9369179023057
3.1049999999999996E-4     0.1254                   2.0769117982415977       771.9380917074978
3.4974999999999996E-4     0.1254                   2.242653657577946        771.9395311537276
3.8899999999999997E-4     0.1254                   2.3904125513182795       771.9412578060408
4.2825E-4                 0.1254                   2.52215827184093         771.9432782720202
4.675E-4                  0.1254                   2.638337851803837        771.9455919873295
5.0675E-4                 0.1254                   2.7439455677000226       771.9482165309403
5.459999999999999E-4      0.1254                   2.8401173400078674       771.9511543139821
5.852499999999999E-4      0.1254                   2.926885718334285        771.9544101503297
6.245E-4                  0.1254                   3.0049628817896603       771.9579842972828
6.6375E-4                 0.1254                   3.076906182073089        771.9618870545231
7.03E-4                   0.1254                   3.1428729811317644       771.9661221902686
7.4225E-4                 0.1254                   3.2028444606546835       771.9706849665436
7.815E-4                  0.1254                   3.2568647062297793       771.9755756800805
8.2075E-4                 0.1254                   3.306265510698675        771.9808036822693
8.6E-4                    0.1254                   3.3514507702507954       771.9863585468026
8.9925E-4                 0.1254                   3.392435578596637        771.9922454313738
9.385E-4                  0.1254                   3.4292237323523027       771.9984679567947
9.7775E-4                 0.1254                   3.462109159150176        772.0050217730942
0.001017                  0.1254                   3.491717850275974        772.011899998402
0.00105625                0.1254                   3.5180448798530275       772.0191032562145
0.0010955                 0.1254                   3.541083349727046        772.0266299739709
0.00113475                0.1254                   3.560999174745421        772.0344784603742
0.001174                  0.1254                   3.5781188016879217       772.0426385390427
0.00121325                0.1254                   3.5924574306006773       772.0511119339541
0.0012525                 0.1254                   3.604025283728671        772.0598980721621
0.00129175                0.1254                   3.613032354420613        772.0689835631822
0.001331                  0.1254                   3.619564833697433        772.0783629978813
0.00137025                0.1254                   3.6236516411015574       772.0880401989364
0.0014095                 0.1254                   3.625378448748212        772.0980039472211
0.00144875                0.1254                   3.6248476987470366       772.1082440365653
0.001488                  0.1254                   3.6220650924216975       772.1187603381993
0.00152725                0.1254                   3.6171053748078212       772.1295476170762
0.0015665                 0.1254                   3.610062639894972        772.1405901376124
0.00160575                0.1254                   3.600939162681692        772.1518870624762
0.001645                  0.1254                   3.589775731284341        772.1634334812511
0.00168425                0.1254                   3.5766594556110842       772.1752125890508
0.0017235                 0.1254                   3.561596888783119        772.1872239898515
0.00176275                0.1254                   3.544598497913316        772.199466449784
0.001802                  0.1254                   3.5257513920361023       772.2119179356712
0.00184125                0.1254                   3.505073299784076        772.2245705617268
0.0018805                 0.1254                   3.4825659701201257       772.2374267393163
0.00191975                0.1254                   3.458263369478241        772.2504754710739
0.001959                  0.1254                   3.432226355738534        772.2636976239977
0.00199825                0.1254                   3.4044539492140364       772.2770939479143
0.0020375                 0.1254                   3.3749503410931254       772.290661083412
0.00207675                0.1254                   3.343761741956014        772.3043772504502
0.002116                  0.1254                   3.3109140786578197       772.3182358917222
0.00215525                0.1254                   3.2764192203537594       772.3322333463769
0.0021945                 0.1254                   3.2402823496263626       772.3463645717966
0.00223375                0.1254                   3.202527219772302        772.3606104308698
0.002273                  0.1254                   3.163168995939725        772.3749687184885
0.00231225                0.1254                   3.1222384541049335       772.3894225216814
0.0023515                 0.1254                   3.0797368029700403       772.4039693214322
0.00239075                0.1254                   3.0356678964557395       772.4186046013556
0.00243                   0.1254                   2.990062881974942        772.4333102348568
0.00246925                0.1254                   2.9429358616183703       772.4480763263995
0.0025085                 0.1254                   2.8942869751430216       772.4629035477009
0.00254775                0.1254                   2.844120648954764        772.4777873627397
0.002587                  0.1254                   2.7924667122702407       772.4927027855515
0.0026262499999999997     0.1254                   2.7393307247416336       772.5076461200838
0.0026655                 0.1254                   2.6847124124737647       772.5226176157776
0.0027047499999999997     0.1254                   2.628625871667822        772.5376062685316
0.002744                  0.1254                   2.571089077300896        772.5525964107596
0.0027832499999999997     0.1254                   2.512102566346167        772.5675877806596
0.0028225                 0.1254                   2.451668703837255        772.5825787325635
0.0028617499999999997     0.1254                   2.3898084945624114       772.5975491347921
0.002901                  0.1254                   2.3265266646273908       772.6124930285097
0.0029402499999999997     0.1254                   2.2618234676474507       772.6274098443093
0.0029795                 0.1254                   2.195706282879843        772.6422938701742
0.0030187499999999997     0.1254                   2.128192447565185        772.6571281572279
0.003058                  0.1254                   2.0592826269525384       772.6719136840336
0.0030972499999999997     0.1254                   1.9889765187256438       772.6866504022443
0.0031365                 0.1254                   1.9172832291861481       772.7013251977295
0.0031757499999999998     0.1254                   1.8442192791930214       772.7159278238206
0.003215                  0.1254                   1.7697848581390125       772.730457773312
0.0032542499999999998     0.1254                   1.6939796555181899       772.7449128132266
0.0032935                 0.1254                   1.6168093954931302       772.7592859465052
0.0033327499999999998     0.1254                   1.5382881592987718       772.7735684540111
0.003372                  0.1254                   1.4584159469313456       772.7877603357446
0.00341125                0.1254                   1.3771930020691743       772.8018608893798
0.0034505                 0.1254                   1.2946240288841602       772.8158620228639
0.00348975                0.1254                   1.2107210348271142       772.8297580643812
0.003529                  0.1254                   1.1254867452596957       772.8435456793104
0.00356825                0.1254                   1.0389207371217564       772.85722570775
0.0036075                 0.1254                   0.9510227120798925       772.8707984712202
0.00364675                0.1254                   0.8618053119900896       772.8842550862319
0.003686                  0.1254                   0.7712743156692564       772.8975949582205
0.00372525                0.1254                   0.6794292569877057       772.9108174578666
0.0037645                 0.1254                   0.5862709154601599       772.9239222376488
0.00380375                0.1254                   0.4918071295333335       772.9369052575678
0.0038429999999999996     0.1254                   0.3960396162291049       772.9497675310752
0.00388225                0.1254                   0.29897208259521985      772.962508391844
0.0039215                 0.1254                   0.2006075345060435       772.975127583675
0.00396075                0.1254                   0.10094917565598617      772.9876244165939
0.004                     0.1254                   2.0901362895252595E-15   773
7.5E-5                    0.12760000000000002      1.1901229633489005E-16   770.9973568974827
1.1424999999999999E-4     0.12760000000000002      0.6209984010931942       770.9974959501977
1.535E-4                  0.12760000000000002      1.0549097701921721       770.9979576659025
1.9275E-4                 0.12760000000000002      1.3875308862767166       770.9987981585718
2.32E-4                   0.12760000000000002      1.6571850406669393       771.0000604425503
2.7125E-4                 0.12760000000000002      1.8806932849952407       771.0017756702624
3.1049999999999996E-4     0.12760000000000002      2.0738432735764207       771.0039808069478
3.4974999999999996E-4     0.12760000000000002      2.2393602898719083       771.0066880417106
3.8899999999999997E-4     0.12760000000000002      2.38690069726374         771.0099358684237
4.2825E-4                 0.12760000000000002      2.518222209940863        771.0137282893546
4.675E-4                  0.12760000000000002      2.6344326722140154       771.0180731673493
5.0675E-4                 0.12760000000000002      2.7397725828383463       771.0230074666663
5.459999999999999E-4      0.12760000000000002      2.8349763642004673       771.0285343810177
5.852499999999999E-4      0.12760000000000002      2.92202385435924         771.034656985517
6.245E-4                  0.12760000000000002      3.0009150428826965       771.0413752801641
6.6375E-4                 0.12760000000000002      3.072400858580712        771.0486993926388
7.03E-4                   0.12760000000000002      3.1377853243190668       771.0566556552327
7.4225E-4                 0.12760000000000002      3.1977425821835377       771.0652351500455
7.815E-4                  0.12760000000000002      3.2523573138883535       771.0744337343826
8.2075E-4                 0.12760000000000002      3.30162952016232         771.0842514082444
8.6E-4                    0.12760000000000002      3.3463714109353786       771.0946919025178
8.9925E-4                 0.12760000000000002      3.3872306507203906       771.1057660749797
9.385E-4                  0.12760000000000002      3.4240875040038787       771.1174582055279
9.7775E-4                 0.12760000000000002      3.456993445358275        771.1297677424691
0.001017                  0.12760000000000002      3.486517920280896        771.1426944326984
0.00105625                0.12760000000000002      3.512792064015173        771.1562389480905
0.0010955                 0.12760000000000002      3.5358772159044083       771.1703940702412
0.00113475                0.12760000000000002      3.5558961100344586       771.1851367516592
0.001174                  0.12760000000000002      3.57297668617209         771.2004730642003
0.00121325                0.12760000000000002      3.587333131549403        771.2163990880038
0.0012525                 0.12760000000000002      3.5989697984024955       771.2329134199101
0.00129175                0.12760000000000002      3.6080147074895326       771.2499907798318
0.001331                  0.12760000000000002      3.614526520035057        771.2676262734916
0.00137025                0.12760000000000002      3.6186971463873374       771.285807278764
0.0014095                 0.12760000000000002      3.6205433822775652       771.3045281617897
0.00144875                0.12760000000000002      3.620071511569673        771.3237817037752
0.001488                  0.12760000000000002      3.6173114672846425       771.3435537893375
0.00152725                0.12760000000000002      3.612431266610265        771.3638270972239
0.0015665                 0.12760000000000002      3.605486691701398        771.3845748971197
0.00160575                0.12760000000000002      3.5964947285189934       771.4057975714569
0.001645                  0.12760000000000002      3.585455377049702        771.4274951202349
0.00168425                0.12760000000000002      3.5723924643583187       771.449659801092
0.0017235                 0.12760000000000002      3.557429914070582        771.4722380247352
0.00176275                0.12760000000000002      3.540577498050902        771.4952269303009
0.001802                  0.12760000000000002      3.521854859793814        771.5186256661041
0.00184125                0.12760000000000002      3.5012686462930924       771.5424313445413
0.0018805                 0.12760000000000002      3.478890693704434        771.5665979659167
0.00191975                0.12760000000000002      3.454740427542814        771.5911085691763
0.001959                  0.12760000000000002      3.428824885169573        771.6159611386064
0.00199825                0.12760000000000002      3.4011613260426077       771.6411561030782
0.0020375                 0.12760000000000002      3.3717958849619802       771.6666546830247
0.00207675                0.12760000000000002      3.3407587987218426       771.6924273626246
0.002116                  0.12760000000000002      3.3080500673205724       771.7184741418778
0.00215525                0.12760000000000002      3.273674812085231        771.7447900037652
0.0021945                 0.12760000000000002      3.237657333717372        771.7713560570953
0.00223375                0.12760000000000002      3.200044831573318        771.7981269324771
0.002273                  0.12760000000000002      3.1608406181158695       771.8250974941105
0.00231225                0.12760000000000002      3.120044582932509        771.8522664949887
0.0023515                 0.12760000000000002      3.0776600377686756       771.8796304944472
0.00239075                0.12760000000000002      3.0337285851191345       771.9071367702035
0.00243                   0.12760000000000002      2.988262362545517        771.934767475264
0.00246925                0.12760000000000002      2.9412612575822306       771.9625230385484
0.0025085                 0.12760000000000002      2.892725868844708        771.9904074363903
0.00254775                0.12760000000000002      2.842688880889661        772.0183685796751
0.002587                  0.12760000000000002      2.7911598953942054       772.0463966658991
0.0026262499999999997     0.12760000000000002      2.738139804392287        772.0744893192906
0.0026655                 0.12760000000000002      2.68363033408145         772.1026444798425
0.0027047499999999997     0.12760000000000002      2.6276573722501597       772.1308181388898
0.002744                  0.12760000000000002      2.5702294952305866       772.15899263313
0.0027832499999999997     0.12760000000000002      2.511346703027099        772.1871679625633
0.0028225                 0.12760000000000002      2.451009639466028        772.215344617094
0.0028617499999999997     0.12760000000000002      2.38924165676085         772.2434820766666
0.002901                  0.12760000000000002      2.326049444595388        772.2715698803836
0.0029402499999999997     0.12760000000000002      2.261433102931874        772.2996083842286
0.0029795                 0.12760000000000002      2.195394858626291        772.3275944840517
0.0030187499999999997     0.12760000000000002      2.1279546912319534       772.3554888164686
0.003058                  0.12760000000000002      2.0591173314690496       772.3832797146671
0.0030972499999999997     0.12760000000000002      1.9888827595119645       772.4109671994931
0.0031365                 0.12760000000000002      1.9172501367023171       772.4385532936518
0.0031757499999999998     0.12760000000000002      1.8442348891672509       772.4660104534491
0.003215                  0.12760000000000002      1.7698485421427976       772.4933256718839
0.0032542499999999998     0.12760000000000002      1.6940935155401933       772.5204886699361
0.0032935                 0.12760000000000002      1.6169698093572429       772.547499447606
0.0033327499999999998     0.12760000000000002      1.538477423592054        772.5743580048936
0.003372                  0.12760000000000002      1.4586263978716245       772.6010467894944
0.00341125                0.12760000000000002      1.3774298628900403       772.627545261293
0.0034505                 0.12760000000000002      1.2948872663544875       772.6538549752386
0.00348975                0.12760000000000002      1.2109986082524153       772.6799759313305
0.003529                  0.12760000000000002      1.1257666214750623       772.7059015969405
0.00356825                0.12760000000000002      1.0392032838596719       772.7316202067875
0.0036075                 0.12760000000000002      0.9513103115802382       772.7571289380011
0.00364675                0.12760000000000002      0.8620872942413849       772.7824246764937
0.003686                  0.12760000000000002      0.7715423960576415       772.8075017852952
0.00372525                0.12760000000000002      0.6796799618513243       772.8323574136765
0.0037645                 0.12760000000000002      0.5865004659734373       772.8569898691921
0.00380375                0.12760000000000002      0.492010289255097        772.8813949014534
0.0038429999999999996     0.12760000000000002      0.39621148978335313      772.9055740847431
0.00388225                0.12760000000000002      0.29910786995014144      772.9295241241947
0.0039215                 0.12760000000000002      0.2007026035163956       772.9532449635709
0.00396075                0.12760000000000002      0.10099896715498269      772.9767366242488
0.004                     0.12760000000000002      6.583200566719085E-16    773.0000000000001
7.5E-5                    0.1298                   0                        769.2366358097595
1.1424999999999999E-4     0.1298                   0.6193616440387172       769.2368969010695
1.535E-4                  0.1298                   1.051939939123393        769.237763458411
1.9275E-4                 0.1298                   1.3838232952523395       769.2393423683616
2.32E-4                   0.1298                   1.652725082348919        769.2417158569546
2.7125E-4                 0.1298                   1.8756222114556726       769.2449375794217
3.1049999999999996E-4     0.1298                   2.067990068405441        769.2490831169315
3.4974999999999996E-4     0.1298                   2.233104545026935        769.2541672671371
3.8899999999999997E-4     0.1298                   2.3803474937348654       769.2602636354342
4.2825E-4                 0.1298                   2.511098094889905        769.2673939215864
4.675E-4                  0.1298                   2.626968608188724        769.27557671146
5.0675E-4                 0.1298                   2.7323728484776395       769.2848441388826
5.459999999999999E-4      0.1298                   2.82770013953435         769.2952060541986
5.852499999999999E-4      0.1298                   2.9137361393477055       769.3067060390923
6.245E-4                  0.1298                   2.992195596829161        769.3193451081756
6.6375E-4                 0.1298                   3.064110041942654        769.3331311284439
7.03E-4                   0.1298                   3.129479471342373        769.3480640998977
7.4225E-4                 0.1298                   3.188623045096814        769.3641722215532
7.815E-4                  0.1298                   3.242493506089467        769.3814519421874
8.2075E-4                 0.1298                   3.292017616838873        769.3999049641666
8.6E-4                    0.1298                   3.337195373009147        769.4195321393912
8.9925E-4                 0.1298                   3.378026774408769        769.4403334678615
9.385E-4                  0.1298                   3.4144647369675774       769.4623068407941
9.7775E-4                 0.1298                   3.4473274431727217       769.4854458629673
0.001017                  0.1298                   3.476933854376514        769.5097303882638
0.00105625                0.1298                   3.50325187661347         769.5351654074036
0.0010955                 0.1298                   3.5262815096961635       769.5617509203862
0.00113475                0.1298                   3.5462109303138436       769.5894742500808
0.001174                  0.1298                   3.563393145666018        769.6182947036591
0.00121325                0.1298                   3.5778334195345343       769.6482094554449
0.0012525                 0.1298                   3.5895317516831295       769.6792185054378
0.00129175                0.1298                   3.598569188156211        769.7113201133293
0.001331                  0.1298                   3.6052275489771675       769.7444554311669
0.00137025                0.1298                   3.6095298402557257       769.7786084861261
0.0014095                 0.1298                   3.61147606197045         769.8137792782073
0.00144875                0.1298                   3.6110736786138946       769.8499648498812
0.001488                  0.1298                   3.608505915821112        769.887101984032
0.00152725                0.1298                   3.603822161756047        769.9251785362761
0.0015665                 0.1298                   3.5970345797035685       769.964176582893
0.00160575                0.1298                   3.5881533085672763       770.0040818465834
0.001645                  0.1298                   3.5772826206932953       770.0448600104701
0.00168425                0.1298                   3.5644752825750956       770.0864498886059
0.0017235                 0.1298                   3.5497279200829075       770.1288641746506
0.00176275                0.1298                   3.5330478627683246       770.1721007729841
0.001802                  0.1298                   3.5145305221806056       770.2160707263713
0.00184125                0.1298                   3.494197038159273        770.2607644807167
0.0018805                 0.1298                   3.472053837958147        770.3061589990976
0.00191975                0.1298                   3.448107575542317        770.3522521464096
0.001959                  0.1298                   3.4224282904828547       770.3989671796586
0.00199825                0.1298                   3.3950347078039624       770.446273641389
0.0020375                 0.1298                   3.365926827491745        770.4941715316008
0.00207675                0.1298                   3.335113250320756        770.5426230262999
0.002116                  0.1298                   3.3026349944931748       770.5916008323936
0.00215525                0.1298                   3.268525784164632        770.6410247797704
0.0021945                 0.1298                   3.2327870429001915       770.6909031611059
0.00223375                0.1298                   3.1954187706976236       770.7412359764
0.002273                  0.1298                   3.1564444262001534       770.7919643017274
0.00231225                0.1298                   3.115895582772036        770.8430157215963
0.0023515                 0.1298                   3.073772347648159        770.8943904096554
0.00239075                0.1298                   3.0300818688250164       770.9460802960897
0.00243                   0.1298                   2.9848460313212595       770.9980349847144
0.00246925                0.1298                   2.938083303613624        771.0501926776517
0.0025085                 0.1298                   2.8897920077213475       771.1025614625144
0.00254775                0.1298                   2.839976660297304        771.1551321405082
0.002587                  0.1298                   2.788666234395157        771.2078185347211
0.0026262499999999997     0.1298                   2.7358652048070278       771.2606040189771
0.0026655                 0.1298                   2.681575554675467        771.3134825081186
0.0027047499999999997     0.1298                   2.625801244764646        771.3664446920604
0.002744                  0.1298                   2.5685664590128714       771.4194114559386
0.0027832499999999997     0.1298                   2.509874281359355        771.472365294315
0.0028225                 0.1298                   2.4497264442351754       771.5252996161468
0.0028617499999999997     0.1298                   2.388132209420302        771.5781894051411
0.002901                  0.1298                   2.325105675046561        771.6309827665457
0.0029402499999999997     0.1298                   2.2606482040371896       771.6836727697737
0.0029795                 0.1298                   2.1947616927653826       771.7362546903606
0.0030187499999999997     0.1298                   2.1274632700749017       771.7886684250125
0.003058                  0.1298                   2.0587557851697893       771.8409050045136
0.0030972499999999997     0.1298                   1.988640972746242        771.8929498143398
0.0031365                 0.1298                   1.9171237199457607       771.9447955059276
0.0031757499999999998     0.1298                   1.8442198252386743       771.9963871216659
0.003215                  0.1298                   1.769932395440564        772.0477130725093
0.0032542499999999998     0.1298                   1.6942610994969047       772.098773341221
0.0032935                 0.1298                   1.6172062458869403       772.1495662891326
0.0033327499999999998     0.1298                   1.5387822272227272       772.2000424901946
0.003372                  0.1298                   1.4589965881915614       772.2501783742226
0.00341125                0.1298                   1.3778493287713813       772.299973941217
0.0034505                 0.1298                   1.2953404298016364       772.3494303402113
0.00348975                0.1298                   1.2114739291033485       772.3985332153445
0.003529                  0.1298                   1.12626379707753         772.4472509722871
0.00356825                0.1298                   1.039710919209848        772.4955833694615
0.0036075                 0.1298                   0.9518152954774772       772.543530406867
0.00364675                0.1298                   0.8625816827854267       772.5910773863058
0.003686                  0.1298                   0.7720191951827202       772.6382073612269
0.00372525                0.1298                   0.6801280562791772       772.6849208000478
0.0037645                 0.1298                   0.586910506745973        772.7312144104039
0.00380375                0.1298                   0.49237383641284854      772.7770845341954
0.0038429999999999996     0.1298                   0.39651928535100284      772.8225294524092
0.00388225                0.1298                   0.29935167937625023      772.8675427898781
0.0039215                 0.1298                   0.20087357775715517      772.9121244108775
0.00396075                0.1298                   0.10108863877759221      772.9562771587244
0.004                     0.1298                   1.8868647101201636E-15   773
7.5E-5                    0.132                    1.1878556744907852E-16   765.9286486052605
1.1424999999999999E-4     0.132                    0.6162723194589844       765.9291395910598
1.535E-4                  0.132                    1.046833431973965        765.9307690431392
1.9275E-4                 0.132                    1.3771390864481199       765.9337379545144
2.32E-4                   0.132                    1.644353190662424        765.9381933694157
2.7125E-4                 0.132                    1.866074983364054        765.9442483374634
3.1049999999999996E-4     0.132                    2.057718564172189        765.9520443299959
3.4974999999999996E-4     0.132                    2.221648044127939        765.9615958765028
3.8899999999999997E-4     0.132                    2.3677822654007037       765.9730341605233
4.2825E-4                 0.132                    2.498696529277166        765.9864375412448
4.675E-4                  0.132                    2.614430435686118        766.0018152461205
5.0675E-4                 0.132                    2.7176789182309538       766.0192094233537
5.459999999999999E-4      0.132                    2.812530791634809        766.038706964906
5.852499999999999E-4      0.132                    2.898986926193072        766.0603104986939
6.245E-4                  0.132                    2.97712290048863         766.084026635506
6.6375E-4                 0.132                    3.047692448495305        766.1099044354007
7.03E-4                   0.132                    3.112631962430533        766.1379811924855
7.4225E-4                 0.132                    3.172258886916361        766.1682591059595
7.815E-4                  0.132                    3.226518760723914        766.200726712806
8.2075E-4                 0.132                    3.2754115873448577       766.2353840130248
8.6E-4                    0.132                    3.3197879261551333       766.2722648855671
8.9925E-4                 0.132                    3.360341437821971        766.3113184157887
9.385E-4                  0.132                    3.397071612817124        766.3525771975906
9.7775E-4                 0.132                    3.4299554426866647       766.3960548774612
0.001017                  0.132                    3.4593388761840944       766.4417104606117
0.00105625                0.132                    3.4855302300095703       766.4894864185819
0.0010955                 0.132                    3.508589217987845        766.5393913003888
0.00113475                0.132                    3.5286055851859754       766.5914695955101
0.001174                  0.132                    3.5457702741314723       766.645647334895
0.00121325                0.132                    3.5602711764747736       766.7018501008122
0.0012525                 0.132                    3.5721082922863525       766.760077893262
0.00129175                0.132                    3.581356365833082        766.8203360197226
0.001331                  0.132                    3.588105359376909        766.882608360502
0.00137025                0.132                    3.592560360623536        766.9467727205291
0.0014095                 0.132                    3.5947421516319356       767.012833918243
0.00144875                0.132                    3.594635707781729        767.0807736003015
0.001488                  0.132                    3.592284895690041        767.1505768627551
0.00152725                0.132                    3.587851857900521        767.2220958343321
0.0015665                 0.132                    3.581362303905428        767.2953220115797
0.00160575                0.132                    3.5728247160164393       767.3702754587287
0.001645                  0.132                    3.562268011163283        767.4469135969598
0.00168425                0.132                    3.5497927948368253       767.5250707112375
0.0017235                 0.132                    3.5354076439398723       767.6047302267472
0.00176275                0.132                    3.5191249274111462       767.6858983227442
0.001802                  0.132                    3.5009806141524966       767.7685406523647
0.00184125                0.132                    3.481045575216993        767.852492999235
0.0018805                 0.132                    3.459322914175106        767.9377513659992
0.00191975                0.132                    3.4358087786970803       768.0243206783878
0.001959                  0.132                    3.4105516379779637       768.1120973137124
0.00199825                0.132                    3.3835879245065015       768.2009623238263
0.0020375                 0.132                    3.354925033327078        768.2909261366445
0.00207675                0.132                    3.324564434044752        768.3819830401618
0.002116                  0.132                    3.2925460476553914       768.4739788382511
0.00215525                0.132                    3.258889766282474        768.5668427974698
0.0021945                 0.132                    3.2235959848911495       768.6605744858049
0.00223375                0.132                    3.1866810268045707       768.7551246527919
0.002273                  0.132                    3.1481736599977963       768.8503675477172
0.00231225                0.132                    3.1080767563485883       768.9462942368228
0.0023515                 0.132                    3.0663959677857875       769.0428719096185
0.00239075                0.132                    3.0231584480917855       769.1399620691975
0.00243                   0.132                    2.9783676631963503       769.237549263777
0.00246925                0.132                    2.932026890353899        769.3356110083101
0.0025085                 0.132                    2.8841626313273103       769.4340045145843
0.00254775                0.132                    2.834779410756019        769.5327101888279
0.002587                  0.132                    2.783877187012037        769.631728496381
0.0026262499999999997     0.132                    2.7314657943584097       769.7309802255278
0.0026655                 0.132                    2.6775658370673967       769.8303350899462
0.0027047499999999997     0.132                    2.622177965883526        769.9297918733117
0.002744                  0.132                    2.5653054144772947       770.0293337742897
0.0027832499999999997     0.132                    2.506961469024847        770.1288666066419
0.0028225                 0.132                    2.4471575976318722       770.2283133376668
0.0028617499999999997     0.132                    2.385892946312553        770.3276836564163
0.002901                  0.132                    2.3231708236097597       770.4269513639666
0.0029402499999999997     0.132                    2.2590085934234514       770.5259799393361
0.0029795                 0.132                    2.193408669431039        770.6247506144584
0.0030187499999999997     0.132                    2.1263715187850627       770.7232681234589
0.003058                  0.132                    2.0579076294034926       770.8214550079497
0.0030972499999999997     0.132                    1.9880274843752803       770.919255756313
0.0031365                 0.132                    1.9167310867749396       771.0166654030295
0.0031757499999999998     0.132                    1.8440202767316265       771.1136628607711
0.003215                  0.132                    1.7699099625745822       771.2101486589053
0.0032542499999999998     0.132                    1.6944030570726631       771.3061100536555
0.0032935                 0.132                    1.6174997586720379       771.4015345069213
0.0033327499999999998     0.132                    1.5392026397677865       771.4964136631822
0.003372                  0.132                    1.4595266132349298       771.5906550637008
0.00341125                0.132                    1.3784736532330994       771.6842444746918
0.0034505                 0.132                    1.296043705770793        771.7771956402635
0.00348975                0.132                    1.2122377443651966       771.8694923211406
0.003529                  0.132                    1.1270686216964918       771.9610625677291
0.00356825                0.132                    1.0405402436019917       772.0519090996283
0.0036075                 0.132                    0.9526525324572374       772.1420222080782
0.00364675                0.132                    0.8634091483431771       772.231388848336
0.003686                  0.132                    0.7728199356902739       772.3199711548448
0.00372525                0.132                    0.6808855240205992       772.407771900694
0.0037645                 0.132                    0.587608025597422        772.494789805469
0.00380375                0.132                    0.4929949384677106       772.5810090370992
0.0038429999999999996     0.132                    0.39704764825848593      772.6664259999249
0.00388225                0.132                    0.299771482324682        772.7510340585349
0.0039215                 0.132                    0.20116906275467392      772.8348286676332
0.00396075                0.132                    0.10124413027917699      772.9178184077637
0.004                     0.132                    3.928196146816394E-15    773.0000000000001
7.5E-5                    0.1342                   1.1562508754803984E-16   759.7128911730873
1.1424999999999999E-4     0.1342                   0.6108767077430233       759.7138135885307
1.535E-4                  0.1342                   1.0376364180457194       759.716874656587
1.9275E-4                 0.1342                   1.3647781414608282       759.7224483072174
2.32E-4                   0.1342                   1.6293630400086918       759.7308150787635
2.7125E-4                 0.1342                   1.8493473584651146       759.7421856843249
3.1049999999999996E-4     0.1342                   2.0389647270231035       759.756813504879
3.4974999999999996E-4     0.1342                   2.201658765563521        759.7747655916758
3.8899999999999997E-4     0.1342                   2.346814037734916        759.7962762707376
4.2825E-4                 0.1342                   2.475181257699255        759.8214193539155
4.675E-4                  0.1342                   2.5890690258028113       759.850231074
5.0675E-4                 0.1342                   2.693108451666759        759.8829560460937
5.459999999999999E-4      0.1342                   2.7873933774179744       759.919602352544
5.852499999999999E-4      0.1342                   2.8717675310468898       759.9601159904383
6.245E-4                  0.1342                   2.948551504582639        760.004712919464
6.6375E-4                 0.1342                   3.019402830186281        760.0533400538062
7.03E-4                   0.1342                   3.084270785945621        760.106022040739
7.4225E-4                 0.1342                   3.143209344115062        760.1628340325092
7.815E-4                  0.1342                   3.1962185064092488       760.2237760291166
8.2075E-4                 0.1342                   3.244519458901811        760.2888354092213
8.6E-4                    0.1342                   3.2889254603916527       760.3580598651871
8.9925E-4                 0.1342                   3.329318840842663        760.431453157426
9.385E-4                  0.1342                   3.365692024333013        760.5089308245356
9.7775E-4                 0.1342                   3.3983018141027563       760.5905254847237
0.001017                  0.1342                   3.4276238348563486       760.6761628943068
0.00105625                0.1342                   3.4537656627207918       760.7658945610186
0.0010955                 0.1342                   3.476781796836451        760.8596773943017
0.00113475                0.1342                   3.4967859270056962       760.9574129157253
0.001174                  0.1342                   3.5140378143017785       761.0590902195295
0.00121325                0.1342                   3.528681528148436        761.1645991162462
0.0012525                 0.1342                   3.540717068315617        761.2739396058757
0.00129175                0.1342                   3.550145531032843        761.3871489577498
0.001331                  0.1342                   3.5571946128679          761.5040050402811
0.00137025                0.1342                   3.561967787422129        761.624475522152
0.0014095                 0.1342                   3.564464262873619        761.7485369605809
0.00144875                0.1342                   3.564698164840151        761.8761872526571
0.001488                  0.1342                   3.562824344754197        762.0071900146764
0.00152725                0.1342                   3.5588849301858985       762.1414324342004
0.0015665                 0.1342                   3.552883483359049        762.2789560685028
0.00160575                0.1342                   3.5448389694826          762.4197625345807
0.001645                  0.1342                   3.5348699093230844       762.5635413616636
0.00168425                0.1342                   3.5230028672720395       762.7102836687103
0.0017235                 0.1342                   3.5092374384180856       762.8599264233742
0.00176275                0.1342                   3.493588829841963        763.0124401428869
0.001802                  0.1342                   3.4761400244067175       763.1675510398157
0.00184125                0.1342                   3.4569015682658324       763.3251772033661
0.0018805                 0.1342                   3.4358744467631617       763.4853836235555
0.00191975                0.1342                   3.4130902637164175       763.6480076232695
0.001959                  0.1342                   3.388601623557319        763.8127727999134
0.00199825                0.1342                   3.362408608862399        763.9796698782022
0.0020375                 0.1342                   3.3345088717560323       764.1487025352985
0.00207675                0.1342                   3.3049294959221824       764.3197447800377
0.002116                  0.1342                   3.2737092190364545       764.4924847942884
0.00215525                0.1342                   3.240854147739953        764.6669021307597
0.0021945                 0.1342                   3.206368036307388        764.8429726491935
0.00223375                0.1342                   3.170254362846272        765.0206728042382
0.002273                  0.1342                   3.1325478878657984       765.1996640724497
0.00231225                0.1342                   3.093256047818938        765.3798376952554
0.0023515                 0.1342                   3.0523825166731258       765.5611728631977
0.00239075                0.1342                   3.0099336894697366       765.743630281471
0.00243                   0.1342                   2.96592205989561         765.9270863714323
0.00246925                0.1342                   2.9203676796869726       766.1112424938559
0.0025085                 0.1342                   2.873270793701123        766.2960904581
0.00254775                0.1342                   2.8246306309138705       766.4816440190112
0.002587                  0.1342                   2.774461840149447        766.6677324596004
0.0026262499999999997     0.1342                   2.7227804254653685       766.8541374269712
0.0026655                 0.1342                   2.6695860756168          767.040846968647
0.0027047499999999997     0.1342                   2.6148790427771966       767.2278556811694
0.002744                  0.1342                   2.558673620596616        767.4149226271422
0.0027832499999999997     0.1342                   2.500977002234784        767.6019489707561
0.0028225                 0.1342                   2.4417905668757793       767.7889167320586
0.0028617499999999997     0.1342                   2.3811215732349202       767.9757053926512
0.002901                  0.1342                   2.318979590459599        768.1621811495097
0.0029402499999999997     0.1342                   2.255363829352674        768.3483603346688
0.0029795                 0.1342                   2.1902822441070335       768.5340683825275
0.0030187499999999997     0.1342                   2.123742842451434        768.7192393225054
0.003058                  0.1342                   2.0557479923098962       768.9038102453276
0.0030972499999999997     0.1342                   1.98630173295904         769.0877075292615
0.0031365                 0.1342                   1.915414211742976        769.2708121580804
0.0031757499999999998     0.1342                   1.8430855129945385       769.4531215965279
0.003215                  0.1342                   1.7693182407831767       769.6346017504244
0.0032542499999999998     0.1342                   1.6941281770223642       769.8150499476338
0.0032935                 0.1342                   1.617519574300467        769.9944004216604
0.0033327499999999998     0.1342                   1.5394915556164466       770.1726807723509
0.003372                  0.1342                   1.4600441209190536       770.3498909997052
0.00341125                0.1342                   1.3791823426131111       770.525920126599
0.0034505                 0.1342                   1.2969150562934388       770.7007132793909
0.00348975                0.1342                   1.2132479867758152       770.8742335443006
0.003529                  0.1342                   1.1281843586966265       771.046404892292
0.00356825                0.1342                   1.0417249440965826       771.2172225740351
0.0036075                 0.1342                   0.953877555332741        771.3866555268461
0.00364675                0.1342                   0.8646441328206345       771.5547046083343
0.003686                  0.1342                   0.7740350410730947       771.7212845268689
0.00372525                0.1342                   0.6820505390219137       771.8863782493652
0.0037645                 0.1342                   0.5886936745310337       772.0500005609248
0.00380375                0.1342                   0.49397222189910867      772.2121250390938
0.0038429999999999996     0.1342                   0.3978871215943072       772.3727462423828
0.00388225                0.1342                   0.30044395535040896      772.5318412209791
0.0039215                 0.1342                   0.2016456886548639       772.6894080556297
0.00396075                0.1342                   0.10149653064408601      772.8454642714685
0.004                     0.1342                   1.9396974458052215E-15   773
7.5E-5                    0.13640000000000002      2.2989402030065174E-16   748.0404703898967
1.1424999999999999E-4     0.13640000000000002      0.60132256755346         748.0421921674923
1.535E-4                  0.13640000000000002      1.021389605592812        748.0479118040214
1.9275E-4                 0.13640000000000002      1.3433536018289498       748.0583281772226
2.32E-4                   0.13640000000000002      1.603839191963046        748.0739733645808
2.7125E-4                 0.13640000000000002      1.8199352628287826       748.0952234599331
3.1049999999999996E-4     0.13640000000000002      2.0066285294591695       748.1225970977234
3.4974999999999996E-4     0.13640000000000002      2.166493356054191        748.1561765854328
3.8899999999999997E-4     0.13640000000000002      2.3090861016932562       748.1964319010906
4.2825E-4                 0.13640000000000002      2.4356413132547785       748.2434867223059
4.675E-4                  0.13640000000000002      2.547463895932305        748.2974311419536
5.0675E-4                 0.13640000000000002      2.6494652641815515       748.3586487065525
5.459999999999999E-4      0.13640000000000002      2.7421868446839475       748.4272404968517
5.852499999999999E-4      0.13640000000000002      2.825526333152601        748.5031146208091
6.245E-4                  0.13640000000000002      2.9007117276559193       748.5865453294313
6.6375E-4                 0.13640000000000002      2.970049242745853        748.6775085475965
7.03E-4                   0.13640000000000002      3.033674106885537        748.7761419323787
7.4225E-4                 0.13640000000000002      3.091626842830161        748.8825235856499
7.815E-4                  0.13640000000000002      3.1439074504887503       748.9966535074099
8.2075E-4                 0.13640000000000002      3.191656220915219        749.1185413621292
8.6E-4                    0.13640000000000002      3.2354027022235075       749.248143222292
8.9925E-4                 0.13640000000000002      3.2751402391618556       749.3854585412421
9.385E-4                  0.13640000000000002      3.3108956919825956       749.5305906614797
9.7775E-4                 0.13640000000000002      3.3432533775440305       749.6833775565086
0.001017                  0.13640000000000002      3.3723877707644396       749.8437598598427
0.00105625                0.13640000000000002      3.3982988726788044       750.0117375714815
0.0010955                 0.13640000000000002      3.4210958307992367       750.1873532281103
0.00113475                0.13640000000000002      3.4411021201252177       750.3703783555239
0.001174                  0.13640000000000002      3.4585175141731255       750.5607629652607
0.00121325                0.13640000000000002      3.4733233876203413       750.7583989995805
0.0012525                 0.13640000000000002      3.48551974081569         750.9632864584836
0.00129175                0.13640000000000002      3.4952108170090916       751.1754561923033
0.001331                  0.13640000000000002      3.5026761596374887       751.394401910791
0.00137025                0.13640000000000002      3.5079218331170066       751.619967542216
0.0014095                 0.13640000000000002      3.5109490146571596       751.8522946342578
0.00144875                0.13640000000000002      3.511753173731938        752.09146804574
0.001488                  0.13640000000000002      3.5105222149936663       752.336862024859
0.00152725                0.13640000000000002      3.507289572785004        752.5886237509404
0.0015665                 0.13640000000000002      3.5020806719125934       752.8464073166009
0.00160575                0.13640000000000002      3.4948990720304485       753.1101420178193
0.001645                  0.13640000000000002      3.4858190969582252       753.3796828926255
0.00168425                0.13640000000000002      3.4748907866055596       753.6548187585055
0.0017235                 0.13640000000000002      3.4621181277261908       753.9353707350388
0.00176275                0.13640000000000002      3.4475160954624675       754.2213032922161
0.001802                  0.13640000000000002      3.4311579690352407       754.5121759790993
0.00184125                0.13640000000000002      3.4130544707839623       754.8077849240002
0.0018805                 0.13640000000000002      3.3932041993120206       755.1081811657577
0.00191975                0.13640000000000002      3.3716226431315772       755.4131889457863
0.001959                  0.13640000000000002      3.3483616563641787       755.7223772293618
0.00199825                0.13640000000000002      3.323428159304726        756.0355433150885
0.0020375                 0.13640000000000002      3.2968221517030574       756.3526872029662
0.00207675                0.13640000000000002      3.2685583417051993       756.6735909753424
0.002116                  0.13640000000000002      3.2386672663155993       756.9978111425521
0.00215525                0.13640000000000002      3.207150826967028        757.3252869858793
0.0021945                 0.13640000000000002      3.174012670527325        757.6558545762856
0.00223375                0.13640000000000002      3.139267857519424        757.9893866935903
0.002273                  0.13640000000000002      3.102933552376659        758.3253349309259
0.00231225                0.13640000000000002      3.065009529096356        758.6636703230776
0.0023515                 0.13640000000000002      3.025495509371385        759.0044504666135
0.00239075                0.13640000000000002      2.984410683537978        759.347156692534
0.00243                   0.13640000000000002      2.9417623361924385       759.6915272640261
0.00246925                0.13640000000000002      2.8975504442291293       760.0375383414698
0.0025085                 0.13640000000000002      2.8517757778662656       760.3851698439435
0.00254775                0.13640000000000002      2.80445216307497         760.7338769072667
0.002587                  0.13640000000000002      2.755584439737842        761.0834150833633
0.0026262499999999997     0.13640000000000002      2.70517260788373         761.4337843722327
0.0026655                 0.13640000000000002      2.653218398899369        761.7849310502504
0.0027047499999999997     0.13640000000000002      2.599733948407239        762.1363537043833
0.002744                  0.13640000000000002      2.5447212524182206       762.4879254409199
0.0027832499999999997     0.13640000000000002      2.4881803110100806       762.8396462598603
0.0028225                 0.13640000000000002      2.430114062755625        763.191412367275
0.0028617499999999997     0.13640000000000002      2.37053308590162         763.5426838250509
0.002901                  0.13640000000000002      2.3094380147625393       763.8933839437016
0.0029402499999999997     0.13640000000000002      2.2468297361899867       764.243510544863
0.0029795                 0.13640000000000002      2.1827115463296853       764.5929330465107
0.0030187499999999997     0.13640000000000002      2.1170944567636023       764.9412553008433
0.003058                  0.13640000000000002      2.049978644910641        765.2884908036806
0.0030972499999999997     0.13640000000000002      1.981363797525285        765.6345858113023
0.0031365                 0.13640000000000002      1.9112577465973988       765.9791787347026
0.0031757499999999998     0.13640000000000002      1.839664896033991        766.3221826363932
0.003215                  0.13640000000000002      1.766589771320982        766.6635783228915
0.0032542499999999998     0.13640000000000002      1.69203422394963         767.0032326006568
0.0032935                 0.13640000000000002      1.6160034293844423       767.340896891772
0.0033327499999999998     0.13640000000000002      1.538497227327556        767.67657401847
0.003372                  0.13640000000000002      1.4595249097814116       768.0101799881136
0.00341125                0.13640000000000002      1.3790949258692005       768.3414719354316
0.0034505                 0.13640000000000002      1.2972041957897769       768.6704832770712
0.00348975                0.13640000000000002      1.2138530651425679       768.9972004774397
0.003529                  0.13640000000000002      1.1290537546698363       769.3213968385006
0.00356825                0.13640000000000002      1.0428123070252742       769.6430132049521
0.0036075                 0.13640000000000002      0.9551282763858139       769.9620343679891
0.00364675                0.13640000000000002      0.8660034248410919       770.2784208007884
0.003686                  0.13640000000000002      0.7754494918210569       770.5920496727589
0.00372525                0.13640000000000002      0.6834684126691568       770.902944055505
0.0037645                 0.13640000000000002      0.5900624661581071       771.2110737718046
0.00380375                0.13640000000000002      0.49524022210333574      771.5163606043911
0.0038429999999999996     0.13640000000000002      0.3990024999074223       771.8188082154197
0.00388225                0.13640000000000002      0.30135613944525413      772.1184014776104
0.0039215                 0.13640000000000002      0.2023039579352757       772.415121783495
0.00396075                0.13640000000000002      0.10185057857188841      772.7089906224425
0.004                     0.13640000000000002      7.294252142653272E-16    773
7.5E-5                    0.1386                   1.1211403144405806E-16   726.2570764941257
1.1424999999999999E-4     0.1386                   0.5859144101161418       726.2601614296728
1.535E-4                  0.1386                   0.9949574885343239       726.2704771883067
1.9275E-4                 0.1386                   1.3083653878810086       726.2893427206461
2.32E-4                   0.1386                   1.562300835190481        726.3178079622247
2.7125E-4                 0.1386                   1.772447675376703        726.3565370387753
3.1049999999999996E-4     0.1386                   1.9536784235465354       726.4064360073303
3.4974999999999996E-4     0.1386                   2.109307121407013        726.4677951112402
3.8899999999999997E-4     0.1386                   2.2478928173387565       726.5414417700493
4.2825E-4                 0.1386                   2.370729357604338        726.6275456316014
4.675E-4                  0.1386                   2.479465110180784        726.7263869672436
5.0675E-4                 0.1386                   2.57847270724433         726.8386560553407
5.459999999999999E-4      0.1386                   2.6680719115059386       726.964306444462
5.852499999999999E-4      0.1386                   2.748418940823066        727.1033489176784
6.245E-4                  0.1386                   2.821980198896323        727.2564060899816
6.6375E-4                 0.1386                   2.889517146963405        727.4237130027643
7.03E-4                   0.1386                   2.9510742272675725       727.605178799884
7.4225E-4                 0.1386                   3.0067974937195006       727.8005234070808
7.815E-4                  0.1386                   3.0573449039329144       728.0102804468927
8.2075E-4                 0.1386                   3.103926089548618        728.2343730967337
8.6E-4                    0.1386                   3.1465698916104956       728.4727007023447
8.9925E-4                 0.1386                   3.185281610899349        728.7254508783687
9.385E-4                  0.1386                   3.220040898861211        728.9927343612139
9.7775E-4                 0.1386                   3.2513891459337136       729.2741285272164
0.001017                  0.1386                   3.279793185064421        729.5697519541965
0.00105625                0.1386                   3.3052198877470884       729.8795139908839
0.0010955                 0.1386                   3.327663111135928        730.2032482758868
0.00113475                0.1386                   3.3473828102456222       730.5410334503345
0.001174                  0.1386                   3.364617772416321        730.8923455112616
0.00121325                0.1386                   3.3793661194277327       731.2571737867574
0.0012525                 0.1386                   3.3916314843455533       731.6357829645027
0.00129175                0.1386                   3.401639744123015        732.02739888626
0.001331                  0.1386                   3.409494375581305        732.4320643490057
0.00137025                0.1386                   3.4151854275379177       732.8495458254714
0.0014095                 0.1386                   3.4187251914494188       733.2798605236065
0.00144875                0.1386                   3.4202892901508726       733.7224500671188
0.001488                  0.1386                   3.419918689930788        734.1768278112324
0.00152725                0.1386                   3.4176133910867703       734.6429937559479
0.0015665                 0.1386                   3.413392174556521        735.1211223633682
0.00160575                0.1386                   3.407359153887935        735.6103327811148
0.001645                  0.1386                   3.399544371147465        736.1103259057434
0.00168425                0.1386                   3.3899433893759245       736.6209778505291
0.0017235                 0.1386                   3.3785629197847373       737.1422644256528
0.00176275                0.1386                   3.365484370697228        737.6734310223144
0.001802                  0.1386                   3.3507221090442605       738.2141196108464
0.00184125                0.1386                   3.3342783865252983       738.7642490792466
0.0018805                 0.1386                   3.316165223804922        739.3233140936255
0.00191975                0.1386                   3.2964109604363876       739.8909045285352
0.001959                  0.1386                   3.2750231156854324       740.4668012615905
0.00199825                0.1386                   3.2520149144837913       741.0507084202022
0.0020375                 0.1386                   3.2274023353661163       741.6419581539551
0.00207675                0.1386                   3.2011825789102684       742.2405633086455
0.002116                  0.1386                   3.173371501835635        742.8460115240212
0.00215525                0.1386                   3.143977335076533        743.457486086306
0.0021945                 0.1386                   3.1130001078813723       744.0749866204267
0.00223375                0.1386                   3.080444079433798        744.6984936043775
0.002273                  0.1386                   3.0463153710797375       745.3269719297286
0.00231225                0.1386                   3.0106173212185245       745.9600938763741
0.0023515                 0.1386                   2.9733492741028207       746.597925820986
0.00239075                0.1386                   2.934513423282561        747.2400153009953
0.00243                   0.1386                   2.8941116369500994       747.8854465422448
0.00246925                0.1386                   2.8521446737242813       748.5341430281367
0.0025085                 0.1386                   2.8086122956373387       749.1860240967968
0.00254775                0.1386                   2.763515165142822        749.8405468167444
0.002587                  0.1386                   2.716852145453905        750.4968817042991
0.0026262499999999997     0.1386                   2.668623167600763        751.1550213424377
0.0026655                 0.1386                   2.618827996311099        751.8148234399089
0.0027047499999999997     0.1386                   2.5674669977685594       752.475668125036
0.002744                  0.1386                   2.514538038245106        753.1368988998295
0.0027832499999999997     0.1386                   2.46004182763641         753.7986430374918
0.0028225                 0.1386                   2.4039777242890734       754.4606766936697
0.0028617499999999997     0.1386                   2.3463461619678743       755.1221272402753
0.002901                  0.1386                   2.2871473138370364       755.7829069279044
0.0029402499999999997     0.1386                   2.2263790638331313       756.4427902770007
0.0029795                 0.1386                   2.1640426300356044       757.1015374943178
0.0030187499999999997     0.1386                   2.1001404353563835       757.7584473766624
0.003058                  0.1386                   2.034672542095737        758.4134826040568
0.0030972499999999997     0.1386                   1.9676377133723653       759.0665743765805
0.0031365                 0.1386                   1.8990380968446248       759.7172384292238
0.0031757499999999998     0.1386                   1.8288792433548045       760.3648642151495
0.003215                  0.1386                   1.757161149854247        761.0095402983778
0.0032542499999999998     0.1386                   1.6838838164052297       761.6512666789089
0.0032935                 0.1386                   1.6090492519047985       762.2894830207726
0.0033327499999999998     0.1386                   1.5326663610667686       762.9239710669133
0.003372                  0.1386                   1.4547341383038652       763.5546224878509
0.00341125                0.1386                   1.3752527345978374       764.1811606871248
0.0034505                 0.1386                   1.2942221499657116       764.8035855185655
0.00348975                0.1386                   1.2116506956255042       765.421554642255
0.003529                  0.1386                   1.1275466535057768       766.0348901370346
0.00356825                0.1386                   1.041910023573864        766.6435920029038
0.0036075                 0.1386                   0.954740497025388        767.2474465659267
0.00364675                0.1386                   0.8660438173073103       767.8463400058635
0.003686                  0.1386                   0.7758322791579404       768.4400724092778
0.00372525                0.1386                   0.6841067578209782       769.0286661225039
0.0037645                 0.1386                   0.5908686552338968       769.6121287887734
0.00380375                0.1386                   0.4961266608299127       770.1902288483527
0.0038429999999999996     0.1386                   0.399882841492224        770.7629643028271
0.00388225                0.1386                   0.3021440677146995       771.3303227660862
0.0039215                 0.1386                   0.20291427433027753      771.8922848130163
0.00396075                0.1386                   0.10219799373046778      772.4488462047558
0.004                     0.1386                   3.3726416959172547E-15   772.9999999999999
7.5E-5                    0.1408                   0                        687.043079963171
1.1424999999999999E-4     0.1408                   0.5623292236937751       687.0474873487082
1.535E-4                  0.1408                   0.9548181465212441       687.0629335505377
1.9275E-4                 0.1408                   1.2552787472284757       687.0919369369789
2.32E-4                   0.1408                   1.4979746476485152       687.1364724767966
2.7125E-4                 0.1408                   1.699196827977269        687.1978054535431
3.1049999999999996E-4     0.1408                   1.872555774858235        687.2775562235411
3.4974999999999996E-4     0.1408                   2.0207294264340083       687.3760926966326
3.8899999999999997E-4     0.1408                   2.152838559251341        687.4952327896334
4.2825E-4                 0.1408                   2.2697843387669905       687.6352391448821
4.675E-4                  0.1408                   2.372862453160227        687.796273047383
5.0675E-4                 0.1408                   2.4668303782243957       687.9797736596587
5.459999999999999E-4      0.1408                   2.552105142449523        688.186088304353
5.852499999999999E-4      0.1408                   2.6286722030009764       688.4152621558953
6.245E-4                  0.1408                   2.697436762792194        688.6675388358748
6.6375E-4                 0.1408                   2.76088016383429         688.9440289983554
7.03E-4                   0.1408                   2.819142867568325        689.2448505571656
7.4225E-4                 0.1408                   2.872135870271894        689.5697954545919
7.815E-4                  0.1408                   2.919845826322138        689.9190008957739
8.2075E-4                 0.1408                   2.963453834883031        690.2929268182318
8.6E-4                    0.1408                   3.0034495674398105       690.6915871844952
8.9925E-4                 0.1408                   3.0398715884193637       691.1152690092661
9.385E-4                  0.1408                   3.0727198858961913       691.5639722925447
9.7775E-4                 0.1408                   3.1022448563412546       692.0377444871082
0.001017                  0.1408                   3.1288834685293296       692.536046489266
0.00105625                0.1408                   3.152822876494323        693.0591415491792
0.0010955                 0.1408                   3.174085052541184        693.6074194047419
0.00113475                0.1408                   3.192741903726751        694.180672299555
0.001174                  0.1408                   3.2091013766634626       694.7781986027903
0.00121325                0.1408                   3.223193758973759        695.3999430955975
0.0012525                 0.1408                   3.2350304273966555       696.0459573136463
0.00129175                0.1408                   3.2447427209571167       696.7165658116726
0.001331                  0.1408                   3.25249000903518         697.4107122794575
0.00137025                0.1408                   3.2583252344985265       698.1283931661973
0.0014095                 0.1408                   3.2622327479054656       698.8694832949092
0.00144875                0.1408                   3.2642538102188627       699.6340026117049
0.001488                  0.1408                   3.2645269359088456       700.420812218995
0.00152725                0.1408                   3.263079648370952        701.2297982656629
0.0015665                 0.1408                   3.2599263525609223       702.0611644218991
0.00160575                0.1408                   3.2550886249235367       702.9146389793132
0.001645                  0.1408                   3.2486363468147132       703.788831350149
0.00168425                0.1408                   3.2405740241916448       704.6835485003505
0.0017235                 0.1408                   3.2309281755176675       705.5990364656762
0.00176275                0.1408                   3.2197174659246794       706.5348743245237
0.001802                  0.1408                   3.206975610567222        707.4895945644471
0.00184125                0.1408                   3.1927059303453094       708.4631406913179
0.0018805                 0.1408                   3.1769070508109714       709.4555116063597
0.00191975                0.1408                   3.1596034470324366       710.4660729961383
0.001959                  0.1408                   3.1408091274190197       711.4934303989477
0.00199825                0.1408                   3.12052246717615         712.5375257567241
0.0020375                 0.1408                   3.098743467024421        713.5983590694677
0.00207675                0.1408                   3.0754789046405815       714.675117922555
0.002116                  0.1408                   3.0507244604721238       715.7661179767783
0.00215525                0.1408                   3.0244842995233756       716.8715025344078
0.0021945                 0.1408                   2.9967587212637925       717.9912905192018
0.00223375                0.1408                   2.967545361105951        719.1247241530104
0.002273                  0.1408                   2.93682623007092         720.2697293720075
0.00231225                0.1408                   2.9046004429365126       721.4262067737749
0.0023515                 0.1408                   2.8708696389522332       722.5941649083019
0.00239075                0.1408                   2.8356324052571416       723.7735361584669
0.00243                   0.1408                   2.7988662833771674       724.9622850111357
0.00246925                0.1408                   2.760561321597712        726.1594659266543
0.0025085                 0.1408                   2.7207175189950714       727.3650789050229
0.00254775                0.1408                   2.6793345865143947       728.5792266076879
0.002587                  0.1408                   2.636387003508698        729.7998366145822
0.0026262499999999997     0.1408                   2.591867168958245        731.0264809937713
0.0026655                 0.1408                   2.545774948750333        732.2590355251596
0.0027047499999999997     0.1408                   2.498105395742874        733.4972247941263
0.002744                  0.1408                   2.44883222043592         734.7387398144787
0.0027832499999999997     0.1408                   2.397951683329417        735.9832584339307
0.0028225                 0.1408                   2.3454642402113692       737.2311387119802
0.0028617499999999997     0.1408                   2.291363721246291        738.4817773910564
0.002901                  0.1408                   2.2356261686708674       739.7330172370594
0.0029402499999999997     0.1408                   2.1782493824243994       740.9847016040666
0.0029795                 0.1408                   2.119234665757435        742.2366234717496
0.0030187499999999997     0.1408                   2.05857628303829         743.4885769616446
0.003058                  0.1408                   1.9962569563400228       744.7386438050348
0.0030972499999999997     0.1408                   1.932276382333456        745.9866270877566
0.0031365                 0.1408                   1.86663392842199         747.2327772128992
0.0031757499999999998     0.1408                   1.7993269707220638       748.4756928566159
0.003215                  0.1408                   1.7303422065630982       749.7143485892332
0.0032542499999999998     0.1408                   1.659681498449611        750.9487924653424
0.0032935                 0.1408                   1.5873472281588483       752.1790347166366
0.0033327499999999998     0.1408                   1.513337565165229        753.4037591745155
0.003372                  0.1408                   1.4376509548282306       754.6220606470087
0.00341125                0.1408                   1.3602852223861623       755.8339436846672
0.0034505                 0.1408                   1.281238253595361        757.0394429705467
0.00348975                0.1408                   1.200511879366611        758.2380434302197
0.003529                  0.1408                   1.1181124708403327       759.4284086805999
0.00356825                0.1408                   1.0340408756334933       760.6105109881463
0.0036075                 0.1408                   0.9483005357861275       761.7845475980704
0.00364675                0.1408                   0.8608897881453272       762.9497535365184
0.003686                  0.1408                   0.7718224186094942       764.1057434594785
0.00372525                0.1408                   0.6810952710253447       765.252480581896
0.0037645                 0.1408                   0.588712876174746        766.3897062241232
0.00380375                0.1408                   0.49468425569551117      767.5169132437494
0.0038429999999999996     0.1408                   0.3990111242654549       768.6340693158744
0.00388225                0.1408                   0.3017014113770052       769.7411094020779
0.0039215                 0.1408                   0.20275908260707734      770.8378584462229
0.00396075                0.1408                   0.10219010833772342      771.9241517960193
0.004                     0.1408                   2.060655326006689E-15    772.9999999999999
7.5E-5                    0.14300000000000002      0                        627.0534479900012
1.1424999999999999E-4     0.14300000000000002      0.5230453004381364       627.0547126777315
1.535E-4                  0.14300000000000002      0.8876393966029191       627.0629584797292
1.9275E-4                 0.14300000000000002      1.1664747912143585       627.0826783865083
2.32E-4                   0.14300000000000002      1.3913154274943116       627.1169387323184
2.7125E-4                 0.14300000000000002      1.5774512414110575       627.1675898554939
3.1049999999999996E-4     0.14300000000000002      1.7373181101689115       627.2370897582006
3.4974999999999996E-4     0.14300000000000002      1.8736937826513835       627.3259764599889
3.8899999999999997E-4     0.14300000000000002      1.995238059408025        627.4368570001512
4.2825E-4                 0.14300000000000002      2.102582894871807        627.5700514821256
4.675E-4                  0.14300000000000002      2.197107607731908        627.7259907660357
5.0675E-4                 0.14300000000000002      2.282642890606632        627.9065624814174
5.459999999999999E-4      0.14300000000000002      2.3601788296543456       628.1125397223683
5.852499999999999E-4      0.14300000000000002      2.429884270628089        628.3440228601514
6.245E-4                  0.14300000000000002      2.492742304357349        628.6015778070442
6.6375E-4                 0.14300000000000002      2.5503493481884565       628.8868208521117
7.03E-4                   0.14300000000000002      2.602784519161335        629.1998312658998
7.4225E-4                 0.14300000000000002      2.650154853011595        629.5405702944462
7.815E-4                  0.14300000000000002      2.6930786593306184       629.9095106427012
8.2075E-4                 0.14300000000000002      2.7325072493953537       630.3083459561102
8.6E-4                    0.14300000000000002      2.768451127286781        630.7371450298756
8.9925E-4                 0.14300000000000002      2.8009422053746986       631.1959468854335
9.385E-4                  0.14300000000000002      2.830120618977322        631.6845918628208
9.7775E-4                 0.14300000000000002      2.856382851197845        632.2040558037154
0.001017                  0.14300000000000002      2.8801881053152103       632.755255039634
0.00105625                0.14300000000000002      2.901521597739115        633.3380420541414
0.0010955                 0.14300000000000002      2.9203628939000277       633.9524168408789
0.00113475                0.14300000000000002      2.9368188163736217       634.5984798499385
0.001174                  0.14300000000000002      2.9512547751548164       635.2773866211949
0.00121325                0.14300000000000002      2.9636895224601405       635.9894112838382
0.0012525                 0.14300000000000002      2.974132508502818        636.7342411436811
0.00129175                0.14300000000000002      2.982637628776557        637.5121056562883
0.001331                  0.14300000000000002      2.989430911841815        638.3240900181002
0.00137025                0.14300000000000002      2.9945324681399517       639.1701776022295
0.0014095                 0.14300000000000002      2.997933002731932        640.0501273975968
0.00144875                0.14300000000000002      2.9996732909684067       640.9639922147388
0.001488                  0.14300000000000002      2.999904203091091        641.9127416507685
0.00152725                0.14300000000000002      2.9986347826495297       642.8965157161371
0.0015665                 0.14300000000000002      2.995866692281827        643.9150289544061
0.00160575                0.14300000000000002      2.991635485540403        644.9687462489163
0.001645                  0.14300000000000002      2.986025726489903        646.0584455895328
0.00168425                0.14300000000000002      2.979038356455899        647.1837967918251
0.0017235                 0.14300000000000002      2.9706723412204172       648.3444807194152
0.00176275                0.14300000000000002      2.960968788364992        649.5407601087597
0.001802                  0.14300000000000002      2.949964939677102        650.7736630078379
0.00184125                0.14300000000000002      2.937660632871746        652.0432054929809
0.0018805                 0.14300000000000002      2.924055868358913        653.349387564189
0.00191975                0.14300000000000002      2.9091697553310745       654.6924803389577
0.001959                  0.14300000000000002      2.8930196067966873       656.0719871413646
0.00199825                0.14300000000000002      2.875603180901887        657.4882821929789
0.0020375                 0.14300000000000002      2.8569204781803923       658.9413654938006
0.00207675                0.14300000000000002      2.8369806155759876       660.431613769629
0.002116                  0.14300000000000002      2.8157781577045853       661.9592485846115
0.00215525                0.14300000000000002      2.793309393397445        663.5242934765308
0.0021945                 0.14300000000000002      2.7695775527277733       665.1265120574355
0.00223375                0.14300000000000002      2.744571010183835        666.7664065509296
0.002273                  0.14300000000000002      2.718284209059663        668.4446969468876
0.00231225                0.14300000000000002      2.6907028407977953       670.1597473509881
0.0023515                 0.14300000000000002      2.6618246246807318       671.9114661982072
0.00239075                0.14300000000000002      2.631629712377329        673.7008194209016
0.00243                   0.14300000000000002      2.6000910536050594       675.5278411041569
0.00246925                0.14300000000000002      2.5672086481635183       677.3925312479729
0.0025085                 0.14300000000000002      2.532985832585492        679.2953125395553
0.00254775                0.14300000000000002      2.4973635422628444       681.2350215531168
0.002587                  0.14300000000000002      2.460328878707403        683.2117525942257
0.0026262499999999997     0.14300000000000002      2.4218784887359797       685.224756465078
0.0026655                 0.14300000000000002      2.3820065750268156       687.2746715968849
0.0027047499999999997     0.14300000000000002      2.340642108723446        689.3611982134382
0.002744                  0.14300000000000002      2.2977696828614604       691.4838202117521
0.0027832499999999997     0.14300000000000002      2.253395870673954        693.643118836483
0.0028225                 0.14300000000000002      2.207499303464661        695.8388778052315
0.0028617499999999997     0.14300000000000002      2.1600166943325494       698.0703899662198
0.002901                  0.14300000000000002      2.1109188534106096       700.3349616538782
0.0029402499999999997     0.14300000000000002      2.0602057801931624       702.6325928682073
0.0029795                 0.14300000000000002      2.007864307017079        704.9633140730203
0.0030187499999999997     0.14300000000000002      1.9538338911347144       707.3299351734285
0.003058                  0.14300000000000002      1.8980981885015598       709.730817949598
0.0030972499999999997     0.14300000000000002      1.8406225766391329       712.1604364968692
0.0031365                 0.14300000000000002      1.7814037932889575       714.6188198270919
0.0031757499999999998     0.14300000000000002      1.7204086282027093       717.1099350311163
0.003215                  0.14300000000000002      1.6576178191279725       719.6298359294309
0.0032542499999999998     0.14300000000000002      1.5929695741093937       722.1755584984259
0.0032935                 0.14300000000000002      1.5264669489490097       724.746905515208
0.0033327499999999998     0.14300000000000002      1.4581218608041435       727.3425995640946
0.003372                  0.14300000000000002      1.38788605768267         729.9644784423199
0.00341125                0.14300000000000002      1.3157303972844916       732.6038020465088
0.0034505                 0.14300000000000002      1.2416595831132777       735.260658463609
0.00348975                0.14300000000000002      1.165672419870371        737.9374592197026
0.003529                  0.14300000000000002      1.0877456822958458       740.6311462257594
0.00356825                0.14300000000000002      1.0078527859243642       743.3337199977905
0.0036075                 0.14300000000000002      0.9260034317033798       746.0451703078749
0.00364675                0.14300000000000002      0.8422000340726696       748.7638925627251
0.003686                  0.14300000000000002      0.7564295992268519       751.4850761549919
0.00372525                0.14300000000000002      0.6686987544975532       754.2071741242659
0.0037645                 0.14300000000000002      0.5790073321237451       756.9291145032417
0.00380375                0.14300000000000002      0.48735952870857024      759.6423632072565
0.0038429999999999996     0.14300000000000002      0.3937607606246037       762.3453975974134
0.00388225                0.14300000000000002      0.2982198024427203       765.0364515609716
0.0039215                 0.14300000000000002      0.20073980564345592      767.7122684435565
0.00396075                0.14300000000000002      0.10133064545122714      770.3671743851557
0.004                     0.14300000000000002      3.4509007207281557E-15   772.9999999999999
7.5E-5                    0.1452                   9.042115193088346E-17    570.2557123461193
1.1424999999999999E-4     0.1452                   0.4686489677059993       570.2517487527454
1.535E-4                  0.1452                   0.7955029577835928       570.244302536557
1.9275E-4                 0.1452                   1.0456531241914075       570.237334935595
2.32E-4                   0.1452                   1.2474284751325513       570.2333052790419
2.7125E-4                 0.1452                   1.4147610860574689       570.2336875917208
3.1049999999999996E-4     0.1452                   1.5584530322981118       570.2401138297614
3.4974999999999996E-4     0.1452                   1.6813776104300493       570.2530682637191
3.8899999999999997E-4     0.1452                   1.7907251805790616       570.2739017460725
4.2825E-4                 0.1452                   1.887342844454397        570.3032743367847
4.675E-4                  0.1452                   1.9723786531641603       570.3416369391175
5.0675E-4                 0.1452                   2.049641639678749        570.3896031786715
5.459999999999999E-4      0.1452                   2.1194105203967983       570.4473425378068
5.852499999999999E-4      0.1452                   2.1827438383398583       570.516074027518
6.245E-4                  0.1452                   2.2397851635926784       570.5959359788473
6.6375E-4                 0.1452                   2.2915028272202362       570.6871143756049
7.03E-4                   0.1452                   2.3386147516998728       570.7894315791198
7.4225E-4                 0.1452                   2.38169872924129         570.903787669463
7.815E-4                  0.1452                   2.4210553267851753       571.03069265092
8.2075E-4                 0.1452                   2.4566845401137782       571.1701465234904
8.6E-4                    0.1452                   2.48852112933222         571.3221586296601
8.9925E-4                 0.1452                   2.5172377846155096       571.4870374154311
9.385E-4                  0.1452                   2.5435272536570053       571.6653754385117
9.7775E-4                 0.1452                   2.567143564606602        571.8569895495925
0.001017                  0.1452                   2.5880867169618043       572.061879748674
0.00105625                0.1452                   2.606695226689465        572.2804282367795
0.0010955                 0.1452                   2.6230545807030445       572.5133119231365
0.00113475                0.1452                   2.63729520243837         572.7601085715983
0.001174                  0.1452                   2.649469278957477        573.0207235879539
0.00121325                0.1452                   2.6597556178808532       573.2957992776988
0.0012525                 0.1452                   2.668187732790952        573.585289651357
0.00129175                0.1452                   2.6747445499546165       573.8893895498449
0.001331                  0.1452                   2.6795988092695393       574.2080627001327
0.00137025                0.1452                   2.6828228348286625       574.5416075980164
0.0014095                 0.1452                   2.6844349110801256       574.8897486325161
0.00144875                0.1452                   2.684454871975039        575.2524986150145
0.001488                  0.1452                   2.6829824259053026       575.6304457705685
0.00152725                0.1452                   2.680029019930121        576.0238010420117
0.0015665                 0.1452                   2.6756371978701967       576.4318087013569
0.00160575                0.1452                   2.6698335567328635       576.8548283581626
0.001645                  0.1452                   2.6626859061839436       577.2930324143396
0.00168425                0.1452                   2.65420023180401         577.7463092441782
0.0017235                 0.1452                   2.6443684247262866       578.2149570313686
0.00176275                0.1452                   2.633255801744864        578.6985342361514
0.001802                  0.1452                   2.6208870603180343       579.1975171784762
0.00184125                0.1452                   2.607272107935623        579.711291698076
0.0018805                 0.1452                   2.592414859704831        580.2397715809412
0.00191975                0.1452                   2.5763541293221857       580.783198953666
0.001959                  0.1452                   2.559097130028007        581.3420643454796
0.00199825                0.1452                   2.540652978277074        581.9156343726228
0.0020375                 0.1452                   2.521028762964849        582.5032171445847
0.00207675                0.1452                   2.500246741944722        583.1059462877446
0.002116                  0.1452                   2.4783199487828202       583.722254604165
0.00215525                0.1452                   2.4552481183113892       584.352406556512
0.0021945                 0.1452                   2.4310300062588754       584.9973107225715
0.00223375                0.1452                   2.4056820037107953       585.6549776013518
0.002273                  0.1452                   2.3792088901480137       586.3268302947274
0.00231225                0.1452                   2.351612184437095        587.0112344601619
0.0023515                 0.1452                   2.322891852251562        587.7080090611952
0.00239075                0.1452                   2.2930507964336697       588.4168619351713
0.00243                   0.1452                   2.2620875733920887       589.1382204956873
0.00246925                0.1452                   2.2300034558483697       589.8703904061251
0.0025085                 0.1452                   2.196796380760748        590.612792672738
0.00254775                0.1452                   2.162460404477449        591.365642334708
0.002587                  0.1452                   2.126994655305151        592.1289480846916
0.0026262499999999997     0.1452                   2.090391224338341        592.9002581013409
0.0026655                 0.1452                   2.052650110436198        593.679572384656
0.0027047499999999997     0.1452                   2.013765905682356        594.4661423983821
0.002744                  0.1452                   1.9737244497058688       595.2602689508615
0.0027832499999999997     0.1452                   1.9325088149704157       596.0585258176046
0.0028225                 0.1452                   1.8901190004436668       596.8609129986116
0.0028617499999999997     0.1452                   1.846555005134253        597.6674304938824
0.002901                  0.1452                   1.8018018293953983       598.476593962441
0.0029402499999999997     0.1452                   1.7558264734066227       599.2854566622034
0.0029795                 0.1452                   1.7086278517690747       600.0938334280041
0.0030187499999999997     0.1452                   1.6602059634485482       600.9017242598429
0.003058                  0.1452                   1.6105401223156321       601.7047111037101
0.0030972499999999997     0.1452                   1.559597348370299        602.5035736679554
0.0031365                 0.1452                   1.5073768390343973       603.2951542266909
0.0031757499999999998     0.1452                   1.4538766902782405       604.0786136788574
0.003215                  0.1452                   1.3990457460987025       604.8498187707173
0.0032542499999999998     0.1452                   1.3428787787858525       605.608608815881
0.0032935                 0.1452                   1.2853815358395981       606.355162991268
0.0033327499999999998     0.1452                   1.2265319622465733       607.0863345281317
0.003372                  0.1452                   1.1662667187336695       607.793780589679
0.00341125                0.1452                   1.1045858041354693       608.4775011759097
0.0034505                 0.1452                   1.0414892174074433       609.1374962868238
0.00348975                0.1452                   0.9769817316048811       609.7738949157135
0.003529                  0.1452                   0.9110057931733995       610.3793913731444
0.00356825                0.1452                   0.8435385830981865       610.9505409387805
0.0036075                 0.1452                   0.7745768126311318       611.4872160910774
0.00364675                0.1452                   0.704119653987418        611.9888203444808
0.003686                  0.1452                   0.6321289033172289       612.4470131826793
0.00372525                0.1452                   0.5585909415705433       612.860283445742
0.0037645                 0.1452                   0.48351045548593036      613.2292827266781
0.00380375                0.1452                   0.40686616859222235      613.5472149982705
0.0038429999999999996     0.1452                   0.32864786622578446      613.813277611335
0.00388225                0.1452                   0.24885255073776522      614.0245642540809
0.0039215                 0.1452                   0.16747876391533767      614.17901702243
0.00396075                0.1452                   0.08452660237690408      614.2728108889805
0.004                     0.1452                   2.948122016241295E-15    614.3047116656963
7.5E-5                    0.1474                   1.715846864905938E-16    543.6182544660869
1.1424999999999999E-4     0.1474                   0.43935521820465895      543.6160751140144
1.535E-4                  0.1474                   0.7460713835770231       543.6112996917901
1.9275E-4                 0.1474                   0.9813943812155081       543.6054494478934
2.32E-4                   0.1474                   1.17167853521095         543.5994299849276
2.7125E-4                 0.1474                   1.3293950730594333       543.593745438452
3.1049999999999996E-4     0.1474                   1.465317175062713        543.589022609852
3.4974999999999996E-4     0.1474                   1.5821454262334806       543.5854199826917
3.8899999999999997E-4     0.1474                   1.6856523302255946       543.5833681936008
4.2825E-4                 0.1474                   1.7782232239902764       543.5831385521501
4.675E-4                  0.1474                   1.8598447043151454       543.5847674564724
5.0675E-4                 0.1474                   1.9335315493683425       543.5886121700264
5.459999999999999E-4      0.1474                   2.0007064996956783       543.5949274333735
5.852499999999999E-4      0.1474                   2.0615010029205214       543.6036520489539
6.245E-4                  0.1474                   2.1160433599489674       543.6148142198329
6.6375E-4                 0.1474                   2.166031156668685        543.6288042235219
7.03E-4                   0.1474                   2.211989733617154        543.6457132917722
7.4225E-4                 0.1474                   2.253919091067221        543.6655414245839
7.815E-4                  0.1474                   2.2918192294664905       543.6882886219569
8.2075E-4                 0.1474                   2.3259031256180256       543.713991419421
8.6E-4                    0.1474                   2.3571998075173837       543.7429297188287
8.9925E-4                 0.1474                   2.3856587541744685       543.7751443080653
9.385E-4                  0.1474                   2.411279966447535        543.8106351871304
9.7775E-4                 0.1474                   2.434176623098631        543.8494185102552
0.001017                  0.1474                   2.4546594297221334       543.8914391024699
0.00105625                0.1474                   2.472869745813171        543.9368517714205
0.0010955                 0.1474                   2.4888644180426014       543.9858361933109
0.00113475                0.1474                   2.5027425252748867       544.0382807372257
0.001174                  0.1474                   2.51459771757449         544.09408267858
0.00121325                0.1474                   2.524521852715169        544.1533228917933
0.0012525                 0.1474                   2.5326023128845443       544.2162521810505
0.00129175                0.1474                   2.538904627017953        544.2827228871504
0.001331                  0.1474                   2.543446719420992        544.352614755976
0.00137025                0.1474                   2.5463452453451865       544.4260605660456
0.0014095                 0.1474                   2.547636257782616        544.5031744009256
0.00144875                0.1474                   2.5473407272717035       544.5837907405469
0.001488                  0.1474                   2.545509494742225        544.6679390678471
0.00152725                0.1474                   2.5422218221439885       544.755623892717
0.0015665                 0.1474                   2.537478466495063        544.8468371490567
0.00160575                0.1474                   2.5312914469340813       544.9414979819637
0.001645                  0.1474                   2.5237390079399646       545.0395758090432
0.00168425                0.1474                   2.5148452977571165       545.1411300695113
0.0017235                 0.1474                   2.504608436600537        545.24619329456
0.00176275                0.1474                   2.4930528494663085       545.3547104243203
0.001802                  0.1474                   2.4802366724829605       545.4665789785132
0.00184125                0.1474                   2.4661626197199618       545.5817912476396
0.0018805                 0.1474                   2.4508367829338438       545.7002284820805
0.00191975                0.1474                   2.4342782665081875       545.821873051292
0.001959                  0.1474                   2.4165357707635504       545.9464732982908
0.00199825                0.1474                   2.3976083080687953       546.074232174581
0.0020375                 0.1474                   2.3774944513666996       546.205172179058
0.00207675                0.1474                   2.3562160931070992       546.3390866991724
0.002116                  0.1474                   2.333800129403866        546.475792385868
0.00215525                0.1474                   2.3102472270431487       546.6152807864353
0.0021945                 0.1474                   2.2855655276981297       546.7574453229655
0.00223375                0.1474                   2.2597728912338066       546.90215289149
0.002273                  0.1474                   2.2328800694155095       547.0492465847774
0.00231225                0.1474                   2.2048842987619715       547.1988222180078
0.0023515                 0.1474                   2.1757976681788485       547.3506611458431
0.00239075                0.1474                   2.145631384835766        547.504615501025
0.00243                   0.1474                   2.114391970542888        547.6605052381743
0.00246925                0.1474                   2.082081211850549        547.8182584351975
0.0025085                 0.1474                   2.048707621858126        547.9776419033659
0.00254775                0.1474                   2.0142750399218983       548.13843634312
0.002587                  0.1474                   1.9787834647557654       548.30064175446
0.0026262499999999997     0.1474                   1.9422397658655424       548.4640590331587
0.0026655                 0.1474                   1.904650183955823        548.6282362974008
0.0027047499999999997     0.1474                   1.8660142974384717       548.7931722700632
0.002744                  0.1474                   1.826332487993154        548.9588482441848
0.0027832499999999997     0.1474                   1.7856082661647619       549.1247560249096
0.0028225                 0.1474                   1.7438403098499282       549.2907071192896
0.0028617499999999997     0.1474                   1.7010324939995909       549.4564987693365
0.002901                  0.1474                   1.6571849289463854       549.622040479525
0.0029402499999999997     0.1474                   1.612295056885537        549.7866780628087
0.0029795                 0.1474                   1.5663624715188011       549.9502595242104
0.0030187499999999997     0.1474                   1.519387147728835        550.1127984292109
0.003058                  0.1474                   1.471368159233225        550.2738241116476
0.0030972499999999997     0.1474                   1.4223026255043512       550.4327443952429
0.0031365                 0.1474                   1.3721906015074465       550.5895468663845
0.0031757499999999998     0.1474                   1.321032410104332        550.7441774913335
0.003215                  0.1474                   1.2688205736921225       550.8957484757194
0.0032542499999999998     0.1474                   1.215550174913883        551.0439451126921
0.0032935                 0.1474                   1.161222891401866        551.1885380399927
0.0033327499999999998     0.1474                   1.105841265670461        551.3293965018885
0.003372                  0.1474                   1.0493978364601628       551.4660478927344
0.00341125                0.1474                   0.9918848908857142       551.5974564101768
0.0034505                 0.1474                   0.9333024298172061       551.7236220542156
0.00348975                0.1474                   0.8736503788698604       551.8445713774754
0.003529                  0.1474                   0.8129269855234956       551.9596946076002
0.00356825                0.1474                   0.7511252474669169       552.0678861589204
0.0036075                 0.1474                   0.6882449136018843       552.1691531541917
0.00364675                0.1474                   0.6242861770320499       552.2634854930834
0.003686                  0.1474                   0.5592471338001223       552.3498022371758
0.00372525                0.1474                   0.49312207318366835      552.4276283516056
0.0037645                 0.1474                   0.4259145959567523       552.4969068414812
0.00380375                0.1474                   0.3576273241391052       552.5567003031853
0.0038429999999999996     0.1474                   0.2882560223173175       552.6067682294398
0.00388225                0.1474                   0.2178045610701217       552.6465772343274
0.0039215                 0.1474                   0.14627587630523342      552.6756776908168
0.00396075                0.1474                   0.07367273328590689      552.693443060024
0.004                     0.1474                   3.131653960209284E-15    552.6994904317351
7.5E-5                    0.1496                   0                        535.7055909666783
1.1424999999999999E-4     0.1496                   0.43174019429469634      535.7049606090277
1.535E-4                  0.1496                   0.7333469441153619       535.703551788371
1.9275E-4                 0.1496                   0.9646764853280504       535.7017860500288
2.32E-4                   0.1496                   1.1517942224075561       535.699911365335
2.7125E-4                 0.1496                   1.3072752093380873       535.6980621726881
3.1049999999999996E-4     0.1496                   1.441447821850629        535.6964019259475
3.4974999999999996E-4     0.1496                   1.5564158864180722       535.6949726776535
3.8899999999999997E-4     0.1496                   1.6589831879710029       535.6939251236605
4.2825E-4                 0.1496                   1.7499771375556614       535.6932763149658
4.675E-4                  0.1496                   1.830341277539007        535.6930638849985
5.0675E-4                 0.1496                   1.90367023354986         535.6934098804596
5.459999999999999E-4      0.1496                   1.9701937286804583       535.6943250453909
5.852499999999999E-4      0.1496                   2.0303336532104246       535.6958205625118
6.245E-4                  0.1496                   2.08451640048671         535.6979140814617
6.6375E-4                 0.1496                   2.1344359570606457       535.700708864587
7.03E-4                   0.1496                   2.180190462677607        535.7042092182731
7.4225E-4                 0.1496                   2.2217102249332297       535.7084108343942
7.815E-4                  0.1496                   2.259112708045514        535.7133259300326
8.2075E-4                 0.1496                   2.293376452642211        535.7190394845727
8.6E-4                    0.1496                   2.324596813558675        535.7255327726904
8.9925E-4                 0.1496                   2.3528361397270805       535.7328080947606
9.385E-4                  0.1496                   2.3781739159253537       535.7408694566716
9.7775E-4                 0.1496                   2.4011026617957767       535.7497737388812
0.001017                  0.1496                   2.421537253951012        535.7595366287579
0.00105625                0.1496                   2.439641327317476        535.7701314735882
0.0010955                 0.1496                   2.45552778532794         535.7815634882995
0.00113475                0.1496                   2.4694072091010457       535.7938581610562
0.001174                  0.1496                   2.4812755687724843       535.8070192123224
0.00121325                0.1496                   2.4911192132492235       535.8210594889127
0.0012525                 0.1496                   2.4991319109400467       535.8360039886218
0.00129175                0.1496                   2.5053792164482642       535.8518367463535
0.001331                  0.1496                   2.5099011219686607       535.8685394178482
0.00137025                0.1496                   2.5127220654163342       535.8861170124981
0.0014095                 0.1496                   2.5139430735627966       535.9046004207265
0.00144875                0.1496                   2.513570166023724        535.9239947850474
0.001488                  0.1496                   2.5116519044095473       535.9442589085011
0.00152725                0.1496                   2.5082477013296454       535.9654005535881
0.0015665                 0.1496                   2.503407395653184        535.9874094695642
0.00160575                0.1496                   2.497121293545655        536.0103074173303
0.001645                  0.1496                   2.489431115246706        536.0340868628296
0.00168425                0.1496                   2.4803865072542632       536.0587548108613
0.0017235                 0.1496                   2.470007987901527        536.0842689915162
0.00176275                0.1496                   2.458300926035217        536.1106266356667
0.001802                  0.1496                   2.4453124511853885       536.1378250578
0.00184125                0.1496                   2.4310603706989853       536.165856567156
0.0018805                 0.1496                   2.4155482082200597       536.1947143815664
0.00191975                0.1496                   2.398809552090111        536.2243600826106
0.001959                  0.1496                   2.380867760914392        536.2547823048047
0.00199825                0.1496                   2.3617219293194593       536.2859893432935
0.0020375                 0.1496                   2.3413904467340187       536.3179709477631
0.00207675                0.1496                   2.3199068085548986       536.350677543661
0.002116                  0.1496                   2.2972697090159975       536.3841097402219
0.00215525                0.1496                   2.273484576213998        536.4182385121404
0.0021945                 0.1496                   2.2485748745592824       536.4530321862751
0.00223375                0.1496                   2.222562406577289        536.4884296515335
0.002273                  0.1496                   2.1954434637998026       536.5244670826226
0.00231225                0.1496                   2.167223582005457        536.5611254309855
0.0023515                 0.1496                   2.137924536818886        536.5983312229198
0.00239075                0.1496                   2.107550398149524        536.6360666443983
0.00243                   0.1496                   2.07610824706471         536.6742946465191
0.00246925                0.1496                   2.0436075110145007       536.7129818061743
0.0025085                 0.1496                   2.010061746808444        536.7520381493181
0.00254775                0.1496                   1.975470235008823        536.791470747215
0.002587                  0.1496                   1.9398358793192336       536.8312793944548
0.0026262499999999997     0.1496                   1.9031740876429484       536.8713615383353
0.0026655                 0.1496                   1.8654908874640581       536.911662044696
0.0027047499999999997     0.1496                   1.8267863795102597       536.952179911547
0.002744                  0.1496                   1.7870671960775888       536.9928466662017
0.0027832499999999997     0.1496                   1.7463409546573174       537.0335543450095
0.0028225                 0.1496                   1.704608677476623        537.0742908386599
0.0028617499999999997     0.1496                   1.6618756299097497       537.1150168849821
0.002901                  0.1496                   1.6181474470459705       537.1556243177655
0.0029402499999999997     0.1496                   1.5734299157047822       537.1959998224451
0.0029795                 0.1496                   1.5277218003002784       537.2361732496979
0.0030187499999999997     0.1496                   1.4810254954608033       537.2761027814939
0.003058                  0.1496                   1.4333467762273286       537.3156193531485
0.0030972499999999997     0.1496                   1.3846910558703531       537.3546433223288
0.0031365                 0.1496                   1.3350591638249254       537.3931616204543
0.0031757499999999998     0.1496                   1.2844515998916426       537.4311315395695
0.003215                  0.1496                   1.2328725861663405       537.468320212548
0.0032542499999999998     0.1496                   1.1803228062010933       537.5046967853339
0.0032935                 0.1496                   1.126805243734179        537.5401973135646
0.0033327499999999998     0.1496                   1.0723234509919635       537.5747986825777
0.003372                  0.1496                   1.0168779546917133       537.6083104976727
0.00341125                0.1496                   0.9604711288545627       537.6405363735878
0.0034505                 0.1496                   0.9031029661758677       537.6714765027359
0.00348975                0.1496                   0.8447722139303647       537.7011780188533
0.003529                  0.1496                   0.7854846343756973       537.7294343131568
0.00356825                0.1496                   0.7252441760731411       537.7559923182713
0.0036075                 0.1496                   0.664049046864428        537.7808392457272
0.00364675                0.1496                   0.6018992466936416       537.8039750955243
0.003686                  0.1496                   0.5388002667686965       537.8251729585105
0.00372525                0.1496                   0.47475151482008066      537.8442580259358
0.0037645                 0.1496                   0.40975477128283455      537.861254936817
0.00380375                0.1496                   0.34381393194942794      537.8759203490289
0.0038429999999999996     0.1496                   0.2769286646695183       537.8882026467292
0.00388225                0.1496                   0.20910232675027582      537.897970382746
0.0039215                 0.1496                   0.14033705739515395      537.9051074885008
0.00396075                0.1496                   0.07063530164221583      537.9094661492229
0.004                     0.1496                   1.7886186245217276E-15   537.9109493265054
7.5E-5                    0.15180000000000002      0                        533.6594867981404
1.1424999999999999E-4     0.15180000000000002      0.4299963192769945       533.6593244937425
1.535E-4                  0.15180000000000002      0.7304173748326648       533.6589603473454
1.9275E-4                 0.15180000000000002      0.9607916211574797       533.658500548026
2.32E-4                   0.15180000000000002      1.1475272792391291       533.65801313235
2.7125E-4                 0.15180000000000002      1.3023450075970397       533.6575262781788
3.1049999999999996E-4     0.15180000000000002      1.4358747331498742       533.6570812585616
3.4974999999999996E-4     0.15180000000000002      1.5506698048477814       533.656694836963
3.8899999999999997E-4     0.15180000000000002      1.6528629778914812       533.6564017187154
4.2825E-4                 0.15180000000000002      1.7436057322870013       533.656206332442
4.675E-4                  0.15180000000000002      1.824073224797394        533.6561197430791
5.0675E-4                 0.15180000000000002      1.8973558939602069       533.6561710378502
5.459999999999999E-4      0.15180000000000002      1.9636003489932228       533.6563620909789
5.852499999999999E-4      0.15180000000000002      2.0232424624499714       533.6566940447515
6.245E-4                  0.15180000000000002      2.0776177655750803       533.65718579823
6.6375E-4                 0.15180000000000002      2.127572542141637        533.6578529236701
7.03E-4                   0.15180000000000002      2.1731067914172733       533.6586954210718
7.4225E-4                 0.15180000000000002      2.21428434372773         533.6597134776479
7.815E-4                  0.15180000000000002      2.251576906069949        533.6609099080204
8.2075E-4                 0.15180000000000002      2.2858353132186577       533.6623039649319
8.6E-4                    0.15180000000000002      2.3171178177337945       533.6638962134247
8.9925E-4                 0.15180000000000002      2.345417521308706        533.6656869996557
9.385E-4                  0.15180000000000002      2.370713432199576        533.6676767164411
9.7775E-4                 0.15180000000000002      2.393479357751432        533.6698772710769
0.001017                  0.15180000000000002      2.4139525925957988       533.6722928116188
0.00105625                0.15180000000000002      2.432120816334243        533.6749211548338
0.0010955                 0.15180000000000002      2.4479860266792843       533.6777623272357
0.00113475                0.15180000000000002      2.461766502110021        533.6808209963033
0.001174                  0.15180000000000002      2.473585222907066        533.6841004060299
0.00121325                0.15180000000000002      2.483442189220049        533.6876005564153
0.0012525                 0.15180000000000002      2.49139281907962         533.6913191093665
0.00129175                0.15180000000000002      2.497613673480731        533.6952592677371
0.001331                  0.15180000000000002      2.502109815614125        533.6994241537869
0.00137025                0.15180000000000002      2.5048806276971582       533.7038139875706
0.0014095                 0.15180000000000002      2.5060358370141107       533.7084266984774
0.00144875                0.15180000000000002      2.5056318329671674       533.7132733791422
0.001488                  0.15180000000000002      2.5036959749930965       533.7183405806577
0.00152725                0.15180000000000002      2.5002319631822782       533.7236268884816
0.0015665                 0.15180000000000002      2.4953014674630376       533.7291358419706
0.00160575                0.15180000000000002      2.4889714995524344       533.7348697301178
0.001645                  0.15180000000000002      2.481242012024736        533.7408285069479
0.00168425                0.15180000000000002      2.472133977013377        533.746999414201
0.0017235                 0.15180000000000002      2.461668639681321        533.7533838573502
0.00176275                0.15180000000000002      2.449908388042772        533.7599838418479
0.001802                  0.15180000000000002      2.4368603204431074       533.7667956024557
0.00184125                0.15180000000000002      2.422524436871638        533.773819139174
0.0018805                 0.15180000000000002      2.406926174130473        533.7810481542655
0.00191975                0.15180000000000002      2.390117213047972        533.7884758256574
0.001959                  0.15180000000000002      2.372097598138565        533.7961027394525
0.00199825                0.15180000000000002      2.3528670014398942       533.8039294344841
0.0020375                 0.15180000000000002      2.3324529877923648       533.8119476043047
0.00207675                0.15180000000000002      2.310881339488234        533.8201536524427
0.002116                  0.15180000000000002      2.2881608613389477       533.8285365307669
0.00215525                0.15180000000000002      2.264295237544872        533.8370931231308
0.0021945                 0.15180000000000002      2.23930574171173         533.8458218532865
0.00223375                0.15180000000000002      2.2131997940673607       533.8547195876532
0.002273                  0.15180000000000002      2.185994722024646        533.8637641806471
0.00231225                0.15180000000000002      2.157696051706825        533.8729547688745
0.0023515                 0.15180000000000002      2.1283144012695736       533.8822929904809
0.00239075                0.15180000000000002      2.0978618969261067       533.8917621847365
0.00243                   0.15180000000000002      2.0663456359223162       533.9013529427492
0.00246925                0.15180000000000002      2.0337746134592347       533.9110571687719
0.0025085                 0.15180000000000002      2.0001536948791854       533.9208781654169
0.00254775                0.15180000000000002      1.965498816240459        533.9307878206666
0.002587                  0.15180000000000002      1.9298148860022095       533.9407723657964
0.0026262499999999997     0.15180000000000002      1.8931019041622816       533.9508318008062
0.0026655                 0.15180000000000002      1.8553682656784645       533.960957755903
0.0027047499999999997     0.15180000000000002      1.816630285710743        533.9711231705492
0.002744                  0.15180000000000002      1.7768884053387464       533.9813215290296
0.0027832499999999997     0.15180000000000002      1.7361426245602707       533.9915528313445
0.0028225                 0.15180000000000002      1.694400067795777        534.0018024190686
0.0028617499999999997     0.15180000000000002      1.6516755655700315       534.0120202465754
0.002901                  0.15180000000000002      1.6079695775070177       534.0222032583753
0.0029402499999999997     0.15180000000000002      1.5632821036075462       534.0323514544688
0.0029795                 0.15180000000000002      1.517616264625289        534.0424566845114
0.0030187499999999997     0.15180000000000002      1.4709855523734552       534.0524677830841
0.003058                  0.15180000000000002      1.423391652320047        534.0623775694492
0.0030972499999999997     0.15180000000000002      1.3748345644687299       534.0721860436062
0.0031365                 0.15180000000000002      1.3253162784246684       534.081885328074
0.0031757499999999998     0.15180000000000002      1.2748482143197883       534.0914013419454
0.003215                  0.15180000000000002      1.2234320401061993       534.100720490796
0.0032542499999999998     0.15180000000000002      1.171067800700243        534.109851868798
0.0032935                 0.15180000000000002      1.1177559734604983       534.1187980332414
0.0033327499999999998     0.15180000000000002      1.0635061164517465       534.1274718482829
0.003372                  0.15180000000000002      1.0083219317477634       534.135866575865
0.00341125                0.15180000000000002      0.9522033102455486       534.1439653579623
0.0034505                 0.15180000000000002      0.8951502506202698       534.1517592622679
0.00348975                0.15180000000000002      0.8371677647885858       534.1592065258598
0.003529                  0.15180000000000002      0.7782613545006205       534.1662748088555
0.00356825                0.15180000000000002      0.7184311226454552       534.1729619636607
0.0036075                 0.15180000000000002      0.6576787244273933       534.1792093154096
0.00364675                0.15180000000000002      0.596006414056041        534.1850090814971
0.003686                  0.15180000000000002      0.5334195174288354       534.1903082955712
0.00372525                0.15180000000000002      0.4699182170677929       534.1951042713749
0.0037645                 0.15180000000000002      0.4055039338489424       534.1993729462763
0.00380375                0.15180000000000002      0.34018118201237174      534.203053294724
0.0038429999999999996     0.15180000000000002      0.27395050709654306      534.2061404392197
0.00388225                0.15180000000000002      0.20681511396587757      534.2085920894357
0.0039215                 0.15180000000000002      0.13877668452167702      534.2103795408277
0.00396075                0.15180000000000002      0.06983753603800533      534.2114738222822
0.004                     0.15180000000000002      2.263013271427509E-15    534.2118459217612
7.5E-5                    0.154                    0                        533.1477557321545
1.1424999999999999E-4     0.154                    0.42963975527314985      533.1477144565818
1.535E-4                  0.154                    0.7298799371025076       533.147621388149
1.9275E-4                 0.154                    0.9601291097418301       533.1475036605156
2.32E-4                   0.154                    1.1464689808083082       533.1473767713221
2.7125E-4                 0.154                    1.301033000216165        533.1472489814272
3.1049999999999996E-4     0.154                    1.434832248301775        533.1471313997089
3.4974999999999996E-4     0.154                    1.5492727506393136       533.1470258816043
3.8899999999999997E-4     0.154                    1.6513638917150806       533.1469431339061
4.2825E-4                 0.154                    1.7425250429871273       533.1468855929458
4.675E-4                  0.154                    1.8228443691001521       533.1468528404873
5.0675E-4                 0.154                    1.8951696098083264       533.1468502260229
5.459999999999999E-4      0.154                    1.9615460929637394       533.1468840783892
5.852499999999999E-4      0.154                    2.0219738178948354       533.1469543975863
6.245E-4                  0.154                    2.076432534719666        533.1470612102387
6.6375E-4                 0.154                    2.1255881871373723       533.1472070497991
7.03E-4                   0.154                    2.170930762342216        533.1473981837437
7.4225E-4                 0.154                    2.212532392968242        533.1476343729497
7.815E-4                  0.154                    2.2503930778101346       533.1479156174174
8.2075E-4                 0.154                    2.284512816755987        533.1482419171465
8.6E-4                    0.154                    2.3153274993600768       533.1486150257394
8.9925E-4                 0.154                    2.3435011895968487       533.149039356585
9.385E-4                  0.154                    2.3689902952358612       533.1495148943287
9.7775E-4                 0.154                    2.3918644138171237       533.1500397136655
0.001017                  0.154                    2.412193117816596        533.1506151506702
0.00105625                0.154                    2.4303058690480643       533.1512438494636
0.0010955                 0.154                    2.446233189112969        533.1519255937858
0.00113475                0.154                    2.459975173808552        533.1526605107587
0.001174                  0.154                    2.4717213847554778       533.1534498901204
0.00121325                0.154                    2.4815983258768664       533.1542936143658
0.0012525                 0.154                    2.489605997132666        533.1551916834942
0.00129175                0.154                    2.4957684310101276       533.1561439021059
0.001331                  0.154                    2.500198194535254        533.157153706022
0.00137025                0.154                    2.5029920282657283       533.1582185498849
0.0014095                 0.154                    2.504166111245427        533.1593375655915
0.00144875                0.154                    2.503729337594165        533.1605105174874
0.001488                  0.154                    2.5017513572564742       533.1617404794644
0.00152725                0.154                    2.498268490818551        533.163028481696
0.0015665                 0.154                    2.49335370436168         533.1643708663795
0.00160575                0.154                    2.487007127973175        533.1657675608059
0.001645                  0.154                    2.4792276109157703       533.1672186620295
0.00168425                0.154                    2.4701002347857552       533.1687237770082
0.0017235                 0.154                    2.4596432239285035       533.1702822862337
0.00176275                0.154                    2.4478526833176812       533.1718948295621
0.001802                  0.154                    2.4347566711886257       533.1735586733307
0.00184125                0.154                    2.4203990919038816       533.1752787482279
0.0018805                 0.154                    2.404804120058674        533.1770493933559
0.00191975                0.154                    2.3879717556617224       533.178870608715
0.001959                  0.154                    2.369903939360483        533.1807422333441
0.00199825                0.154                    2.3506506578384845       533.1826619376858
0.0020375                 0.154                    2.330227654930209        533.1846288019101
0.00207675                0.154                    2.3086349306376084       533.1866428260169
0.002116                  0.154                    2.285874752946616        533.1887037512806
0.00215525                0.154                    2.261984585356651        533.1908084409768
0.0021945                 0.154                    2.2369726691902745       533.1929566537663
0.00223375                0.154                    2.210846313318191        533.195145738542
0.002273                  0.154                    2.1836085955669273       533.1973753793593
0.00231225                0.154                    2.1552859575536085       533.1996419761061
0.0023515                 0.154                    2.1258856506837773       533.2019435192956
0.00239075                0.154                    2.0954077700627147       533.2042799695364
0.00243                   0.154                    2.063863064679351        533.2066486837916
0.00246925                0.154                    2.0312729999974013       533.209044199968
0.0025085                 0.154                    1.997639932858096        533.2114666404901
0.00254775                0.154                    1.9629633547180039       533.2139163746931
0.002587                  0.154                    1.927254930923746        533.2163894935248
0.0026262499999999997     0.154                    1.8905290189590556       533.2188795861987
0.0026655                 0.154                    1.8527885157239032       533.2213856091184
0.0027047499999999997     0.154                    1.8140347355889779       533.223907007149
0.002744                  0.154                    1.7742789601642448       533.2264376686239
0.0027832499999999997     0.154                    1.733530822129098        533.228971135542
0.0028225                 0.154                    1.6917903214834673       533.2315074079036
0.0028617499999999997     0.154                    1.6490599508815396       533.2340451118741
0.002901                  0.154                    1.6053541703652674       533.2365746855467
0.0029402499999999997     0.154                    1.5606755523998936       533.2390945263826
0.0029795                 0.154                    1.5150240950691256       533.24160463138
0.0030187499999999997     0.154                    1.4684066973263192       533.2440966745322
0.003058                  0.154                    1.420830127203159        533.2465629477499
0.0030972499999999997     0.154                    1.3722976820318773       533.2490019930577
0.0031365                 0.154                    1.322810488860396        533.251413354339
0.0031757499999999998     0.154                    1.2723761590135259       533.2537837267738
0.003215                  0.154                    1.22100023080584         533.256106626195
0.0032542499999999998     0.154                    1.1686827042379744       533.2583820526027
0.0032935                 0.154                    1.115425787930996        533.260607542869
0.0033327499999999998     0.154                    1.0612350723233932       533.2627752445057
0.003372                  0.154                    1.0061187085094065       533.2648661128354
0.00341125                0.154                    0.9500756780578565       533.2668826497704
0.0034505                 0.154                    0.8931057739899877       533.2688253147332
0.00348975                0.154                    0.8352103709795129       533.2706918775156
0.003529                  0.154                    0.7764002740163226       533.2724578212055
0.00356825                0.154                    0.7166766186004236       533.2741222006541
0.0036075                 0.154                    0.6560386389193081       533.2756828106099
0.00364675                0.154                    0.5944886188152798       533.277136400941
0.003686                  0.154                    0.5320336119284873       533.2784631853508
0.00372525                0.154                    0.46867318169618394      533.2796600008387
0.0037645                 0.154                    0.40440888208580417      533.2807270783527
0.00380375                0.154                    0.33924566315149046      533.2816481133689
0.0038429999999999996     0.154                    0.2731837800571343       533.2824199503915
0.00388225                0.154                    0.20622626322591697      533.2830333558709
0.0039215                 0.154                    0.1383750281319424       533.283481419489
0.00396075                0.154                    0.06963223496763796      533.2837553612209
0.004                     0.154                    2.1805722306248672E-15   533.28384852328
7.5E-5                    0.1562                   2.053050707155521E-16    533.0262701167703
1.1424999999999999E-4     0.1562                   0.4295391967030283       533.0262594573665
1.535E-4                  0.1562                   0.7297334108264615       533.026234778841
1.9275E-4                 0.1562                   0.9598515408488506       533.026202429381
2.32E-4                   0.1562                   1.1461629975588574       533.0261659820208
2.7125E-4                 0.1562                   1.3010083196377564       533.0261273647407
3.1049999999999996E-4     0.1562                   1.4344283161491116       533.0260889584483
3.4974999999999996E-4     0.1562                   1.5490562707591609       533.0260515851265
3.8899999999999997E-4     0.1562                   1.6514384349040492       533.026017192988
4.2825E-4                 0.1562                   1.7417033707735445       533.0259858339703
4.675E-4                  0.1562                   1.8219530728515336       533.0259584858184
5.0675E-4                 0.1562                   1.8953208512781665       533.0259366456071
5.459999999999999E-4      0.1562                   1.9618047269406689       533.0259203095919
5.852499999999999E-4      0.1562                   2.0212949202146837       533.0259095804133
6.245E-4                  0.1562                   2.075561844537869        533.025905664723
6.6375E-4                 0.1562                   2.1254170961604544       533.025908932412
7.03E-4                   0.1562                   2.1708606733144515       533.0259193834802
7.4225E-4                 0.1562                   2.212021392777515        533.0259370950762
7.815E-4                  0.1562                   2.2497404190484347       533.0259632480936
8.2075E-4                 0.1562                   2.283978539914541        533.025998226293
8.6E-4                    0.1562                   2.315055135409885        533.0260418643765
8.9925E-4                 0.1562                   2.3431502582480426       533.0260937210317
9.385E-4                  0.1562                   2.3685478334808114       533.0261542792549
9.7775E-4                 0.1562                   2.3914782935958385       533.0262242744178
0.001017                  0.1562                   2.4119200173033857       533.0263037076776
0.00105625                0.1562                   2.4298730046514003       533.0263925790347
0.0010955                 0.1562                   2.4457394266687995       533.0264910897874
0.00113475                0.1562                   2.459575627791751        533.0265993303327
0.001174                  0.1562                   2.471375077978426        533.026717298338
0.00121325                0.1562                   2.4811753388697237       533.0268450024944
0.0012525                 0.1562                   2.4891597305357394       533.0269830602542
0.00129175                0.1562                   2.4953478909247973       533.0271316061088
0.001331                  0.1562                   2.4998001833524417       533.0272898054723
0.00137025                0.1562                   2.502554292823733        533.0274578493197
0.0014095                 0.1562                   2.5037203633505074       533.0276360604688
0.00144875                0.1562                   2.503307293552633        533.0278243849253
0.001488                  0.1562                   2.5013102526658466       533.0280228954394
0.00152725                0.1562                   2.4978196014159986       533.0282315601711
0.0015665                 0.1562                   2.492896365012442        533.0284502703271
0.00160575                0.1562                   2.4865441458376125       533.0286789261595
0.001645                  0.1562                   2.4787671710528785       533.0289175013845
0.00168425                0.1562                   2.4696331157719817       533.029166066943
0.0017235                 0.1562                   2.459157506269433        533.0294248759513
0.00176275                0.1562                   2.447361626257632        533.0296932446081
0.001802                  0.1562                   2.434261891914702        533.0299710024058
0.00184125                0.1562                   2.419907162715495        533.0302580126296
0.0018805                 0.1562                   2.404303276522511        533.0305542285969
0.00191975                0.1562                   2.3874467633038745       533.0308600939461
0.001959                  0.1562                   2.3693830843015014       533.031175049425
0.00199825                0.1562                   2.3501275723142205       533.0314990310711
0.0020375                 0.1562                   2.3296889123558335       533.0318313548631
0.00207675                0.1562                   2.3080786153303685       533.0321720927429
0.002116                  0.1562                   2.2853253007426595       533.0325207887711
0.00215525                0.1562                   2.26143016132736         533.0328773875715
0.0021945                 0.1562                   2.2363986886964953       533.0332419384883
0.00223375                0.1562                   2.210263006685249        533.033613622712
0.002273                  0.1562                   2.1830280359276806       533.0339921382521
0.00231225                0.1562                   2.1546946287271256       533.0343774476963
0.0023515                 0.1562                   2.1252827410950954       533.0347689726422
0.00239075                0.1562                   2.0948001766521287       533.0351665788592
0.00243                   0.1562                   2.063252923080304        533.035569616907
0.00246925                0.1562                   2.030649391394133        533.0359776764917
0.0025085                 0.1562                   1.997008017450347        533.0363897444776
0.00254775                0.1562                   1.9623308712132959       533.0368056964533
0.002587                  0.1562                   1.9266164799117265       533.0372259232465
0.0026262499999999997     0.1562                   1.889882564400318        533.0376490096663
0.0026655                 0.1562                   1.8521355398849288       533.0380747208454
0.0027047499999999997     0.1562                   1.8133810157548989       533.0385019609364
0.002744                  0.1562                   1.7736212567902399       533.0389306218223
0.0027832499999999997     0.1562                   1.7328690837781386       533.0393595829182
0.0028225                 0.1562                   1.6911265062185363       533.0397885915644
0.0028617499999999997     0.1562                   1.6483968014157073       533.0402170795891
0.002901                  0.1562                   1.604687577004518        533.0406441873595
0.0029402499999999997     0.1562                   1.5600100917364372       533.0410681245495
0.0029795                 0.1562                   1.5143623075388555       533.041489392276
0.0030187499999999997     0.1562                   1.4677469547201611       533.0419075397153
0.003058                  0.1562                   1.4201734169164357       533.042321078041
0.0030972499999999997     0.1562                   1.3716451839016937       533.0427292189822
0.0031365                 0.1562                   1.3221670010358233       533.0431309734637
0.0031757499999999998     0.1562                   1.2717397120549447       533.0435259829671
0.003215                  0.1562                   1.2203727935054185       533.0439124335965
0.0032542499999999998     0.1562                   1.1680668342562366       533.0442902306733
0.0032935                 0.1562                   1.1148229818848634       533.0446592905819
0.0033327499999999998     0.1562                   1.0606466328434274       533.0450180999967
0.003372                  0.1562                   1.0055457313136227       533.0453642996977
0.00341125                0.1562                   0.949521233019717        533.0456976710045
0.0034505                 0.1562                   0.8925724281990304       533.0460182343243
0.00348975                0.1562                   0.8346996304759458       533.0463260114536
0.003529                  0.1562                   0.7759142787568594       533.0466189237085
0.00356825                0.1562                   0.7162167331836016       533.0468941100154
0.0036075                 0.1562                   0.6556088090759431       533.0471524994982
0.00364675                0.1562                   0.5940903462966186       533.0473942383823
0.003686                  0.1562                   0.5316691247588883       533.0476161079027
0.00372525                0.1562                   0.46834546354616813      533.0478170479159
0.0037645                 0.1562                   0.40412047632714804      533.0479972326149
0.00380375                0.1562                   0.3389989605986965       533.048154123807
0.0038429999999999996     0.1562                   0.27298143131440117      533.0482863807487
0.00388225                0.1562                   0.20607078453884317      533.0483926229247
0.0039215                 0.1562                   0.13826893056150394      533.0484711486866
0.00396075                0.1562                   0.06957799186651843      533.0485195538387
0.004                     0.1562                   2.1444676755385198E-15   533.0485362382632
7.5E-5                    0.1584                   8.256709039855369E-17    533.0030936279705
1.1424999999999999E-4     0.1584                   0.4295293326481726       533.0030915839834
1.535E-4                  0.1584                   0.7297694971216593       533.0030866515805
1.9275E-4                 0.1584                   0.9596649583379363       533.0030798312853
2.32E-4                   0.1584                   1.1463140537860637       533.0030716582826
2.7125E-4                 0.1584                   1.300673317739489        533.0030624546155
3.1049999999999996E-4     0.1584                   1.4344178791723432       533.0030526055326
3.4974999999999996E-4     0.1584                   1.5488647420830806       533.0030421522913
3.8899999999999997E-4     0.1584                   1.6508538900113952       533.0030314302664
4.2825E-4                 0.1584                   1.7420823463814714       533.0030205281438
4.675E-4                  0.1584                   1.8226324787768589       533.0030094606609
5.0675E-4                 0.1584                   1.8950600634059116       533.0029983028652
5.459999999999999E-4      0.1584                   1.9614416093027385       533.0029872583827
5.852499999999999E-4      0.1584                   2.0216324226329614       533.0029763463858
6.245E-4                  0.1584                   2.075706511808986        533.0029655807136
6.6375E-4                 0.1584                   2.1252397637365212       533.0029551111618
7.03E-4                   0.1584                   2.1707303197157817       533.0029449840481
7.4225E-4                 0.1584                   2.2122107969396083       533.0029351643328
7.815E-4                  0.1584                   2.2496901762132593       533.0029256501027
8.2075E-4                 0.1584                   2.2837126000533554       533.0029165101932
8.6E-4                    0.1584                   2.314862885067338        533.0029077934539
8.9925E-4                 0.1584                   2.3431345584646226       533.0028994975002
9.385E-4                  0.1584                   2.3685276202459757       533.0028916223323
9.7775E-4                 0.1584                   2.3913017357885837       533.0028841699071
0.001017                  0.1584                   2.4117429539198456       533.0028771729887
0.00105625                0.1584                   2.429845433258476        533.0028706300478
0.0010955                 0.1584                   2.445690776205978        533.0028645313566
0.00113475                0.1584                   2.45950298651571         533.0028588265748
0.001174                  0.1584                   2.4712951195235626       533.0028534858154
0.00121325                0.1584                   2.481077237249397        533.0028486134174
0.0012525                 0.1584                   2.4890436907336357       533.0028441903767
0.00129175                0.1584                   2.4952618309390093       533.002840112028
0.001331                  0.1584                   2.4997455343385195       533.0028363637282
0.00137025                0.1584                   2.5024948009317396       533.002832945477
0.0014095                 0.1584                   2.503605754145753        533.0028298395939
0.00144875                0.1584                   2.503190137766807        533.002826945913
0.001488                  0.1584                   2.5012480995707502       533.0028242631847
0.00152725                0.1584                   2.497779639557284        533.0028217914091
0.0015665                 0.1584                   2.4928072031280273       533.0028195189087
0.00160575                0.1584                   2.486424362658717        533.0028171870091
0.001645                  0.1584                   2.4786763576136854       533.0028149524517
0.00168425                0.1584                   2.4695603926504432       533.0028127587811
0.0017235                 0.1584                   2.4590764677687376       533.0028106059975
0.00176275                0.1584                   2.447262093220052        533.0028084396599
0.001802                  0.1584                   2.434178239356745        533.002806043894
0.00184125                0.1584                   2.4198248302704277       533.002803401237
0.0018805                 0.1584                   2.4042033161621363       533.0028005939887
0.00191975                0.1584                   2.387344809964717        533.0027973407833
0.001959                  0.1584                   2.369290475471395        533.0027935659857
0.00199825                0.1584                   2.350039276125385        533.0027893251898
0.0020375                 0.1584                   2.3295904774337473       533.002784631139
0.00207675                0.1584                   2.3079748353754814       533.0027793556478
0.002116                  0.1584                   2.2852170153999256       533.0027733612582
0.00215525                0.1584                   2.2613257522818437       533.0027664815999
0.0021945                 0.1584                   2.236299390234599        533.0027588052026
0.00223375                0.1584                   2.2101535782688164       533.0027500154894
0.002273                  0.1584                   2.1829162296677826       533.0027400986917
0.00231225                0.1584                   2.154587971332454        533.0027290004879
0.0023515                 0.1584                   2.1251687998389723       533.0027167250747
0.00239075                0.1584                   2.0946773473869613       533.0027032334215
0.00243                   0.1584                   2.063133141195156        533.0026880076956
0.00246925                0.1584                   2.030536807568299        533.002671143854
0.0025085                 0.1584                   1.9968893581938856       533.0026528344714
0.00254775                0.1584                   1.9622021185913543       533.0026325850046
0.002587                  0.1584                   1.92649160412691         533.0026102225394
0.0026262499999999997     0.1584                   1.8897579454334572       533.002585776036
0.0026655                 0.1584                   1.8520069098805299       533.0025593509098
0.0027047499999999997     0.1584                   1.8132504213134195       533.0025306396125
0.002744                  0.1584                   1.7734917459577537       533.0024994443286
0.0027832499999999997     0.1584                   1.7327360286298943       533.0024656726341
0.0028225                 0.1584                   1.6909925498376497       533.0024294128306
0.0028617499999999997     0.1584                   1.648263321232301        533.002390571746
0.002901                  0.1584                   1.6045548134152134       533.0023486833434
0.0029402499999999997     0.1584                   1.55987462460888         533.00230398189
0.0029795                 0.1584                   1.5142250555751657       533.0022563967834
0.0030187499999999997     0.1584                   1.4676107992468537       533.0022055511507
0.003058                  0.1584                   1.4200394067351283       533.0021515964783
0.0030972499999999997     0.1584                   1.3715122663977048       533.0020946166028
0.0031365                 0.1584                   1.3220338987205527       533.0020343332575
0.0031757499999999998     0.1584                   1.2716076342717506       533.0019706167874
0.003215                  0.1584                   1.2202437815313263       533.0019035481515
0.0032542499999999998     0.1584                   1.1679421894267623       533.001833164817
0.0032935                 0.1584                   1.114702153010363        533.0017595939519
0.0033327499999999998     0.1584                   1.060525479040789        533.0016825975514
0.003372                  0.1584                   1.005425229765756        533.001602172498
0.00341125                0.1584                   0.9494031355878401       533.0015189261361
0.0034505                 0.1584                   0.892459221529833        533.0014324602353
0.00348975                0.1584                   0.8345933676780255       533.0013426679111
0.003529                  0.1584                   0.7758124073188386       533.0012502620674
0.00356825                0.1584                   0.7161208415635387       533.0011551622899
0.0036075                 0.1584                   0.6555190176590995       533.0010575215118
0.00364675                0.1584                   0.5940079390412358       533.000957347908
0.003686                  0.1584                   0.5315939555816495       533.0008552404419
0.00372525                0.1584                   0.46827814241976573      533.0007514739358
0.0037645                 0.1584                   0.40406128661134155      533.0006459353762
0.00380375                0.1584                   0.33894829018327377      533.0005394054161
0.0038429999999999996     0.1584                   0.27293981587655153      533.000431733039
0.00388225                0.1584                   0.20603876014172168      533.0003236267787
0.0039215                 0.1584                   0.13824703381395956      533.0002154668838
0.00396075                0.1584                   0.0695667602146695       533.000107384449
0.004                     0.1584                   7.056698319721855E-16    533.0000000000001
7.5E-5                    0.16060000000000002      4.1540600850124616E-17   533.0002267071221
1.1424999999999999E-4     0.16060000000000002      0.4294638108646278       533.000226507965
1.535E-4                  0.16060000000000002      0.7297006203703571       533.0002260230473
1.9275E-4                 0.16060000000000002      0.9598436111084305       533.000225339369
2.32E-4                   0.16060000000000002      1.1461648577939962       533.0002245043194
2.7125E-4                 0.16060000000000002      1.3008734512223423       533.0002235544459
3.1049999999999996E-4     0.16060000000000002      1.4344386474317863       533.0002225138809
3.4974999999999996E-4     0.16060000000000002      1.5490320908395263       533.0002213907011
3.8899999999999997E-4     0.16060000000000002      1.65129913079465         533.0002202131384
4.2825E-4                 0.16060000000000002      1.7416640351372452       533.0002189822252
4.675E-4                  0.16060000000000002      1.822009718666179        533.0002177102299
5.0675E-4                 0.16060000000000002      1.8953898511612894       533.0002164138417
5.459999999999999E-4      0.16060000000000002      1.961804431435669        533.0002150930602
5.852499999999999E-4      0.16060000000000002      2.0215101739646673       533.0002137511742
6.245E-4                  0.16060000000000002      2.0755174465950903       533.0002123981594
6.6375E-4                 0.16060000000000002      2.125307893233921        533.0002110432358
7.03E-4                   0.16060000000000002      2.170895190779165        533.0002096850392
7.4225E-4                 0.16060000000000002      2.2122577589194057       533.0002083247277
7.815E-4                  0.16060000000000002      2.2494788771739773       533.0002069617982
8.2075E-4                 0.16060000000000002      2.2836223507243965       533.000205601755
8.6E-4                    0.16060000000000002      2.3148675925950104       533.0002042516624
8.9925E-4                 0.16060000000000002      2.3432146027945215       533.0002029115202
9.385E-4                  0.16060000000000002      2.368664031684878        533.0002015776271
9.7775E-4                 0.16060000000000002      2.391276187680863        533.0002002535207
0.001017                  0.16060000000000002      2.4116668215611394       533.0001989489288
0.00105625                0.16060000000000002      2.4298270861323927       533.0001976500184
0.0010955                 0.16060000000000002      2.4457558057980426       533.0001963625298
0.00113475                0.16060000000000002      2.4594777501446634       533.0001950875143
0.001174                  0.16060000000000002      2.471256140350185        533.0001938273172
0.00121325                0.16060000000000002      2.4811307202699844       533.0001925786671
0.0012525                 0.16060000000000002      2.4890946524467          533.0001913444171
0.00129175                0.16060000000000002      2.495247495019864        533.0001901041143
0.001331                  0.16060000000000002      2.4997180868087097       533.0001888713726
0.00137025                0.16060000000000002      2.5025105334053785       533.0001876453356
0.0014095                 0.16060000000000002      2.5036309508693453       533.0001864263637
0.00144875                0.16060000000000002      2.503189859757383        533.0001852172476
0.001488                  0.16060000000000002      2.5012318545621337       533.0001840091811
0.00152725                0.16060000000000002      2.497753560417515        533.0001828008723
0.0015665                 0.16060000000000002      2.4928054139462468       533.0001815869006
0.00160575                0.16060000000000002      2.486447469326866        533.0001803664987
0.001645                  0.16060000000000002      2.4786844101070833       533.0001791405225
0.00168425                0.16060000000000002      2.4695421221564393       533.0001779080688
0.0017235                 0.16060000000000002      2.459066735787925        533.0001766594711
0.00176275                0.16060000000000002      2.447276461093552        533.0001753942062
0.001802                  0.16060000000000002      2.4341766839329          533.0001741100539
0.00184125                0.16060000000000002      2.4198090427215244       533.0001728037784
0.0018805                 0.16060000000000002      2.4041938291035216       533.0001714797862
0.00191975                0.16060000000000002      2.387352412525802        533.0001701246451
0.001959                  0.16060000000000002      2.36929019915495         533.0001687403626
0.00199825                0.16060000000000002      2.3500272726100655       533.0001673279238
0.0020375                 0.16060000000000002      2.329575526891447        533.0001658758325
0.00207675                0.16060000000000002      2.3079726157170333       533.0001643796016
0.002116                  0.16060000000000002      2.2852210345293145       533.0001628403859
0.00215525                0.16060000000000002      2.2613207833284092       533.0001612581851
0.0021945                 0.16060000000000002      2.23628418709105         533.0001596313433
0.00223375                0.16060000000000002      2.2101478875673353       533.0001579475432
0.002273                  0.16060000000000002      2.182912865476139        533.0001562054823
0.00231225                0.16060000000000002      2.154579120817238        533.0001544051604
0.0023515                 0.16060000000000002      2.1251567655189696       533.000152542661
0.00239075                0.16060000000000002      2.094673250246568        533.0001506122325
0.00243                   0.16060000000000002      2.063129960120355        533.0001486143616
0.00246925                0.16060000000000002      2.0305268951403486       533.0001465490487
0.0025085                 0.16060000000000002      1.9968731727725249       533.0001444122126
0.00254775                0.16060000000000002      1.962191732391649        533.0001421913724
0.002587                  0.16060000000000002      1.9264838893988219       533.0001398862992
0.0026262499999999997     0.16060000000000002      1.8897496437940224       533.0001374969927
0.0026655                 0.16060000000000002      1.8519949808182437       533.0001350227295
0.0027047499999999997     0.16060000000000002      1.813238616633595        533.0001324606478
0.002744                  0.16060000000000002      1.7734819013185585       533.0001298104728
0.0027832499999999997     0.16060000000000002      1.7327249902413082       533.00012707511
0.0028225                 0.16060000000000002      1.6909798091695685       533.0001242345542
0.0028617499999999997     0.16060000000000002      1.6482531547885206       533.0001212995747
0.002901                  0.16060000000000002      1.6045447991931665       533.0001182654811
0.0029402499999999997     0.16060000000000002      1.5598624284541618       533.000115139034
0.0029795                 0.16060000000000002      1.514213884101414        533.0001119111757
0.0030187499999999997     0.16060000000000002      1.4676007748846545       533.0001085880486
0.003058                  0.16060000000000002      1.4200257723267948       533.0001051609095
0.0030972499999999997     0.16060000000000002      1.3714999887303714       533.0001016316045
0.0031365                 0.16060000000000002      1.3220245450125834       533.000098002657
0.0031757499999999998     0.16060000000000002      1.2715999697323785       533.0000942839894
0.003215                  0.16060000000000002      1.2202281418229106       533.0000904558731
0.0032542499999999998     0.16060000000000002      1.1679239100325285       533.0000865388826
0.0032935                 0.16060000000000002      1.114687861882547        533.0000825341414
0.0033327499999999998     0.16060000000000002      1.0605191958879623       533.0000784356241
0.003372                  0.16060000000000002      1.0054181731984118       533.0000742451226
0.00341125                0.16060000000000002      0.9493931341111781       533.0000699845119
0.0034505                 0.16060000000000002      0.8924470521781998       533.000065632079
0.00348975                0.16060000000000002      0.8345845859960761       533.0000612080132
0.003529                  0.16060000000000002      0.7758060771790877       533.0000567155225
0.00356825                0.16060000000000002      0.7161132522705738       533.000052158291
0.0036075                 0.16060000000000002      0.6555108161321673       533.0000475442861
0.00364675                0.16060000000000002      0.5940002963549107       533.0000428724084
0.003686                  0.16060000000000002      0.5315873894013632       533.0000381645168
0.00372525                0.16060000000000002      0.4682718413974378       533.0000334260737
0.0037645                 0.16060000000000002      0.40405575579602854      533.0000286549854
0.00380375                0.16060000000000002      0.3389437017491851       533.0000238694266
0.0038429999999999996     0.16060000000000002      0.2729360242199759       533.0000190668673
0.00388225                0.16060000000000002      0.20603589451885598      533.0000142711015
0.0039215                 0.16060000000000002      0.1382450662366149       533.0000094898912
0.00396075                0.16060000000000002      0.06956576198307567      533.0000047269275
0.004                     0.16060000000000002      1.603604688647661E-15    533
7.5E-5                    0.1628                   8.256058590641493E-17    532.999797531744
1.1424999999999999E-4     0.1628                   0.42952093722233453      532.9997975293087
1.535E-4                  0.1628                   0.7296235342007109       532.9997975366044
1.9275E-4                 0.1628                   0.959844365573436        532.9997975675896
2.32E-4                   0.1628                   1.1461318408212777       532.999797631027
2.7125E-4                 0.1628                   1.3008569491183628       532.9997977340404
3.1049999999999996E-4     0.1628                   1.434456038462479        532.9997978820818
3.4974999999999996E-4     0.1628                   1.5489380777691226       532.9997980771931
3.8899999999999997E-4     0.1628                   1.6511727636800235       532.9997983265339
4.2825E-4                 0.1628                   1.7419324937280904       532.999798631232
4.675E-4                  0.1628                   1.8220233670848225       532.9997989924452
5.0675E-4                 0.1628                   1.8951746717898885       532.9997994160422
5.459999999999999E-4      0.1628                   1.9617165144328432       532.9997999018069
5.852499999999999E-4      0.1628                   2.021615060694805        532.9998004505517
6.245E-4                  0.1628                   2.075602459143158        532.9998010626045
6.6375E-4                 0.1628                   2.1252144984308012       532.9998017434139
7.03E-4                   0.1628                   2.1707529705042683       532.9998024919338
7.4225E-4                 0.1628                   2.2122961419147167       532.9998033076689
7.815E-4                  0.1628                   2.2498440141673974       532.9998041906197
8.2075E-4                 0.1628                   2.2836606446709578       532.9998051413432
8.6E-4                    0.1628                   2.3148214168343717       532.9998061642295
8.9925E-4                 0.1628                   2.343121471628069        532.9998072556576
9.385E-4                  0.1628                   2.3685613214679484       532.9998084155541
9.7775E-4                 0.1628                   2.3912785445854334       532.9998096434691
0.001017                  0.1628                   2.411707931638915        532.9998109403517
0.00105625                0.1628                   2.4298470608794185       532.9998123069495
0.0010955                 0.1628                   2.4457574454222515       532.9998137397891
0.00113475                0.1628                   2.4594790545156457       532.9998152381628
0.001174                  0.1628                   2.4712520498753614       532.9998168035398
0.00121325                0.1628                   2.48112943889598         532.9998184340897
0.0012525                 0.1628                   2.489111221601144        532.9998201298121
0.00129175                0.1628                   2.495248763550561        532.9998218894328
0.001331                  0.1628                   2.499705413965314        532.9998237098423
0.00137025                0.1628                   2.502508519165717        532.9998255908315
0.0014095                 0.1628                   2.503657459405053        532.9998275326246
0.00144875                0.1628                   2.5031879026320616       532.9998295338495
0.001488                  0.1628                   2.5012212146557964       532.9998315905203
0.00152725                0.1628                   2.4977661049183664       532.9998337024902
0.0015665                 0.1628                   2.492822007508782        532.9998358695098
0.00160575                0.1628                   2.4864364260574012       532.9998380894481
0.001645                  0.1628                   2.478680429077636        532.9998403580663
0.00168425                0.1628                   2.4695565485319357       532.9998426754652
0.0017235                 0.1628                   2.459065102253612        532.9998450417348
0.00176275                0.1628                   2.4472599380958155       532.999847453944
0.001802                  0.1628                   2.4341792368274655       532.9998499066179
0.00184125                0.1628                   2.4198243155078876       532.9998524004969
0.0018805                 0.1628                   2.4041982871625356       532.9998549370862
0.00191975                0.1628                   2.3873424652727144       532.9998575090646
0.001959                  0.1628                   2.369287871817025        532.9998601154213
0.00199825                0.1628                   2.350034210569477        532.9998627552275
0.0020375                 0.1628                   2.3295823592975187       532.9998654282855
0.00207675                0.1628                   2.3079706751931934       532.9998681319036
0.002116                  0.1628                   2.285216941263829        532.9998708603796
0.00215525                0.1628                   2.26132114931341         532.9998736149395
0.0021945                 0.1628                   2.2362865258257796       532.9998763950375
0.00223375                0.1628                   2.210147066585654        532.9998791942123
0.002273                  0.1628                   2.1829114907152376       532.9998820117967
0.00231225                0.1628                   2.154579736110315        532.9998848468674
0.0023515                 0.1628                   2.125157078273264        532.9998876995611
0.00239075                0.1628                   2.0946720117718316       532.999890564121
0.00243                   0.1628                   2.063128697564346        532.9998934382214
0.00246925                0.1628                   2.0305273561220787       532.9998963227666
0.0025085                 0.1628                   1.9968738422450334       532.9998992157837
0.00254775                0.1628                   1.962191679490006        532.9999021117794
0.002587                  0.1628                   1.9264833073539882       532.999905010583
0.0026262499999999997     0.1628                   1.8897485354581418       532.9999079115315
0.0026655                 0.1628                   1.8519935221495902       532.9999108144245
0.0027047499999999997     0.1628                   1.8132374632512833       532.9999137132007
0.002744                  0.1628                   1.773481893175571        532.9999166070959
0.0027832499999999997     0.1628                   1.732726887416672        532.9999194964303
0.0028225                 0.1628                   1.690977622782637        532.9999223794017
0.0028617499999999997     0.1628                   1.6482500277564522       532.999925251897
0.002901                  0.1628                   1.6045450141244606       532.9999281139624
0.0029402499999999997     0.1628                   1.5598625450753          532.9999309650962
0.0029795                 0.1628                   1.5142109593096675       532.9999338034539
0.0030187499999999997     0.1628                   1.4675994829613206       532.9999366260803
0.003058                  0.1628                   1.4200286924246932       532.9999394328247
0.0030972499999999997     0.1628                   1.3714985040318506       532.999942223485
0.0031365                 0.1628                   1.3220195668473254       532.9999449949662
0.0031757499999999998     0.1628                   1.2715982338720133       532.9999477462221
0.003215                  0.1628                   1.2202345051059305       532.9999504772528
0.0032542499999999998     0.1628                   1.1679287108158303       532.999953188168
0.0032935                 0.1628                   1.1146827836718167       532.9999558777205
0.0033327499999999998     0.1628                   1.0605115971930776       532.9999585427814
0.003372                  0.1628                   1.005415864550211        532.999961183477
0.00341125                0.1628                   0.9493955857430895       532.999963799807
0.0034505                 0.1628                   0.8924507607717105       532.9999663917717
0.00348975                0.1628                   0.83458235852331         532.9999689591704
0.003529                  0.1628                   0.7758022346263461       532.9999715004952
0.00356825                0.1628                   0.716111582436891        532.9999740161634
0.0036075                 0.1628                   0.6555104097075387       532.9999765061723
0.00364675                0.1628                   0.5940000719033465       532.9999789698013
0.003686                  0.1628                   0.5315865567651126       532.9999814072455
0.00372525                0.1628                   0.468271492448052        532.9999838186804
0.0037645                 0.1628                   0.40405549936619456      532.9999862041992
0.00380375                0.1628                   0.33894330320703875      532.9999885646454
0.0038429999999999996     0.1628                   0.27293573413238303      532.9999908998
0.00388225                0.1628                   0.20603564458498716      532.9999932102484
0.0039215                 0.1628                   0.13824490541455878      532.9999954967741
0.00396075                0.1628                   0.06956567615034762      532.999997759716
0.004                     0.1628                   4.3811806313061616E-16   533
7.5E-5                    0.165                    8.224358814824709E-17    532.9994928886681
1.1424999999999999E-4     0.165                    0.4295483728329896       532.9994929208686
1.535E-4                  0.165                    0.7296920768355005       532.9994930305874
1.9275E-4                 0.165                    0.9598907713036796       532.9994932335395
2.32E-4                   0.165                    1.14612517516261         532.9994935411776
2.7125E-4                 0.165                    1.3010232545929046       532.9994939628288
3.1049999999999996E-4     0.165                    1.4344643185857677       532.9994945074526
3.4974999999999996E-4     0.165                    1.5488105816173197       532.9994951769951
3.8899999999999997E-4     0.165                    1.651193436444105        532.9994959851351
4.2825E-4                 0.165                    1.7419520545245875       532.9994969316866
4.675E-4                  0.165                    1.8221478250405203       532.9994980198909
5.0675E-4                 0.165                    1.8951067869214702       532.999499253656
5.459999999999999E-4      0.165                    1.9611793632826615       532.9995006351612
5.852499999999999E-4      0.165                    2.0212850789329178       532.9995021720048
6.245E-4                  0.165                    2.0755296938774555       532.9995038640615
6.6375E-4                 0.165                    2.1252601818324193       532.9995057116356
7.03E-4                   0.165                    2.170811596957126        532.9995077149412
7.4225E-4                 0.165                    2.212183939316706        532.9995098739779
7.815E-4                  0.165                    2.2496515646279818       532.9995121912942
8.2075E-4                 0.165                    2.2837469061816855       532.9995146705122
8.6E-4                    0.165                    2.314950666276526        532.9995173087019
8.9925E-4                 0.165                    2.343286120156625        532.9995201062299
9.385E-4                  0.165                    2.36868099388507         532.9995230627919
9.7775E-4                 0.165                    2.391345550112606        532.9995261782243
0.001017                  0.165                    2.4117169211588774       532.999529447917
0.00105625                0.165                    2.42984363079534         532.9995328737915
0.0010955                 0.165                    2.445735761129835        532.9995364568017
0.00113475                0.165                    2.4594900737547207       532.9995401951988
0.001174                  0.165                    2.471284640073537        532.9995440821147
0.00121325                0.165                    2.481116023608014        532.9995481168723
0.0012525                 0.165                    2.4890725834224545       532.999552300529
0.00129175                0.165                    2.4952394282707933       532.9995566311337
0.001331                  0.165                    2.499726456111138        532.999561101702
0.00137025                0.165                    2.502518390500343        532.9995657129231
0.0014095                 0.165                    2.503633619985646        532.9995704640859
0.00144875                0.165                    2.5031917763182654       532.9995753466692
0.001488                  0.165                    2.501228148286938        532.9995803598493
0.00152725                0.165                    2.4977585014966355       532.9995855033327
0.0015665                 0.165                    2.492812762640058        532.9995907738125
0.00160575                0.165                    2.4864510312590524       532.9995961620731
0.001645                  0.165                    2.478678371186457        532.9996016674065
0.00168425                0.165                    2.469539506894335        532.9996072891871
0.0017235                 0.165                    2.459064575901987        532.9996130210462
0.00176275                0.165                    2.4472796163814374       532.9996188571946
0.001802                  0.165                    2.434180559094432        532.9996247983511
0.00184125                0.165                    2.4198078744742286       532.9996308388932
0.0018805                 0.165                    2.404199491729161        532.9996369714306
0.00191975                0.165                    2.3873578090121708       532.9996431946302
0.001959                  0.165                    2.369286102066656        532.9996495067213
0.00199825                0.165                    2.3500183015880913       532.9996559015242
0.0020375                 0.165                    2.3295834813566607       532.9996623699977
0.00207675                0.165                    2.307979437866596        532.9996689133748
0.002116                  0.165                    2.2852106951175486       532.9996755282976
0.00215525                0.165                    2.2613084018379843       532.9996822092471
0.0021945                 0.165                    2.2362904665878967       532.9996889466821
0.00223375                0.165                    2.2101574789212406       532.9996957397667
0.002273                  0.165                    2.1829094388383448       532.9997025885001
0.00231225                0.165                    2.154567859601606        532.9997094864633
0.0023515                 0.165                    2.1251577274063242       532.999716422956
0.00239075                0.165                    2.0946781113779647       532.9997233975588
0.00243                   0.165                    2.0631288925371125       532.9997304103337
0.00246925                0.165                    2.03052069563705         532.9997374568338
0.0025085                 0.165                    1.9968758401705016       532.9997445253038
0.00254775                0.165                    1.9621960840689259       532.9997516150894
0.002587                  0.165                    1.9264835258613646       532.9997587253448
0.0026262499999999997     0.165                    1.889743058283998        532.9997658527915
0.0026655                 0.165                    1.8519948292059796       532.9997729867393
0.0027047499999999997     0.165                    1.8132406442684332       532.9997801265923
0.002744                  0.165                    1.7734797098845099       532.9997872714628
0.0027832499999999997     0.165                    1.732723891561801        532.9997944141355
0.0028225                 0.165                    1.6909797769486317       532.9998015519964
0.0028617499999999997     0.165                    1.6482512476517235       532.9998086816146
0.002901                  0.165                    1.6045431380973194       532.9998158001881
0.0029402499999999997     0.165                    1.5598628801208225       532.9998229029633
0.0029795                 0.165                    1.5142133327698297       532.9998299880951
0.0030187499999999997     0.165                    1.467598102653264        532.9998370527205
0.003058                  0.165                    1.420027291490294        532.999844090466
0.0030972499999999997     0.165                    1.3715011827424533       532.9998511011876
0.0031365                 0.165                    1.322022347627956        532.9998580829749
0.0031757499999999998     0.165                    1.2715948119221916       532.9998650337234
0.003215                  0.165                    1.2202306846979236       532.9998719446588
0.0032542499999999998     0.165                    1.1679287435878565       532.9998788177483
0.0032935                 0.165                    1.1146889885918294       532.9998856529916
0.0033327499999999998     0.165                    1.0605147797742362       532.9998924466362
0.003372                  0.165                    1.0054152472700457       532.9998991945332
0.00341125                0.165                    0.9493924830704693       532.9999058964179
0.0034505                 0.165                    0.8924481121290023       532.9999125496602
0.00348975                0.165                    0.834583285033704        532.9999191538351
0.003529                  0.165                    0.7758047288098334       532.9999257062049
0.00356825                0.165                    0.7161134788246865       532.9999322063213
0.0036075                 0.165                    0.6555101831340631       532.9999386535962
0.00364675                0.165                    0.5939995485072088       532.9999450451867
0.003686                  0.165                    0.5315865723678287       532.9999513805365
0.00372525                0.165                    0.46827184536144323      532.9999576595815
0.0037645                 0.165                    0.40405567876025433      532.9999638824712
0.00380375                0.165                    0.3389432967394142       532.9999700472274
0.0038429999999999996     0.165                    0.27293571880947176      532.9999761537731
0.00388225                0.165                    0.20603563083649762      532.9999822023091
0.0039215                 0.165                    0.13824488642749388      532.9999881928111
0.00396075                0.165                    0.06956566576135371      532.999994125297
0.004                     0.165                    1.0196819279335677E-15   533
7.5E-5                    0.16720000000000002      4.1225638545593884E-17   532.9990100392089
1.1424999999999999E-4     0.16720000000000002      0.429542599323835        532.9990101068305
1.535E-4                  0.16720000000000002      0.7295234247882247       532.9990103323007
1.9275E-4                 0.16720000000000002      0.959699444567951        532.9990107441859
2.32E-4                   0.16720000000000002      1.146220694296819        532.9990113642099
2.7125E-4                 0.16720000000000002      1.3007126049340003       532.9990122066445
3.1049999999999996E-4     0.16720000000000002      1.4344926448590536       532.9990132921197
3.4974999999999996E-4     0.16720000000000002      1.549006091304163        532.9990146243032
3.8899999999999997E-4     0.16720000000000002      1.650872905724039        532.9990162218161
4.2825E-4                 0.16720000000000002      1.7420478918661404       532.9990180941963
4.675E-4                  0.16720000000000002      1.822505201126325        532.9990202391845
5.0675E-4                 0.16720000000000002      1.895012281647784        532.9990226710473
5.459999999999999E-4      0.16720000000000002      1.961363476542193        532.9990253955051
5.852499999999999E-4      0.16720000000000002      2.021591689343354        532.9990284145397
6.245E-4                  0.16720000000000002      2.0757940136811097       532.9990317331714
6.6375E-4                 0.16720000000000002      2.12513396043042         532.9990353541153
7.03E-4                   0.16720000000000002      2.170580143268872        532.9990392833745
7.4225E-4                 0.16720000000000002      2.212079238063407        532.9990435188943
7.815E-4                  0.16720000000000002      2.249649109483368        532.9990480582956
8.2075E-4                 0.16720000000000002      2.2838101169798497       532.999052908285
8.6E-4                    0.16720000000000002      2.3149802544271076       532.9990580693216
8.9925E-4                 0.16720000000000002      2.3431595216473835       532.9990635414055
9.385E-4                  0.16720000000000002      2.368504489208964        532.9990693192082
9.7775E-4                 0.16720000000000002      2.3913221012350925       532.999075404254
0.001017                  0.16720000000000002      2.411780242392179        532.999081792949
0.00105625                0.16720000000000002      2.429860522846501        532.999088486914
0.0010955                 0.16720000000000002      2.4456778349574964       532.9990954823493
0.00113475                0.16720000000000002      2.459468091130541        532.9991027754769
0.001174                  0.16720000000000002      2.471276423842529        532.9991103590087
0.00121325                0.16720000000000002      2.4811091304723285       532.9991182322118
0.0012525                 0.16720000000000002      2.4890745199288746       532.9991263940599
0.00129175                0.16720000000000002      2.4952353327424515       532.9991348440047
0.001331                  0.16720000000000002      2.499713502643454        532.999143563613
0.00137025                0.16720000000000002      2.5025149498541737       532.9991525519872
0.0014095                 0.16720000000000002      2.5036427253073152       532.9991618091843
0.00144875                0.16720000000000002      2.5031744312520527       532.9991713344888
0.001488                  0.16720000000000002      2.5012118898371885       532.9991811082533
0.00152725                0.16720000000000002      2.49776633219227         532.9991911280345
0.0015665                 0.16720000000000002      2.492832601700874        532.9992013939511
0.00160575                0.16720000000000002      2.4864381026410047       532.9992119032885
0.001645                  0.16720000000000002      2.478672885546018        532.9992226326888
0.00168425                0.16720000000000002      2.469549165554994        532.9992335806792
0.0017235                 0.16720000000000002      2.4590742900781475       532.9992447484626
0.00176275                0.16720000000000002      2.4472599517920224       532.9992561324976
0.001802                  0.16720000000000002      2.4341712759241423       532.9992677082136
0.00184125                0.16720000000000002      2.4198178544866003       532.9992794709099
0.0018805                 0.16720000000000002      2.40419968748079         532.9992914205864
0.00191975                0.16720000000000002      2.387339832744987        532.9993035521961
0.001959                  0.16720000000000002      2.3692821267910107       532.9993158453588
0.00199825                0.16720000000000002      2.350029410180707        532.999328298196
0.0020375                 0.16720000000000002      2.329581871930376        532.9993409106236
0.00207675                0.16720000000000002      2.307970714432633        532.9993536648811
0.002116                  0.16720000000000002      2.2852150227971553       532.9993665488487
0.00215525                0.16720000000000002      2.2613147970239336       532.9993795625264
0.0021945                 0.16720000000000002      2.236284665672564        532.9993926969107
0.00223375                0.16720000000000002      2.2101496345165477       532.999405936479
0.002273                  0.16720000000000002      2.182910141469461        532.9994192809337
0.00231225                0.16720000000000002      2.1545710893642207       532.9994327257034
0.0023515                 0.16720000000000002      2.1251577294214328       532.9994462484151
0.00239075                0.16720000000000002      2.0946736245083293       532.9994598460751
0.00243                   0.16720000000000002      2.0631243895496043       532.9994735158235
0.00246925                0.16720000000000002      2.0305221901270976       532.9994872478022
0.0025085                 0.16720000000000002      1.9968781308716117       532.9995010277273
0.00254775                0.16720000000000002      1.9621922117832682       532.9995148555989
0.002587                  0.16720000000000002      1.9264793165209775       532.9995287196783
0.0026262499999999997     0.16720000000000002      1.8897475443813048       532.9995426096216
0.0026655                 0.16720000000000002      1.8519964962440196       532.9995565251244
0.0027047499999999997     0.16720000000000002      1.8132358930635244       532.9995704575958
0.002744                  0.16720000000000002      1.7734791789916144       532.9995843891357
0.0027832499999999997     0.16720000000000002      1.73272642721856         532.9995983193128
0.0028225                 0.16720000000000002      1.6909783421506146       532.9996122474863
0.0028617499999999997     0.16720000000000002      1.6482486547108912       532.9996261583611
0.002901                  0.16720000000000002      1.6045439481078532       532.9996400440226
0.0029402499999999997     0.16720000000000002      1.5598641948836067       532.9996539045019
0.0029795                 0.16720000000000002      1.5142111358844508       532.9996677373014
0.0030187499999999997     0.16720000000000002      1.4675982048556087       532.9996815241769
0.003058                  0.16720000000000002      1.420028213679964        532.9996952615148
0.0030972499999999997     0.16720000000000002      1.3715011623575262       532.9997089493154
0.0031365                 0.16720000000000002      1.3220198919320114       532.9997225839224
0.0031757499999999998     0.16720000000000002      1.2715968401166808       532.999736150248
0.003215                  0.16720000000000002      1.2202332614365827       532.9997496472148
0.0032542499999999998     0.16720000000000002      1.1679291558917182       532.9997630748228
0.0032935                 0.16720000000000002      1.1146853598138324       532.999776431789
0.0033327499999999998     0.16720000000000002      1.0605133327607021       532.999789703451
0.003372                  0.16720000000000002      1.0054167134878054       532.999802885684
0.00341125                0.16720000000000002      0.9493955019951144       532.9998159784873
0.0034505                 0.16720000000000002      0.8924496741435513       532.9998289818236
0.00348975                0.16720000000000002      0.83458163597545         532.9998418921116
0.003529                  0.16720000000000002      0.7758023195132301       532.9998547012017
0.00356825                0.16720000000000002      0.7161122519912856       532.9998674069182
0.0036075                 0.16720000000000002      0.6555114299881749       532.9998800092638
0.00364675                0.16720000000000002      0.5939997478604265       532.9998925086061
0.003686                  0.16720000000000002      0.5315867436747611       532.9999048977287
0.00372525                0.16720000000000002      0.46827162600798544      532.9999171780032
0.0037645                 0.16720000000000002      0.40405567560701305      532.9999293485553
0.00380375                0.16720000000000002      0.3389435705421004       532.9999414061914
0.0038429999999999996     0.16720000000000002      0.2729358407810255       532.9999533507552
0.00388225                0.16720000000000002      0.20603575427507012      532.9999651828873
0.0039215                 0.16720000000000002      0.1382449856619775       532.9999769018744
0.00396075                0.16720000000000002      0.06956571938905265      532.999988507257
0.004                     0.16720000000000002      4.431841277197511E-17    532.9999999999999
7.5E-5                    0.16940000000000002      1.2534414375176165E-16   532.998128822038
1.1424999999999999E-4     0.16940000000000002      0.42948491830181157      532.9981289520059
1.535E-4                  0.16940000000000002      0.7295636693589176       532.9981293834071
1.9275E-4                 0.16940000000000002      0.9598989111063394       532.9981301692716
2.32E-4                   0.16940000000000002      1.1461455556150542       532.9981313482995
2.7125E-4                 0.16940000000000002      1.3006562986244357       532.9981329509789
3.1049999999999996E-4     0.16940000000000002      1.434384811433768        532.9981350126766
3.4974999999999996E-4     0.16940000000000002      1.549144064678318        532.9981375419885
3.8899999999999997E-4     0.16940000000000002      1.650809289101002        532.9981405693754
4.2825E-4                 0.16940000000000002      1.7418237937738994       532.9981441167404
4.675E-4                  0.16940000000000002      1.822239892925905        532.9981481838688
5.0675E-4                 0.16940000000000002      1.8949967932443281       532.9981527942215
5.459999999999999E-4      0.16940000000000002      1.961420171206671        532.998157953559
5.852499999999999E-4      0.16940000000000002      2.0216111440399653       532.9981636676033
6.245E-4                  0.16940000000000002      2.0758219402177907       532.9981699499405
6.6375E-4                 0.16940000000000002      2.1251053848087955       532.9981768001674
7.03E-4                   0.16940000000000002      2.1705440468191153       532.9981842334006
7.4225E-4                 0.16940000000000002      2.212127000064815        532.9981922488214
7.815E-4                  0.16940000000000002      2.249795272252223        532.9982008407933
8.2075E-4                 0.16940000000000002      2.2837765397001726       532.9982100153698
8.6E-4                    0.16940000000000002      2.3148423936783153       532.9982197721093
8.9925E-4                 0.16940000000000002      2.343085080365259        532.9982301145367
9.385E-4                  0.16940000000000002      2.3685102811638576       532.9982410443994
9.7775E-4                 0.16940000000000002      2.391317533367265        532.9982525488201
0.001017                  0.16940000000000002      2.4117158964275425       532.9982646241144
0.00105625                0.16940000000000002      2.429847639693778        532.9982772771497
0.0010955                 0.16940000000000002      2.445722393104718        532.9982905058018
0.00113475                0.16940000000000002      2.459494131310462        532.9983042858056
0.001174                  0.16940000000000002      2.471243468480189        532.9983186135736
0.00121325                0.16940000000000002      2.4811119862946422       532.9983334913808
0.0012525                 0.16940000000000002      2.4891153901094962       532.9983489184348
0.00129175                0.16940000000000002      2.495287179823238        532.9983648837513
0.001331                  0.16940000000000002      2.499706051469423        532.9983813593745
0.00137025                0.16940000000000002      2.5024612134058635       532.9983983536996
0.0014095                 0.16940000000000002      2.5036305828637633       532.9984158424134
0.00144875                0.16940000000000002      2.503213193390356        532.9984338253158
0.001488                  0.16940000000000002      2.5012102272836687       532.9984523066072
0.00152725                0.16940000000000002      2.49773308467355         532.9984712447294
0.0015665                 0.16940000000000002      2.4928162451834757       532.9984906344721
0.00160575                0.16940000000000002      2.486456404808262        532.9985104745575
0.001645                  0.16940000000000002      2.4786682533974216       532.9985307617226
0.00168425                0.16940000000000002      2.469532214164413        532.9985514528216
0.0017235                 0.16940000000000002      2.4590643881192977       532.9985725413982
0.00176275                0.16940000000000002      2.447269971357247        532.9985940322538
0.001802                  0.16940000000000002      2.4341635343674297       532.9986159157731
0.00184125                0.16940000000000002      2.419803580595067        532.9986381451862
0.0018805                 0.16940000000000002      2.4041961131578056       532.9986607142872
0.00191975                0.16940000000000002      2.387345860768949        532.9986836250772
0.001959                  0.16940000000000002      2.3692747379488175       532.9987068628102
0.00199825                0.16940000000000002      2.350020707126448        532.9987303884384
0.0020375                 0.16940000000000002      2.3295845075161328       532.9987542022853
0.00207675                0.16940000000000002      2.307967069780989        532.9987783045792
0.002116                  0.16940000000000002      2.285204514065574        532.9988026555623
0.00215525                0.16940000000000002      2.261312900259846        532.9988272311169
0.0021945                 0.16940000000000002      2.2362911300950157       532.9988520385127
0.00223375                0.16940000000000002      2.210144209089105        532.9988770687813
0.002273                  0.16940000000000002      2.182901721538756        532.9989022807586
0.00231225                0.16940000000000002      2.154571517252287        532.9989276710922
0.0023515                 0.16940000000000002      2.125160167784582        532.998953219061
0.00239075                0.16940000000000002      2.0946724693924788       532.9989789139638
0.00243                   0.16940000000000002      2.0631198086337017       532.99900474824
0.00246925                0.16940000000000002      2.030519066449493        532.9990306933049
0.0025085                 0.16940000000000002      1.9968773097020842       532.999056727808
0.00254775                0.16940000000000002      1.962194538391463        532.9990828517496
0.002587                  0.16940000000000002      1.926475359761292        532.9991090581187
0.0026262499999999997     0.16940000000000002      1.889741671104679        532.9991353069745
0.0026655                 0.16940000000000002      1.8519962892050315       532.9991615921002
0.0027047499999999997     0.16940000000000002      1.8132392140623477       532.9991879134957
0.002744                  0.16940000000000002      1.7734769010123546       532.9992142535813
0.0027832499999999997     0.16940000000000002      1.7327224989243917       532.9992405824561
0.0028225                 0.16940000000000002      1.6909796088525255       532.9992668974305
0.0028617499999999997     0.16940000000000002      1.648251067121422        532.9992931885838
0.002901                  0.16940000000000002      1.6045422536551028       532.9993194448998
0.0029402499999999997     0.16940000000000002      1.559862676476973        532.9993456415872
0.0029795                 0.16940000000000002      1.5142132159910084       532.9993717757836
0.0030187499999999997     0.16940000000000002      1.4675982617256387       532.9993978371951
0.003058                  0.16940000000000002      1.4200265412421875       532.9994238103034
0.0030972499999999997     0.16940000000000002      1.3715011530576415       532.9994496808564
0.0031365                 0.16940000000000002      1.3220220233671964       532.9994754493918
0.0031757499999999998     0.16940000000000002      1.2715968352663773       532.9995010999504
0.003215                  0.16940000000000002      1.2202324861421219       532.9995266173843
0.0032542499999999998     0.16940000000000002      1.167928989669199        532.9995520013218
0.0032935                 0.16940000000000002      1.1146859721200215       532.9995772509869
0.0033327499999999998     0.16940000000000002      1.060513085691674        532.9996023427045
0.003372                  0.16940000000000002      1.0054160164124843       532.9996272666485
0.00341125                0.16940000000000002      0.9493947642824488       532.9996520228191
0.0034505                 0.16940000000000002      0.8924495522454554       532.9996766070336
0.00348975                0.16940000000000002      0.8345825041212055       532.9997010173296
0.003529                  0.16940000000000002      0.7758031902450729       532.9997252356671
0.00356825                0.16940000000000002      0.7161126644035652       532.9997492592829
0.0036075                 0.16940000000000002      0.6555108652893876       532.9997730920709
0.00364675                0.16940000000000002      0.5940002927579234       532.999796726714
0.003686                  0.16940000000000002      0.5315872543178787       532.9998201548475
0.00372525                0.16940000000000002      0.46827204924983845      532.999843376937
0.0037645                 0.16940000000000002      0.40405593939057216      532.9998663913505
0.00380375                0.16940000000000002      0.33894376688779354      532.9998891920635
0.0038429999999999996     0.16940000000000002      0.27293606542565857      532.9999117809613
0.00388225                0.16940000000000002      0.2060359012051531       532.9999341568259
0.0039215                 0.16940000000000002      0.13824507115433232      532.9999563188521
0.00396075                0.16940000000000002      0.06956576124384978      532.9999782658382
0.004                     0.16940000000000002      3.591196308267692E-16    533.0000000000001
7.5E-5                    0.1716                   0                        532.9964777315863
1.1424999999999999E-4     0.1716                   0.4295132145669647       532.996477976809
1.535E-4                  0.1716                   0.7298026341390996       532.9964787906408
1.9275E-4                 0.1716                   0.9594105526855761       532.9964802689364
2.32E-4                   0.1716                   1.1464293100346357       532.9964824951792
2.7125E-4                 0.1716                   1.3008257455162155       532.9964855130763
3.1049999999999996E-4     0.1716                   1.4343822663371537       532.9964893965764
3.4974999999999996E-4     0.1716                   1.548869000753681        532.9964941580386
3.8899999999999997E-4     0.1716                   1.6509395564623444       532.9964998690008
4.2825E-4                 0.1716                   1.7420284786343259       532.9965065512848
4.675E-4                  0.1716                   1.8223206723408494       532.9965142077594
5.0675E-4                 0.1716                   1.8951295005159907       532.9965228870893
5.459999999999999E-4      0.1716                   1.961546631615514        532.9965326043748
5.852499999999999E-4      0.1716                   2.021630454337159        532.9965433690323
6.245E-4                  0.1716                   2.0756123278948975       532.9965551931436
6.6375E-4                 0.1716                   2.1251340620789514       532.9965680908572
7.03E-4                   0.1716                   2.1706812529736386       532.9965820959463
7.4225E-4                 0.1716                   2.2122276493884794       532.9965971895765
7.815E-4                  0.1716                   2.249766609764636        532.9966133671088
8.2075E-4                 0.1716                   2.283696350746034        532.9966306424225
8.6E-4                    0.1716                   2.314837822803077        532.9966490183064
8.9925E-4                 0.1716                   2.343085892663631        532.996668487138
9.385E-4                  0.1716                   2.3684584818927137       532.9966890644022
9.7775E-4                 0.1716                   2.39131044443001         532.9967107240878
0.001017                  0.1716                   2.4117555078330914       532.9967334626303
0.00105625                0.1716                   2.42978832973051         532.9967572881758
0.0010955                 0.1716                   2.445658241019122        532.9967821746378
0.00113475                0.1716                   2.4594979102126295       532.9968081104486
0.001174                  0.1716                   2.471299976692602        532.9968350960952
0.00121325                0.1716                   2.481088276176839        532.9968631226326
0.0012525                 0.1716                   2.4890262455546743       532.9968921762237
0.00129175                0.1716                   2.4952421611651467       532.9969222010227
0.001331                  0.1716                   2.4997327751476086       532.9969532075614
0.00137025                0.1716                   2.502496275578205        532.9969851994331
0.0014095                 0.1716                   2.5036107558725553       532.997018138949
0.00144875                0.1716                   2.5031817505382477       532.9970520006794
0.001488                  0.1716                   2.501217233530629        532.9970867641923
0.00152725                0.1716                   2.497731040733853        532.9971224143255
0.0015665                 0.1716                   2.4927995007632067       532.9971589249519
0.00160575                0.1716                   2.4864361671202717       532.9971962811479
0.001645                  0.1716                   2.4786624919330054       532.9972344476307
0.00168425                0.1716                   2.4695255411282995       532.9972734003193
0.0017235                 0.1716                   2.459057915110915        532.9973131065257
0.00176275                0.1716                   2.447259613881854        532.9973535662494
0.001802                  0.1716                   2.4341572120536115       532.9973947413214
0.00184125                0.1716                   2.4197968676275994       532.9974365829563
0.0018805                 0.1716                   2.4041911417980897       532.9974790694176
0.00191975                0.1716                   2.387340034562575        532.9975222007045
0.001959                  0.1716                   2.3692707069885444       532.9975659396234
0.00199825                0.1716                   2.350013615661451        532.997610221886
0.0020375                 0.1716                   2.3295800706798806       532.997655037881
0.00207675                0.1716                   2.307970474211088        532.9977003870621
0.002116                  0.1716                   2.2851973450663334       532.9977462504052
0.00215525                0.1716                   2.2613004059358066       532.9977925291018
0.0021945                 0.1716                   2.236282009012844        532.997839209217
0.00223375                0.1716                   2.2101464749434108       532.997886286876
0.002273                  0.1716                   2.182899722690398        532.9979337606005
0.00231225                0.1716                   2.1545629505759276       532.9979815696064
0.0023515                 0.1716                   2.125154193155279        532.9980296490136
0.00239075                0.1716                   2.094673450428462        532.9980779988224
0.00243                   0.1716                   2.0631205082687303       532.9981266198456
0.00246925                0.1716                   2.030513804618624        532.9981754634094
0.0025085                 0.1716                   1.9968710680486366       532.9982244681875
0.00254775                0.1716                   1.9621920216513338       532.9982736335213
0.002587                  0.1716                   1.9264766654267051       532.9983229594108
0.0026262499999999997     0.1716                   1.889739939342905        532.9983723846176
0.0026655                 0.1716                   1.8519927918588666       532.9984218645403
0.0027047499999999997     0.1716                   1.8132372747716525       532.998471394719
0.002744                  0.1716                   1.7734757943979451       532.9985209710724
0.0027832499999999997     0.1716                   1.7327195581182735       532.9985705435222
0.0028225                 0.1716                   1.6909782504640667       532.9986200667938
0.0028617499999999997     0.1716                   1.6482518714353336       532.9986695408868
0.002901                  0.1716                   1.6045408838001785       532.9987189647205
0.0029402499999999997     0.1716                   1.5598590718297998       532.9987682800347
0.0029795                 0.1716                   1.5142120954638703       532.9988174630749
0.0030187499999999997     0.1716                   1.4675999547023952       532.998866513841
0.003058                  0.1716                   1.4200248799416377       532.9989154143173
0.0030972499999999997     0.1716                   1.371498431932487        532.9989641153774
0.0031365                 0.1716                   1.3220220395962143       532.9990126134053
0.0031757499999999998     0.1716                   1.2715988009946573       532.9990608885837
0.003215                  0.1716                   1.2202297390062218       532.9991089397387
0.0032542499999999998     0.1716                   1.167923800674628        532.9991567292207
0.0032935                 0.1716                   1.1146869658201792       532.9992042292498
0.0033327499999999998     0.1716                   1.060519234442863        532.9992514398264
0.003372                  0.1716                   1.0054206065426659       532.9992983609503
0.00341125                0.1716                   0.9493922447428065       532.9993449867029
0.0034505                 0.1716                   0.892445797851787        532.999391270005
0.00348975                0.1716                   0.834584150314905        532.9994372015598
0.003529                  0.1716                   0.7758073021321789       532.9994827813675
0.00356825                0.1716                   0.7161152533036573       532.9995280094279
0.0036075                 0.1716                   0.6555104269836142       532.9995728748846
0.00364675                0.1716                   0.5939999919077881       532.9996173624885
0.003686                  0.1716                   0.531587490284979        532.9996614628767
0.00372525                0.1716                   0.46827261631531714      532.9997051749327
0.0037645                 0.1716                   0.4040562819445412       532.9997484969582
0.00380375                0.1716                   0.33894401973468574      532.9997914163334
0.0038429999999999996     0.1716                   0.272936329737979        532.9998339378205
0.00388225                0.1716                   0.206036122104367        532.99987605759
0.0039215                 0.1716                   0.13824524252173712      532.9999177749511
0.00396075                0.1716                   0.06956586014998         532.9999590879003
0.004                     0.1716                   7.454487792374696E-16    533
7.5E-5                    0.1738                   8.198907188212314E-17    532.9933727531449
1.1424999999999999E-4     0.1738                   0.4295393141093          532.9933732145545
1.535E-4                  0.1738                   0.7296884069258373       532.9933747447079
1.9275E-4                 0.1738                   0.9598511268228466       532.9933775304728
2.32E-4                   0.1738                   1.1460911093057118       532.9933817107471
2.7125E-4                 0.1738                   1.3007570314885277       532.9933873874436
3.1049999999999996E-4     0.1738                   1.4345065128489596       532.99339469946
3.4974999999999996E-4     0.1738                   1.5489329981698905       532.9934036605736
3.8899999999999997E-4     0.1738                   1.6510979224072357       532.9934144013756
4.2825E-4                 0.1738                   1.7420572563893353       532.9934269636811
4.675E-4                  0.1738                   1.8221366775403534       532.9934413657587
5.0675E-4                 0.1738                   1.894854606578946        532.9934576880682
5.459999999999999E-4      0.1738                   1.9613647670109315       532.9934759819038
5.852499999999999E-4      0.1738                   2.0216671595041653       532.993496247266
6.245E-4                  0.1738                   2.0757658104249956       532.9935184845384
6.6375E-4                 0.1738                   2.1251987769653504       532.9935427471921
7.03E-4                   0.1738                   2.1706612958840354       532.9935690726442
7.4225E-4                 0.1738                   2.212153365273609        532.9935974608949
7.815E-4                  0.1738                   2.249674984644653        532.9936279119439
8.2075E-4                 0.1738                   2.2837410497417605       532.9936604380051
8.6E-4                    0.1738                   2.314818025155304        532.9936949874242
8.9925E-4                 0.1738                   2.34306898154031         532.9937316085283
9.385E-4                  0.1738                   2.3685249615787773       532.9937703182565
9.7775E-4                 0.1738                   2.3912712470800725       532.9938111113725
0.001017                  0.1738                   2.411679800541496        532.9938539134424
0.00105625                0.1738                   2.4297895523453454       532.993898704962
0.0010955                 0.1738                   2.4456898258840503       532.9939455053765
0.00113475                0.1738                   2.4594594955844467       532.9939943463372
0.001174                  0.1738                   2.471229167326659        532.994045157892
0.00121325                0.1738                   2.4810994159837403       532.9940978702931
0.0012525                 0.1738                   2.489070241554916        532.994152483541
0.00129175                0.1738                   2.4952180057619686       532.9942090083345
0.001331                  0.1738                   2.499660783868481        532.9942673912082
0.00137025                0.1738                   2.5024690066583304       532.9943275558726
0.0014095                 0.1738                   2.503637973613094        532.9943895035346
0.00144875                0.1738                   2.503165848045536        532.9944532379753
0.001488                  0.1738                   2.501180761051641        532.9945186588068
0.00152725                0.1738                   2.497721470777247        532.9945857119078
0.0015665                 0.1738                   2.492800378640927        532.9946543966364
0.00160575                0.1738                   2.486418323373305        532.9947247127392
0.001645                  0.1738                   2.4786469236041206       532.9947965491965
0.00168425                0.1738                   2.4695176423099623       532.9948698146693
0.0017235                 0.1738                   2.459045122921593        532.9949445155947
0.00176275                0.1738                   2.4472410548383516       532.9950206608842
0.001802                  0.1738                   2.434145897125353        532.9950981393039
0.00184125                0.1738                   2.4197919885974564       532.9951768538288
0.0018805                 0.1738                   2.404179329255579        532.9952568044582
0.00191975                0.1738                   2.387319739766461        532.9953379767079
0.001959                  0.1738                   2.3692616933879767       532.9954202422507
0.00199825                0.1738                   2.3500091417588296       532.9955035638928
0.0020375                 0.1738                   2.329561903544929        532.9955879420345
0.00207675                0.1738                   2.3079501253998322       532.9956732950592
0.002116                  0.1738                   2.2851976282501076       532.9957594938452
0.00215525                0.1738                   2.261303848707305        532.9958465508627
0.0021945                 0.1738                   2.236271743203156        532.9959344474375
0.00223375                0.1738                   2.2101243045124432       532.9960231203005
0.002273                  0.1738                   2.182888797415181        532.9961123955649
0.00231225                0.1738                   2.1545663821581695       532.9962022618289
0.0023515                 0.1738                   2.12515625180984         532.9962927282635
0.00239075                0.1738                   2.0946594855599714       532.9963837896947
0.00243                   0.1738                   2.0631067680198565       532.9964753026287
0.00246925                0.1738                   2.030510899146678        532.9965671507842
0.0025085                 0.1738                   1.9968715507313706       532.9966593390533
0.00254775                0.1738                   1.9621884522614415       532.9967518716722
0.002587                  0.1738                   1.9264692399938697       532.9968446987086
0.0026262499999999997     0.1738                   1.8897366256136934       532.9969376568162
0.0026655                 0.1738                   1.8519915660062112       532.9970307499956
0.0027047499999999997     0.1738                   1.8132345960102305       532.9971239652403
0.002744                  0.1738                   1.7734719183802086       532.9972172635203
0.0027832499999999997     0.1738                   1.7327196122193664       532.9973105081211
0.0028225                 0.1738                   1.6909783359362018       532.997403687906
0.0028617499999999997     0.1738                   1.6482476918849203       532.9974968151166
0.002901                  0.1738                   1.604538975565444        532.9975897886254
0.0029402499999999997     0.1738                   1.5598601799002643       532.9976825596383
0.0029795                 0.1738                   1.514212177149181        532.9977751095573
0.0030187499999999997     0.1738                   1.4675976296135322       532.9978674149517
0.003058                  0.1738                   1.4200267991174444       532.9979593888177
0.0030972499999999997     0.1738                   1.3715011653695697       532.9980510115123
0.0031365                 0.1738                   1.3220212110211742       532.9981422843575
0.0031757499999999998     0.1738                   1.2715970983836964       532.9982331237743
0.003215                  0.1738                   1.2202334375826789       532.9983234920173
0.0032542499999999998     0.1738                   1.1679300557537293       532.9984133887211
0.0032935                 0.1738                   1.114687183800403        532.998502809571
0.0033327499999999998     0.1738                   1.0605152707032937       532.9985916674639
0.003372                  0.1738                   1.0054184366698828       532.9986799303392
0.00341125                0.1738                   0.9493966817001749       532.9987675981974
0.0034505                 0.1738                   0.8924500146468263       532.9988546756267
0.00348975                0.1738                   0.8345838435669322       532.9989411189711
0.003529                  0.1738                   0.7758055661003027       532.9990268851554
0.00356825                0.1738                   0.7161148177946034       532.9991119757071
0.0036075                 0.1738                   0.6555115986498313       532.9991963906261
0.00364675                0.1738                   0.5940018174344466       532.9992800932683
0.003686                  0.1738                   0.531589066996279        532.9993630648735
0.00372525                0.1738                   0.46827334310307855      532.9994453054742
0.0037645                 0.1738                   0.40405729047629374      532.9995268047421
0.00380375                0.1738                   0.338944852226818        532.9996075599553
0.0038429999999999996     0.1738                   0.2729369749558044       532.9996875640891
0.00388225                0.1738                   0.206036653691068        532.9997668091257
0.0039215                 0.1738                   0.1382455952320628       532.9998452949349
0.00396075                0.1738                   0.0695660319733924       532.9999230258147
0.004                     0.1738                   2.466132822868514E-16    532.9999999999999
7.5E-5                    0.17600000000000002      0                        532.9875341042128
1.1424999999999999E-4     0.17600000000000002      0.4295368036667554       532.9875349716132
1.535E-4                  0.17600000000000002      0.7296234756420912       532.9875378465887
1.9275E-4                 0.17600000000000002      0.9597538178932813       532.9875430806374
2.32E-4                   0.17600000000000002      1.146226113301584        532.9875509425887
2.7125E-4                 0.17600000000000002      1.300869182264314        532.98756161877
3.1049999999999996E-4     0.17600000000000002      1.4343352443224897       532.9875753526521
3.4974999999999996E-4     0.17600000000000002      1.5489986428255837       532.9875922153708
3.8899999999999997E-4     0.17600000000000002      1.651267880280315        532.9876124187505
4.2825E-4                 0.17600000000000002      1.7415441190616778       532.9876360192754
4.675E-4                  0.17600000000000002      1.821868482401982        532.9876631278202
5.0675E-4                 0.17600000000000002      1.8952455912457622       532.9876938673564
5.459999999999999E-4      0.17600000000000002      1.9616754519366097       532.9877282378843
5.852499999999999E-4      0.17600000000000002      2.021149873948515        532.9877662722963
6.245E-4                  0.17600000000000002      2.0754912739774745       532.9878081104148
6.6375E-4                 0.17600000000000002      2.1254561416801026       532.9878538063866
7.03E-4                   0.17600000000000002      2.170984679193412        532.9879033525582
7.4225E-4                 0.17600000000000002      2.212084462448213        532.9879567489556
7.815E-4                  0.17600000000000002      2.2494920285479387       532.9880139591937
8.2075E-4                 0.17600000000000002      2.2836243136339824       532.988075106384
8.6E-4                    0.17600000000000002      2.314831308256771        532.9881401171232
8.9925E-4                 0.17600000000000002      2.3431167899791254       532.9882090172364
9.385E-4                  0.17600000000000002      2.36845914190555         532.9882818472992
9.7775E-4                 0.17600000000000002      2.3912300635354278       532.988358530635
0.001017                  0.17600000000000002      2.4116784962238182       532.9884389990182
0.00105625                0.17600000000000002      2.429804439959609        532.9885232524485
0.0010955                 0.17600000000000002      2.4456313762129938       532.9886113568731
0.00113475                0.17600000000000002      2.459385908775755        532.9887031702613
0.001174                  0.17600000000000002      2.4712022288865794       532.9887986824635
0.00121325                0.17600000000000002      2.4810788593139703       532.9888978312935
0.0012525                 0.17600000000000002      2.4890159124394873       532.9890006172783
0.00129175                0.17600000000000002      2.4951659240992354       532.9891069924005
0.001331                  0.17600000000000002      2.4996450121349567       532.9892167476063
0.00137025                0.17600000000000002      2.5024531765462417       532.9893298828953
0.0014095                 0.17600000000000002      2.5035867241251664       532.9894464745751
0.00144875                0.17600000000000002      2.503118979986383        532.989566337472
0.001488                  0.17600000000000002      2.5011581640248495       532.9896893785349
0.00152725                0.17600000000000002      2.4977073766234064       532.9898155215307
0.0015665                 0.17600000000000002      2.4927667365672264       532.9899447617512
0.00160575                0.17600000000000002      2.486374538245357        532.9900770447156
0.001645                  0.17600000000000002      2.4786182970504784       532.9902121017608
0.00168425                0.17600000000000002      2.469500320126541        532.990349901262
0.0017235                 0.17600000000000002      2.459020425907988        532.9904904519568
0.00176275                0.17600000000000002      2.4472031374634          532.990633694434
0.001802                  0.17600000000000002      2.434119778072832        532.990779352349
0.00184125                0.17600000000000002      2.419771370192053        532.9909274024337
0.0018805                 0.17600000000000002      2.4041579138207467       532.9910778446879
0.00191975                0.17600000000000002      2.3872987528340333       532.9912305936716
0.001959                  0.17600000000000002      2.369241123140471        532.9913853403258
0.00199825                0.17600000000000002      2.3499862438758803       532.9915420637878
0.0020375                 0.17600000000000002      2.3295419529994286       532.9917007768569
0.00207675                0.17600000000000002      2.3079326137317073       532.9918613206682
0.002116                  0.17600000000000002      2.2851797729386925       532.9920234840073
0.00215525                0.17600000000000002      2.2612822341252166       532.9921872543584
0.0021945                 0.17600000000000002      2.2362518645436906       532.9923525891999
0.00223375                0.17600000000000002      2.2101168094839605       532.9925192224291
0.002273                  0.17600000000000002      2.182882159954172        532.9926871368325
0.00231225                0.17600000000000002      2.154547915954232        532.9928563324106
0.0023515                 0.17600000000000002      2.1251310317389915       532.993026619242
0.00239075                0.17600000000000002      2.094649848746504        532.9931977723785
0.00243                   0.17600000000000002      2.0631054283621975       532.9933697914523
0.00246925                0.17600000000000002      2.030501153900849        532.9935426802367
0.0025085                 0.17600000000000002      1.9968559605635818       532.9937161888785
0.00254775                0.17600000000000002      1.9621778519454174       532.9938901939774
0.002587                  0.17600000000000002      1.926466253801962        532.9940647011384
0.0026262499999999997     0.17600000000000002      1.8897278918445375       532.9942396587965
0.0026655                 0.17600000000000002      1.8519824554306539       532.9944147779513
0.0027047499999999997     0.17600000000000002      1.8132301466731289       532.9945900619384
0.002744                  0.17600000000000002      1.773470932291763        532.9947655120966
0.0027832499999999997     0.17600000000000002      1.7327136586822276       532.9949409808355
0.0028225                 0.17600000000000002      1.6909707475524578       532.9951162808724
0.0028617499999999997     0.17600000000000002      1.648244767413643        532.9952914035612
0.002901                  0.17600000000000002      1.6045400937299776       532.9954662650285
0.0029402499999999997     0.17600000000000002      1.5598589012616269       532.9956408149828
0.0029795                 0.17600000000000002      1.5142099027037337       532.9958149085595
0.0030187499999999997     0.17600000000000002      1.4675964873744358       532.995988515432
0.003058                  0.17600000000000002      1.4200262525495675       532.9961615250628
0.0030972499999999997     0.17600000000000002      1.3715002499495206       532.996333896103
0.0031365                 0.17600000000000002      1.3220219187126219       532.9965055521817
0.0031757499999999998     0.17600000000000002      1.2715990231646745       532.9966764252742
0.003215                  0.17600000000000002      1.2202344631120048       532.9968464341306
0.0032542499999999998     0.17600000000000002      1.1679296070706382       532.9970155389385
0.0032935                 0.17600000000000002      1.1146864647218904       532.9971837557946
0.0033327499999999998     0.17600000000000002      1.0605166676047706       532.9973508779426
0.003372                  0.17600000000000002      1.005421431600012        532.9975168766738
0.00341125                0.17600000000000002      0.9494001477867694       532.9976817814828
0.0034505                 0.17600000000000002      0.8924525114272399       532.9978456048325
0.00348975                0.17600000000000002      0.8345865681613039       532.9980082105596
0.003529                  0.17600000000000002      0.775808161841367        532.9981695454297
0.00356825                0.17600000000000002      0.7161174056113875       532.9983296082115
0.0036075                 0.17600000000000002      0.6555145779633205       532.9984883817802
0.00364675                0.17600000000000002      0.5940039598050822       532.9986458333108
0.003686                  0.17600000000000002      0.5315909076041667       532.9988019057321
0.00372525                0.17600000000000002      0.46827528213678404      532.9989565982407
0.0037645                 0.17600000000000002      0.4040588446423815       532.9991099059282
0.00380375                0.17600000000000002      0.3389464072243797       532.9992618066299
0.0038429999999999996     0.17600000000000002      0.2729382687633803       532.9994122993817
0.00388225                0.17600000000000002      0.20603762852731897      532.9995613638106
0.0039215                 0.17600000000000002      0.13824628875217398      532.9997089973203
0.00396075                0.17600000000000002      0.06956639675657778      532.999855210193
0.004                     0.17600000000000002      1.8176079161035879E-16   533
7.5E-5                    0.1782                   8.24071612702043E-17     532.9765577474774
1.1424999999999999E-4     0.1782                   0.42949797769528986      532.976559379457
1.535E-4                  0.1782                   0.7296656053076757       532.9765647945652
1.9275E-4                 0.1782                   0.9598166079171693       532.9765746379735
2.32E-4                   0.1782                   1.146058283236468        532.9765894190457
2.7125E-4                 0.1782                   1.300899582152765        532.9766095058902
3.1049999999999996E-4     0.1782                   1.4342558878521363       532.9766353305522
3.4974999999999996E-4     0.1782                   1.5486991542549409       532.9766670114501
3.8899999999999997E-4     0.1782                   1.6511236310530601       532.9767050446695
4.2825E-4                 0.1782                   1.7419625985410856       532.9767494757431
4.675E-4                  0.1782                   1.8219488885067914       532.9768003569503
5.0675E-4                 0.1782                   1.8949902637823814       532.9768580951858
5.459999999999999E-4      0.1782                   1.9614931801975932       532.9769227941772
5.852499999999999E-4      0.1782                   2.021457639458336        532.9769944539245
6.245E-4                  0.1782                   2.07540598334657         532.9770730748853
6.6375E-4                 0.1782                   2.125275506821148        532.9771589447396
7.03E-4                   0.1782                   2.170813732010174        532.9772520772754
7.4225E-4                 0.1782                   2.211999049595509        532.9773524598021
7.815E-4                  0.1782                   2.249305871321986        532.9774602022774
8.2075E-4                 0.1782                   2.2835942607635875       532.977575186517
8.6E-4                    0.1782                   2.3148470231926725       532.9776973545119
8.9925E-4                 0.1782                   2.343120179693406        532.9778269000311
9.385E-4                  0.1782                   2.368424695122255        532.9779638692927
9.7775E-4                 0.1782                   2.3911266195905814       532.9781080797356
0.001017                  0.1782                   2.4115761699183738       532.9782594445131
0.00105625                0.1782                   2.429748921038885        532.9784179860553
0.0010955                 0.1782                   2.4456466076482997       532.9785835756933
0.00113475                0.1782                   2.459340999330732        532.9787563075424
0.001174                  0.1782                   2.4711182112792933       532.9789359043677
0.00121325                0.1782                   2.481001511710337        532.9791222629269
0.0012525                 0.1782                   2.4889895692169843       532.9793155156046
0.00129175                0.1782                   2.4951216820201925       532.979515557109
0.001331                  0.1782                   2.499579553667547        532.9797220081207
0.00137025                0.1782                   2.5023838655788198       532.979934850132
0.0014095                 0.1782                   2.5035340750464634       532.9801540142031
0.00144875                0.1782                   2.5030657765695885       532.9803794942111
0.001488                  0.1782                   2.501101032531681        532.9806108162106
0.00152725                0.1782                   2.4976490983814825       532.9808479866482
0.0015665                 0.1782                   2.492710001977857        532.981091048521
0.00160575                0.1782                   2.486324166903139        532.9813397868103
0.001645                  0.1782                   2.478570101658844        532.9815937510823
0.00168425                0.1782                   2.46944939960013         532.9818529281749
0.0017235                 0.1782                   2.4589621019367778       532.9821173118575
0.00176275                0.1782                   2.447159949899522        532.9823865990661
0.001802                  0.1782                   2.434081370250688        532.9826604797221
0.00184125                0.1782                   2.419726237998461        532.9829389612805
0.0018805                 0.1782                   2.404102144002356        532.9832219491509
0.00191975                0.1782                   2.3872580218782122       532.9835089741714
0.001959                  0.1782                   2.369202617504762        532.9837999758971
0.00199825                0.1782                   2.3499415809271555       532.9840948204197
0.0020375                 0.1782                   2.329505810789801        532.9843931760946
0.00207675                0.1782                   2.307902920509289        532.984694974519
0.002116                  0.1782                   2.2851402892849175       532.9850001079033
0.00215525                0.1782                   2.2612464859296386       532.9853080598184
0.0021945                 0.1782                   2.236228738505741        532.9856187886109
0.00223375                0.1782                   2.210091160380848        532.985932277826
0.002273                  0.1782                   2.1828465606283807       532.986248301834
0.00231225                0.1782                   2.154520552453196        532.9865663229186
0.0023515                 0.1782                   2.125113845924383        532.9868863188592
0.00239075                0.1782                   2.0946271671024035       532.9872082789011
0.00243                   0.1782                   2.0630775400505317       532.9875318967029
0.00246925                0.1782                   2.030483015523098        532.9878567934867
0.0025085                 0.1782                   1.9968429029585462       532.9881829887408
0.00254775                0.1782                   1.9621582725995497       532.9885104475832
0.002587                  0.1782                   1.9264478462715995       532.9888386527509
0.0026262499999999997     0.1782                   1.889718133857533        532.9891674556834
0.0026655                 0.1782                   1.8519731613943256       532.9894967965852
0.0027047499999999997     0.1782                   1.8132148731236377       532.9898266452908
0.002744                  0.1782                   1.7734579167299824       532.9901565695303
0.0027832499999999997     0.1782                   1.7327089377714964       532.9904863543996
0.0028225                 0.1782                   1.6909679362481775       532.9908159998993
0.0028617499999999997     0.1782                   1.6482367667745899       532.9911454598979
0.002901                  0.1782                   1.6045308673565055       532.9914743213101
0.0029402499999999997     0.1782                   1.5598552512597237       532.9918024249956
0.0029795                 0.1782                   1.514209678859926        532.9921297836793
0.0030187499999999997     0.1782                   1.4675951535981646       532.9924563469475
0.003058                  0.1782                   1.4200236868142124       532.9927817074226
0.0030972499999999997     0.1782                   1.3714987838246409       532.9931058315663
0.0031365                 0.1782                   1.3220240663139324       532.9934285990576
0.0031757499999999998     0.1782                   1.2715997307772045       532.9937499880097
0.003215                  0.1782                   1.2202335158219617       532.9940697537162
0.0032542499999999998     0.1782                   1.16793178014929         532.9943877180475
0.0032935                 0.1782                   1.1146945237591377       532.994703881004
0.0033327499999999998     0.1782                   1.0605226274390624       532.9950182045126
0.003372                  0.1782                   1.005421302517346        532.9953305618975
0.00341125                0.1782                   0.9493992845192485       532.9956406873913
0.0034505                 0.1782                   0.89245654034634         532.9959486219107
0.00348975                0.1782                   0.8345930699980305       532.996254365455
0.003529                  0.1782                   0.7758116360430679       532.9965578243566
0.00356825                0.1782                   0.7161198997355279       532.9968588267492
0.0036075                 0.1782                   0.6555186044371539       532.997157388359
0.00364675                0.1782                   0.5940083519197409       532.9974534497926
0.003686                  0.1782                   0.531594272087861        532.9977469671003
0.00372525                0.1782                   0.46827866808843793      532.9980378673076
0.0037645                 0.1782                   0.4040620010649956       532.9983261668302
0.00380375                0.1782                   0.33894900405482603      532.9986118219937
0.0038429999999999996     0.1782                   0.27294052552449366      532.998894825462
0.00388225                0.1782                   0.20603942759036303      532.9991751375657
0.0039215                 0.1782                   0.13824754904678774      532.9994527613134
0.00396075                0.1782                   0.069567055322787        532.9997277202211
0.004                     0.1782                   4.863597767531037E-16    533
7.5E-5                    0.1804                   4.102073049609181E-17    532.9559204317682
1.1424999999999999E-4     0.1804                   0.42950022283369865      532.9559235006831
1.535E-4                  0.1804                   0.7296694982141154       532.9559336875975
1.9275E-4                 0.1804                   0.9597960277971707       532.955952185569
2.32E-4                   0.1804                   1.1460078874233215       532.955979972015
2.7125E-4                 0.1804                   1.300891272295361        532.9560177606447
3.1049999999999996E-4     0.1804                   1.4342146651771988       532.956066307087
3.4974999999999996E-4     0.1804                   1.5486193960413637       532.9561258285657
3.8899999999999997E-4     0.1804                   1.6511241075569967       532.9561973679535
4.2825E-4                 0.1804                   1.7420490979823247       532.9562809765356
4.675E-4                  0.1804                   1.82202684514117         532.9563767364614
5.0675E-4                 0.1804                   1.8945156684852498       532.9564850712296
5.459999999999999E-4      0.1804                   1.960820639181224        532.9566065738678
5.852499999999999E-4      0.1804                   2.021156159434396        532.9567413809431
6.245E-4                  0.1804                   2.0755260490702616       532.9568894954284
6.6375E-4                 0.1804                   2.125076953191915        532.9570511358103
7.03E-4                   0.1804                   2.170459879063579        532.9572261559829
7.4225E-4                 0.1804                   2.211809397565498        532.9574146309698
7.815E-4                  0.1804                   2.2495252750410457       532.9576170311127
8.2075E-4                 0.1804                   2.2836642722748812       532.9578334057869
8.6E-4                    0.1804                   2.314808436536094        532.958063480267
8.9925E-4                 0.1804                   2.343070165925986        532.9583071928199
9.385E-4                  0.1804                   2.3684494603963757       532.9585645434458
9.7775E-4                 0.1804                   2.391018527900828        532.9588355316388
0.001017                  0.1804                   2.4114410562291693       532.9591200844775
0.00105625                0.1804                   2.4295996253630174       532.9594181164316
0.0010955                 0.1804                   2.4454942353093774       532.9597296275011
0.00113475                0.1804                   2.4592394149963903       532.9600545008382
0.001174                  0.1804                   2.4710200153714106       532.9603921754316
0.00121325                0.1804                   2.4808572578231622       532.9607426345793
0.0012525                 0.1804                   2.4888305694254007       532.9611060755841
0.00129175                0.1804                   2.4950046437818845       532.9614821649361
0.001331                  0.1804                   2.4994897636835196       532.9618703130313
0.00137025                0.1804                   2.502286752188212        532.9622705155504
0.0014095                 0.1804                   2.503397229016731        532.9626827703152
0.00144875                0.1804                   2.5029577215681593       532.9631065193521
0.001488                  0.1804                   2.5010057828359975       532.963541499362
0.00152725                0.1804                   2.497542392179319        532.9639877047161
0.0015665                 0.1804                   2.4925965152926297       532.9644449174971
0.00160575                0.1804                   2.486238350913389        532.9649123035837
0.001645                  0.1804                   2.478474792515776        532.9653897707708
0.00168425                0.1804                   2.4693406426470332       532.9658773133068
0.0017235                 0.1804                   2.4588618017735704       532.96637453144
0.00176275                0.1804                   2.447084646989965        532.9668806382617
0.001802                  0.1804                   2.434003070980959        532.9673957264954
0.00184125                0.1804                   2.419630288344921        532.9679195777477
0.0018805                 0.1804                   2.4040164340647703       532.9684514792777
0.00191975                0.1804                   2.387183837429023        532.9689910645445
0.001959                  0.1804                   2.369133802061392        532.9695382826623
0.00199825                0.1804                   2.349876873104541        532.9700927488344
0.0020375                 0.1804                   2.329430861264141        532.9706539549044
0.00207675                0.1804                   2.3078297687277187       532.9712214613003
0.002116                  0.1804                   2.2850824172048574       532.9717948147679
0.00215525                0.1804                   2.2611887011457177       532.9723740261603
0.0021945                 0.1804                   2.2361613431145395       532.9729587318
0.00223375                0.1804                   2.210033024216439        532.973547965306
0.002273                  0.1804                   2.1828039835243045       532.9741417319021
0.00231225                0.1804                   2.154474221038385        532.9747400315886
0.0023515                 0.1804                   2.1250626190715214       532.9753419871912
0.00239075                0.1804                   2.094581373734141        532.9759473951681
0.00243                   0.1804                   2.063043526648817        532.9765557007507
0.00246925                0.1804                   2.0304505870935037       532.9771667411015
0.0025085                 0.1804                   1.9968058272368658       532.9777802746818
0.00254775                0.1804                   1.96212436859328         532.978395934428
0.002587                  0.1804                   1.9264215624316425       532.9790128533367
0.0026262499999999997     0.1804                   1.889695721663173        532.9796311465497
0.0026655                 0.1804                   1.8519473540009228       532.9802507886096
0.0027047499999999997     0.1804                   1.8131936896063083       532.9808708818538
0.002744                  0.1804                   1.773442553219755        532.9814910234459
0.0027832499999999997     0.1804                   1.7326939448412875       532.982111213386
0.0028225                 0.1804                   1.690950012185744        532.9827313094861
0.0028617499999999997     0.1804                   1.6482261622526295       532.9833505328436
0.002901                  0.1804                   1.6045252628241622       532.9839687747561
0.0029402499999999997     0.1804                   1.559847313900299        532.9845860352239
0.0029795                 0.1804                   1.5141987886033446       532.9852018840357
0.0030187499999999997     0.1804                   1.4675913519214874       532.9858156284429
0.003058                  0.1804                   1.4200250758660458       532.9864272648988
0.0030972499999999997     0.1804                   1.3714999604370355       532.9870367934029
0.0031365                 0.1804                   1.322020242640478        532.9876439574745
0.0031757499999999998     0.1804                   1.2715994720323833       532.9882481144483
0.003215                  0.1804                   1.2202389194042194       532.9888491175014
0.0032542499999999998     0.1804                   1.1679385847556105       532.9894469666332
0.0032935                 0.1804                   1.1146984680865872       532.990041661844
0.0033327499999999998     0.1804                   1.0605254971275802       532.9906327362125
0.003372                  0.1804                   1.0054285352654968       532.9912198960726
0.00341125                0.1804                   0.9494073798815068       532.9918030650226
0.0034505                 0.1804                   0.8924620152587126       532.9923822384874
0.00348975                0.1804                   0.8345975358504713       532.9929571360707
0.003529                  0.1804                   0.7758194344744648       532.9935276288022
0.00356825                0.1804                   0.7161281919517132       532.9940936198317
0.0036075                 0.1804                   0.6555245908008497       532.9946550400847
0.00364675                0.1804                   0.5940146915823429       532.9952117431694
0.003686                  0.1804                   0.531601409875037        532.9957635571627
0.00372525                0.1804                   0.4682847510825058       532.9963105823886
0.0037645                 0.1804                   0.4040676355418316       532.9968526918416
0.00380375                0.1804                   0.3389542024678594       532.9973898083309
0.0038429999999999996     0.1804                   0.2729447232829178       532.9979219336414
0.00388225                0.1804                   0.2060427364345213       532.9984490103507
0.0039215                 0.1804                   0.13824985420861702      532.9989710260362
0.00396075                0.1804                   0.06956825636183753      532.9994880311112
0.004                     0.1804                   9.43288523580224E-16     533
7.5E-5                    0.1826                   4.1274572779183655E-17   532.9171301399963
1.1424999999999999E-4     0.1826                   0.4294393790528044       532.9171359013765
1.535E-4                  0.1826                   0.7295378911892816       532.9171550333072
1.9275E-4                 0.1826                   0.9596919775437365       532.9171898092803
2.32E-4                   0.1826                   1.1459228299406898       532.9172420377838
2.7125E-4                 0.1826                   1.3006856204223674       532.9173130848693
3.1049999999999996E-4     0.1826                   1.434162569878364        532.9174043502134
3.4974999999999996E-4     0.1826                   1.5485058042909259       532.9175162021777
3.8899999999999997E-4     0.1826                   1.6508853793878024       532.9176506355183
4.2825E-4                 0.1826                   1.7417885923673486       532.9178077774058
4.675E-4                  0.1826                   1.8218622780827063       532.9179878586434
5.0675E-4                 0.1826                   1.894622976874862        532.9181917969063
5.459999999999999E-4      0.1826                   1.9608078373215954       532.9184199614758
5.852499999999999E-4      0.1826                   2.0210576136233267       532.9186732847106
6.245E-4                  0.1826                   2.075389226038526        532.9189517893559
6.6375E-4                 0.1826                   2.1249187717075735       532.9192556442794
7.03E-4                   0.1826                   2.1703139045680646       532.9195847810826
7.4225E-4                 0.1826                   2.2115746245720524       532.9199391997656
7.815E-4                  0.1826                   2.2491918999333675       532.920319543859
8.2075E-4                 0.1826                   2.2833011316472787       532.9207262464577
8.6E-4                    0.1826                   2.314448402325724        532.9211587385357
8.9925E-4                 0.1826                   2.34277152846285         532.9216169194282
9.385E-4                  0.1826                   2.368266216216437        532.9221007876799
9.7775E-4                 0.1826                   2.3908582626501254       532.9226103294783
0.001017                  0.1826                   2.411216449382594        532.923145335278
0.00105625                0.1826                   2.429365592936156        532.923705548925
0.0010955                 0.1826                   2.4453076799093076       532.9242909988011
0.00113475                0.1826                   2.459042710300874        532.9249016849061
0.001174                  0.1826                   2.4708039993541284       532.9255369666218
0.00121325                0.1826                   2.4806495209659047       532.9261959103604
0.0012525                 0.1826                   2.4886351307583103       532.9268787072444
0.00129175                0.1826                   2.494804458810377        532.9275856829671
0.001331                  0.1826                   2.4992544911242547       532.9283158341614
0.00137025                0.1826                   2.5020625724841405       532.9290682468145
0.0014095                 0.1826                   2.5032287028920197       532.9298429209266
0.00144875                0.1826                   2.5027592135937846       532.9306398166465
0.001488                  0.1826                   2.5007873278767074       532.9314577504856
0.00152725                0.1826                   2.4973388497599767       532.93229629811
0.0015665                 0.1826                   2.4924139063696362       532.9331554585995
0.00160575                0.1826                   2.4860403456257485       532.9340348119355
0.001645                  0.1826                   2.4782898478619          532.934932665452
0.00168425                0.1826                   2.4691656319342905       532.9358488366786
0.0017235                 0.1826                   2.458692509376136        532.9367833848864
0.00176275                0.1826                   2.4468957606385695       532.9377355451362
0.001802                  0.1826                   2.433827365593519        532.9387037381271
0.00184125                0.1826                   2.4194811983232634       532.9396881443894
0.0018805                 0.1826                   2.403864813280131        532.9406886469019
0.00191975                0.1826                   2.3870320367397713       532.9417033111115
0.001959                  0.1826                   2.3689878710086116       532.9427317107429
0.00199825                0.1826                   2.34973852617117         532.9437739272283
0.0020375                 0.1826                   2.329296279574488        532.9448292879243
0.00207675                0.1826                   2.3077031049321692       532.9458961509963
0.002116                  0.1826                   2.284961916807691        532.9469742879544
0.00215525                0.1826                   2.2610728965525513       532.9480632573575
0.0021945                 0.1826                   2.2360547569343936       532.9491621008166
0.00223375                0.1826                   2.209927355196246        532.9502704408121
0.002273                  0.1826                   2.1827044188578344       532.9513867559574
0.00231225                0.1826                   2.154386476978099        532.9525109495586
0.0023515                 0.1826                   2.1249758648194956       532.9536429410084
0.00239075                0.1826                   2.0945011207606865       532.9547810220564
0.00243                   0.1826                   2.062969300156262        532.9559245116781
0.00246925                0.1826                   2.0303804030061974       532.9570734098731
0.0025085                 0.1826                   1.9967422477362602       532.9582270317267
0.00254775                0.1826                   1.9620699882807184       532.9593840015192
0.002587                  0.1826                   1.926367851072876        532.9605440934668
0.0026262499999999997     0.1826                   1.8896423669105475       532.9617068916872
0.0026655                 0.1826                   1.8519036776644864       532.9628713406784
0.0027047499999999997     0.1826                   1.8131596745519594       532.9640365988314
0.002744                  0.1826                   1.7734088688113914       532.965202871997
0.0027832499999999997     0.1826                   1.7326596239997862       532.9663692473615
0.0028225                 0.1826                   1.6909244559217158       532.9675346809327
0.0028617499999999997     0.1826                   1.6482062659010934       532.9686988012361
0.002901                  0.1826                   1.6045058432589812       532.9698614992443
0.0029402499999999997     0.1826                   1.5598329375203017       532.9710216662106
0.0029795                 0.1826                   1.5141902819623867       532.9721790610945
0.0030187499999999997     0.1826                   1.4675832492712568       532.9733330575941
0.003058                  0.1826                   1.4200145787856038       532.9744834728418
0.0030972499999999997     0.1826                   1.371494448152972        532.9756292156092
0.0031365                 0.1826                   1.3220252346081405       532.9767700037764
0.0031757499999999998     0.1826                   1.271606750380842        532.9779058687632
0.003215                  0.1826                   1.2202395641371206       532.9790366224786
0.0032542499999999998     0.1826                   1.1679372393449639       532.9801609558327
0.0032935                 0.1826                   1.1147035463817818       532.9812785150053
0.0033327499999999998     0.1826                   1.06053848524752         532.9823892999966
0.003372                  0.1826                   1.0054421071872117       532.9834933004446
0.00341125                0.1826                   0.9494206036801577       532.9845896938612
0.0034505                 0.1826                   0.8924756640929341       532.9856785488612
0.00348975                0.1826                   0.8346122252286022       532.986759490308
0.003529                  0.1826                   0.7758342123873143       532.9878319618817
0.00356825                0.1826                   0.7161428390173394       532.988895938201
0.0036075                 0.1826                   0.6555407047654718       532.9899513198403
0.00364675                0.1826                   0.5940281260534498       532.9909980593823
0.003686                  0.1826                   0.5316133765605285       532.992035606199
0.00372525                0.1826                   0.4682964029277782       532.9930638959725
0.0037645                 0.1826                   0.40407823097274875      532.9940830712677
0.00380375                0.1826                   0.3389633733618331       532.9950928524349
0.0038429999999999996     0.1826                   0.2729526645317451       532.9960932291036
0.00388225                0.1826                   0.2060489546595861       532.9970841413872
0.0039215                 0.1826                   0.1382541885177516       532.9980655355093
0.00396075                0.1826                   0.06957052116052548      532.9990374995647
0.004                     0.1826                   1.1833954916193568E-15   533
7.5E-5                    0.18480000000000002      8.271522974856401E-17    532.8442395221854
1.1424999999999999E-4     0.18480000000000002      0.4293515723995744       532.8442503475732
1.535E-4                  0.18480000000000002      0.7292819007099168       532.8442863173038
1.9275E-4                 0.18480000000000002      0.9593802322082918       532.8443516613377
2.32E-4                   0.18480000000000002      1.1458624793297207       532.8444498664935
2.7125E-4                 0.18480000000000002      1.3004171417072894       532.8445832525861
3.1049999999999996E-4     0.18480000000000002      1.4338612595658826       532.8447547117047
3.4974999999999996E-4     0.18480000000000002      1.5484443744734733       532.8449652242833
3.8899999999999997E-4     0.18480000000000002      1.6504673387579136       532.845217758218
4.2825E-4                 0.18480000000000002      1.7413344970975209       532.8455129151881
4.675E-4                  0.18480000000000002      1.8215108686906705       532.8458508551644
5.0675E-4                 0.18480000000000002      1.8944594833431825       532.8462345299399
5.459999999999999E-4      0.18480000000000002      1.9609531808000986       532.8466644727052
5.852499999999999E-4      0.18480000000000002      2.0209922250925425       532.8471405622822
6.245E-4                  0.18480000000000002      2.074801496112455        532.8476634588349
6.6375E-4                 0.18480000000000002      2.124259813760456        532.8482335461002
7.03E-4                   0.18480000000000002      2.16979241326891         532.8488519031106
7.4225E-4                 0.18480000000000002      2.2114047455716483       532.8495188107064
7.815E-4                  0.18480000000000002      2.2490968099363116       532.8502342688876
8.2075E-4                 0.18480000000000002      2.282954030260964        532.8509984100715
8.6E-4                    0.18480000000000002      2.3139484071237937       532.8518112998611
8.9925E-4                 0.18480000000000002      2.3421948033760045       532.8526721403219
9.385E-4                  0.18480000000000002      2.367693218955967        532.8535809314544
9.7775E-4                 0.18480000000000002      2.390502851149007        532.854538975025
0.001017                  0.18480000000000002      2.4108018608463584       532.855544996303
0.00105625                0.18480000000000002      2.428931142613844        532.8565981213134
0.0010955                 0.18480000000000002      2.444885055251291        532.8576985107812
0.00113475                0.18480000000000002      2.4586489206233          532.8588458794998
0.001174                  0.18480000000000002      2.4703741720949095       532.8600400461288
0.00121325                0.18480000000000002      2.4802295916178094       532.8612784010222
0.0012525                 0.18480000000000002      2.4882468064491454       532.8625618388675
0.00129175                0.18480000000000002      2.494431155419032        532.8638905253664
0.001331                  0.18480000000000002      2.498856779117152        532.8652634325737
0.00137025                0.18480000000000002      2.5016540809675374       532.8666777655352
0.0014095                 0.18480000000000002      2.5028237543609047       532.8681333684078
0.00144875                0.18480000000000002      2.5023930333558617       532.8696309163664
0.001488                  0.18480000000000002      2.5004091118202663       532.8711691894193
0.00152725                0.18480000000000002      2.4969646884269596       532.8727454253029
0.0015665                 0.18480000000000002      2.4920610621052077       532.874359578008
0.00160575                0.18480000000000002      2.4856928916525622       532.876011645525
0.001645                  0.18480000000000002      2.477933119830838        532.877699834225
0.00168425                0.18480000000000002      2.468824391343093        532.8794217425553
0.0017235                 0.18480000000000002      2.4583744922687907       532.8811776859246
0.00176275                0.18480000000000002      2.446584771408603        532.8829676415551
0.001802                  0.18480000000000002      2.4335092543217716       532.8847886033686
0.00184125                0.18480000000000002      2.4191742433093646       532.886638499491
0.0018805                 0.18480000000000002      2.403584083488023        532.8885173316394
0.00191975                0.18480000000000002      2.3867499140572948       532.890425407091
0.001959                  0.18480000000000002      2.368709031788999        532.8923594900007
0.00199825                0.18480000000000002      2.3494783354903803       532.8943178981474
0.0020375                 0.18480000000000002      2.329057825161841        532.8963006315316
0.00207675                0.18480000000000002      2.30746333418132         532.8983068624693
0.002116                  0.18480000000000002      2.284729980789596        532.9003332265535
0.00215525                0.18480000000000002      2.2608606434554335       532.9023792097039
0.0021945                 0.18480000000000002      2.235854967106834        532.9044448715075
0.00223375                0.18480000000000002      2.2097347504451834       532.9065280698707
0.002273                  0.18480000000000002      2.1825190559354635       532.9086263421518
0.00231225                0.18480000000000002      2.154212332972022        532.910739458279
0.0023515                 0.18480000000000002      2.124815476449978        532.9128673472379
0.00239075                0.18480000000000002      2.094351030043361        532.9150068404664
0.00243                   0.18480000000000002      2.0628289437733294       532.9171561851605
0.00246925                0.18480000000000002      2.0302503369124554       532.9193152656862
0.0025085                 0.18480000000000002      1.9966198973623916       532.9214839289034
0.00254775                0.18480000000000002      1.9619574351419742       532.9236588885758
0.002587                  0.18480000000000002      1.9262701738198813       532.9258386978444
0.0026262499999999997     0.18480000000000002      1.8895568970235408       532.9280237076116
0.0026655                 0.18480000000000002      1.851821680077239        532.930213197413
0.0027047499999999997     0.18480000000000002      1.8130829360555014       532.9324038681427
0.002744                  0.18480000000000002      1.7733445626948443       532.9345952694814
0.0027832499999999997     0.18480000000000002      1.732607484938682        532.9367871950602
0.0028225                 0.18480000000000002      1.6908755692339366       532.9389788203644
0.0028617499999999997     0.18480000000000002      1.6481637594530092       532.9411671002692
0.002901                  0.18480000000000002      1.6044735410573367       532.9433517524069
0.0029402499999999997     0.18480000000000002      1.5598059913966735       532.9455324786795
0.0029795                 0.18480000000000002      1.5141668970423028       532.9477084757232
0.0030187499999999997     0.18480000000000002      1.4675682317265824       532.9498770376978
0.003058                  0.18480000000000002      1.4200095122786678       532.9520385336417
0.0030972499999999997     0.18480000000000002      1.3714907928930322       532.9541929482652
0.0031365                 0.18480000000000002      1.3220223344349507       532.9563379019573
0.0031757499999999998     0.18480000000000002      1.2716095323573748       532.9584725942286
0.003215                  0.18480000000000002      1.2202533038462802       532.9605966471769
0.0032542499999999998     0.18480000000000002      1.1679546931823634       532.9627098097901
0.0032935                 0.18480000000000002      1.1147170594136937       532.9648118037358
0.0033327499999999998     0.18480000000000002      1.0605523173357951       532.9669001801204
0.003372                  0.18480000000000002      1.0054615127771587       532.9689745477433
0.00341125                0.18480000000000002      0.9494446457381284       532.9710349066048
0.0034505                 0.18480000000000002      0.8925017162192629       532.9730812567047
0.00348975                0.18480000000000002      0.8346344321505642       532.975113416248
0.003529                  0.18480000000000002      0.7758565804302889       532.9771293627736
0.00356825                0.18480000000000002      0.7161669242467381       532.9791291101757
0.0036075                 0.18480000000000002      0.6555654325990339       532.9811126786914
0.00364675                0.18480000000000002      0.5940521731850513       532.9830800611678
0.003686                  0.18480000000000002      0.5316363239273106       532.9850301164128
0.00372525                0.18480000000000002      0.46831796002721626      532.9869630050632
0.0037645                 0.18480000000000002      0.40409778967854815      532.9888787015077
0.00380375                0.18480000000000002      0.3389806351762142       532.9907766941624
0.0038429999999999996     0.18480000000000002      0.27296718533488745      532.992656903755
0.00388225                0.18480000000000002      0.20606040853700588      532.994519361099
0.0039215                 0.18480000000000002      0.13826218825878786      532.9963640258335
0.00396075                0.18480000000000002      0.06957470237929451      532.9981908979998
0.004                     0.18480000000000002      1.948594293433562E-15    533
7.5E-5                    0.187                    0                        532.7072857426159
1.1424999999999999E-4     0.187                    0.42923363727438896      532.7073060646968
1.535E-4                  0.187                    0.7291846478340702       532.7073735550418
1.9275E-4                 0.187                    0.9592234855738283       532.7074964159801
2.32E-4                   0.187                    1.1452648902468838       532.7076807693448
2.7125E-4                 0.187                    1.3002235498739756       532.7079317190614
3.1049999999999996E-4     0.187                    1.433364616194685        532.7082538272111
3.4974999999999996E-4     0.187                    1.547892941463225        532.7086495586614
3.8899999999999997E-4     0.187                    1.6501693060634814       532.7091244518253
4.2825E-4                 0.187                    1.7406194746879675       532.7096781886102
4.675E-4                  0.187                    1.8209682867050354       532.7103135459698
5.0675E-4                 0.187                    1.8938475445505163       532.7110351778697
5.459999999999999E-4      0.187                    1.959942946762842        532.7118431287862
5.852499999999999E-4      0.187                    2.0200505923728573       532.71273743585
6.245E-4                  0.187                    2.07431517932794         532.7137183352162
6.6375E-4                 0.187                    2.123884032610548        532.7147899706285
7.03E-4                   0.187                    2.1691744843266902       532.7159535911087
7.4225E-4                 0.187                    2.210644629812454        532.7172076600912
7.815E-4                  0.187                    2.2482669713230776       532.7185519374248
8.2075E-4                 0.187                    2.2821438795982387       532.7199864631374
8.6E-4                    0.187                    2.313267151866986        532.7215130586558
8.9925E-4                 0.187                    2.341558514401981        532.7231318161812
9.385E-4                  0.187                    2.366955186046641        532.724840890149
9.7775E-4                 0.187                    2.389666484759566        532.7266406636501
0.001017                  0.187                    2.4100885433059847       532.7285304633524
0.00105625                0.187                    2.4282087518863134       532.7305099517413
0.0010955                 0.187                    2.444083387350692        532.7325779720936
0.00113475                0.187                    2.457883089746147        532.7347331646154
0.001174                  0.187                    2.469675948302983        532.7369756396654
0.00121325                0.187                    2.479482903220711        532.7393051839499
0.0012525                 0.187                    2.4874553381267552       532.7417178741816
0.00129175                0.187                    2.4936541531739085       532.7442135274392
0.001331                  0.187                    2.498154715281195        532.7467906437303
0.00137025                0.187                    2.5009575698934787       532.7494490373631
0.0014095                 0.187                    2.5020802364873984       532.7521868209534
0.00144875                0.187                    2.5016466114321516       532.755002638104
0.001488                  0.187                    2.4997196065311456       532.7578906247312
0.00152725                0.187                    2.4962937034408017       532.7608522036525
0.0015665                 0.187                    2.4913684920455386       532.7638874853023
0.00160575                0.187                    2.4850224352994963       532.7669910378384
0.001645                  0.187                    2.4772932832302397       532.7701638155082
0.00168425                0.187                    2.4682031830525206       532.7734005538791
0.0017235                 0.187                    2.45775245842059         532.7767011405857
0.00176275                0.187                    2.445983215855871        532.7800631926267
0.001802                  0.187                    2.4329391646782867       532.7834836571093
0.00184125                0.187                    2.418617678773268        532.7869610381832
0.0018805                 0.187                    2.4030316585482883       532.790494114031
0.00191975                0.187                    2.3862271887730415       532.7940780855873
0.001959                  0.187                    2.368208471366768        532.7977120854716
0.00199825                0.187                    2.3489865738000653       532.8013933656975
0.0020375                 0.187                    2.328588800958175        532.8051193516658
0.00207675                0.187                    2.3070216831508965       532.8088889516811
0.002116                  0.187                    2.2843071303809777       532.8126971857181
0.00215525                0.187                    2.26045168704721         532.8165428645124
0.0021945                 0.187                    2.235466148418924        532.8204254074539
0.00223375                0.187                    2.2093725980903662       532.8243392912772
0.002273                  0.187                    2.1821800695990405       532.8282821921642
0.00231225                0.187                    2.15388556867167         532.8322549638193
0.0023515                 0.187                    2.1245111196297026       532.8362522954309
0.00239075                0.187                    2.0940697530257992       532.8402714618055
0.00243                   0.187                    2.0625648616821244       532.8443116517631
0.00246925                0.187                    2.030001341624741        532.8483712981039
0.0025085                 0.187                    1.9963968920510393       532.8524447770134
0.00254775                0.187                    1.961753182964068        532.8565315585121
0.002587                  0.187                    1.926077545209286        532.8606297313461
0.0026262499999999997     0.187                    1.8893778474929286       532.8647375418677
0.0026655                 0.187                    1.8516688512608828       532.8688492972839
0.0027047499999999997     0.187                    1.8129486352744375       532.8729659851878
0.002744                  0.187                    1.7732199730366738       532.8770864075501
0.0027832499999999997     0.187                    1.732496602444369        532.8812055593214
0.0028225                 0.187                    1.6907844245657597       532.8853220391898
0.0028617499999999997     0.187                    1.6480862637075009       532.8894346108212
0.002901                  0.187                    1.6044058130177314       532.8935418188019
0.0029402499999999997     0.187                    1.5597533414921014       532.8976396316953
0.0029795                 0.187                    1.5141294524820672       532.9017278142733
0.0030187499999999997     0.187                    1.4675383567053057       532.9058043239673
0.003058                  0.187                    1.4199848477486678       532.9098683250289
0.0030972499999999997     0.187                    1.3714807852886817       532.9139148454678
0.0031365                 0.187                    1.3220249557117625       532.9179446399596
0.0031757499999999998     0.187                    1.2716169175590941       532.9219578628304
0.003215                  0.187                    1.22026493831495         532.9259501273687
0.0032542499999999998     0.187                    1.1679722754850803       532.9299220806083
0.0032935                 0.187                    1.1147466993958852       532.9338700713497
0.0033327499999999998     0.187                    1.0605882100474753       532.9377940995921
0.003372                  0.187                    1.0054981404986907       532.9416936254569
0.00341125                0.187                    0.9494831990375348       532.9455663554197
0.0034505                 0.187                    0.8925443094920956       532.9494120464198
0.00348975                0.187                    0.8346814718618081       532.9532306984565
0.003529                  0.187                    0.7759037479694869       532.9570190414199
0.00356825                0.187                    0.7162133715671695       532.9607775812901
0.0036075                 0.187                    0.6556114694707627       532.9645053345229
0.00364675                0.187                    0.5940979278998777       532.9682022470608
0.003686                  0.187                    0.5316786530434925       532.9718672164819
0.00372525                0.187                    0.4683575579144312       532.9754996719101
0.0037645                 0.187                    0.4041339464269538       532.9790998164301
0.00380375                0.187                    0.3390124275592084       532.982666724516
0.0038429999999999996     0.187                    0.27299403248413867      532.9862001832012
0.00388225                0.187                    0.20608157831449445      532.9897002849953
0.0039215                 0.187                    0.1382769733924799       532.9931670208003
0.00396075                0.187                    0.06958242922558962      532.9966001705277
0.004                     0.187                    9.678295561497635E-16    533
7.5E-5                    0.1892                   0                        532.4499925977757
1.1424999999999999E-4     0.1892                   0.4289806817534533       532.4500307721993
1.535E-4                  0.1892                   0.7286230018988349       532.4501575464609
1.9275E-4                 0.1892                   0.9585366986330733       532.4503882176006
2.32E-4                   0.1892                   1.1448085138883553       532.4507350084393
2.7125E-4                 0.1892                   1.2991840589017172       532.4512058443092
3.1049999999999996E-4     0.1892                   1.4325066372045867       532.4518114751669
3.4974999999999996E-4     0.1892                   1.5470779172817852       532.4525542428439
3.8899999999999997E-4     0.1892                   1.6487953041999088       532.4534448051378
4.2825E-4                 0.1892                   1.7398040131561978       532.4544876735478
4.675E-4                  0.1892                   1.8201367501917116       532.4556829462357
5.0675E-4                 0.1892                   1.8927428866331921       532.4570374257362
5.459999999999999E-4      0.1892                   1.9589641647367857       532.4585532585331
5.852499999999999E-4      0.1892                   2.0189642119961757       532.4602326730087
6.245E-4                  0.1892                   2.0730540082096724       532.4620795595223
6.6375E-4                 0.1892                   2.122635641292473        532.4640945771916
7.03E-4                   0.1892                   2.1680414540170725       532.4662790573144
7.4225E-4                 0.1892                   2.209271446183686        532.4686329998904
7.815E-4                  0.1892                   2.2465126176528805       532.4711583992812
8.2075E-4                 0.1892                   2.2806602687441435       532.4738550122073
8.6E-4                    0.1892                   2.311893054964887        532.4767236943676
8.9925E-4                 0.1892                   2.3401961127971727       532.4797641394896
9.385E-4                  0.1892                   2.36556821330019         532.4829763181654
9.7775E-4                 0.1892                   2.3882127891569804       532.4863591113228
0.001017                  0.1892                   2.408575011110739        532.4899111828919
0.00105625                0.1892                   2.426745405007346        532.4936283798601
0.0010955                 0.1892                   2.4427042465910502       532.4975129793602
0.00113475                0.1892                   2.4564515358504693       532.5015649813923
0.001174                  0.1892                   2.4681810463228215       532.5057796619957
0.00121325                0.1892                   2.478058323382214        532.5101540889177
0.0012525                 0.1892                   2.486080083537222        532.5146879083203
0.00129175                0.1892                   2.4922587492717687       532.5193785429941
0.001331                  0.1892                   2.4967276903990334       532.5242240449618
0.00137025                0.1892                   2.4995619206152604       532.5292160072466
0.0014095                 0.1892                   2.5007568921862875       532.5343580431801
0.00144875                0.1892                   2.5003300401540356       532.53964885025
0.001488                  0.1892                   2.498403674690725        532.5450780352201
0.00152725                0.1892                   2.4950002345509468       532.550643380662
0.0015665                 0.1892                   2.490119820275503        532.556344600032
0.00160575                0.1892                   2.4837834139284167       532.5621798708593
0.001645                  0.1892                   2.4760807226170662       532.5681379152459
0.00168425                0.1892                   2.467023078810274        532.5742180699873
0.0017235                 0.1892                   2.456610482505787        532.5804203350833
0.00176275                0.1892                   2.4448630766947943       532.5867415730849
0.001802                  0.1892                   2.431846930118776        532.5931687770434
0.00184125                0.1892                   2.4175669094311334       532.5997005273083
0.0018805                 0.1892                   2.4020235570717925       532.6063373265964
0.00191975                0.1892                   2.385239117099774        532.6130738908298
0.001959                  0.1892                   2.3672599845740643       532.6198999631788
0.00199825                0.1892                   2.348085906719148        532.6268156288266
0.0020375                 0.1892                   2.3277184424732265       532.6338198716321
0.00207675                0.1892                   2.3061872643526002       532.6409009518944
0.002116                  0.1892                   2.283509726953982        532.6480559228877
0.00215525                0.1892                   2.259697148223828        532.6552819724317
0.0021945                 0.1892                   2.2347524664348466       532.6625772718155
0.00223375                0.1892                   2.2086935759872546       532.6699315416523
0.002273                  0.1892                   2.181528943058961        532.677343336394
0.00231225                0.1892                   2.153278821189831        532.6848054323275
0.0023515                 0.1892                   2.1239461247015456       532.6923160766924
0.00239075                0.1892                   2.093539732264673        532.6998694535698
0.00243                   0.1892                   2.062067906625699        532.7074610959412
0.00246925                0.1892                   2.0295416056529274       532.7150875003701
0.0025085                 0.1892                   1.995972790887209        532.7227409006581
0.00254775                0.1892                   1.9613608578040012       532.7304214785433
0.002587                  0.1892                   1.9257181027979497       532.738123664342
0.0026262499999999997     0.1892                   1.8890566059779668       532.745838505764
0.0026655                 0.1892                   1.8513762034173207       532.7535657823073
0.0027047499999999997     0.1892                   1.8126792826955958       532.7613051692828
0.002744                  0.1892                   1.7729844512996424       532.7690449008472
0.0027832499999999997     0.1892                   1.7322947760219014       532.7767819442906
0.0028225                 0.1892                   1.6906098676809056       532.7845169802846
0.0028617499999999997     0.1892                   1.6479324456661195       532.7922481415303
0.002901                  0.1892                   1.6042787139540613       532.7999636121941
0.0029402499999999997     0.1892                   1.5596506439995632       532.8076622413605
0.0029795                 0.1892                   1.5140502180284545       532.8153432438443
0.0030187499999999997     0.1892                   1.4674787273664904       532.8230051255633
0.003058                  0.1892                   1.4199483564373467       532.830639576184
0.0030972499999999997     0.1892                   1.3714616489285545       532.8382437451173
0.0031365                 0.1892                   1.3220185937209794       532.8458176385951
0.0031757499999999998     0.1892                   1.2716252877066672       532.8533576739951
0.003215                  0.1892                   1.2202901912278905       532.8608580472904
0.0032542499999999998     0.1892                   1.1680132757331572       532.8683188933667
0.0032935                 0.1892                   1.114794291661493        532.8757402464843
0.0033327499999999998     0.1892                   1.0606415753861507       532.8831160065163
0.003372                  0.1892                   1.0055619088494592       532.8904420224582
0.00341125                0.1892                   0.9495552920506549       532.8977182943097
0.0034505                 0.1892                   0.8926219920897591       532.90494405819
0.00348975                0.1892                   0.8347627458951133       532.9121188600681
0.003529                  0.1892                   0.7759868875405631       532.9192380997121
0.00356825                0.1892                   0.7162974792494338       532.9262995433251
0.0036075                 0.1892                   0.6556943114565082       532.9333043571389
0.00364675                0.1892                   0.5941785579250195       532.940251510835
0.003686                  0.1892                   0.5317570219098183       532.9471377812412
0.00372525                0.1892                   0.46843076990672483      532.9539634784772
0.0037645                 0.1892                   0.4042006436582081       532.9607280939495
0.00380375                0.1892                   0.33907136538861826      532.9674300671751
0.0038429999999999996     0.1892                   0.27304373242788743      532.9740696012316
0.00388225                0.1892                   0.20612077114291133      532.9806465785924
0.0039215                 0.1892                   0.13830437156518163      532.9871607077052
0.00396075                0.1892                   0.06959676249469178      532.9936116338341
0.004                     0.1892                   2.667862112472076E-15    533
7.5E-5                    0.19140000000000001      8.414364943000315E-17    531.9666571642516
1.1424999999999999E-4     0.19140000000000001      0.428466695368269        531.9667288402679
1.535E-4                  0.19140000000000001      0.7278152522289433       531.9669667116842
1.9275E-4                 0.19140000000000001      0.9575513090060157       531.9674004169325
2.32E-4                   0.19140000000000001      1.1435431242314475       531.9680514175583
2.7125E-4                 0.19140000000000001      1.2977469850140695       531.9689363670675
3.1049999999999996E-4     0.19140000000000001      1.4310903654110139       531.970074529796
3.4974999999999996E-4     0.19140000000000001      1.5449650561212886       531.971468292244
3.8899999999999997E-4     0.19140000000000001      1.6469390757884894       531.973143112202
4.2825E-4                 0.19140000000000001      1.737987186486518        531.9751026301982
4.675E-4                  0.19140000000000001      1.8181549755026192       531.9773469981762
5.0675E-4                 0.19140000000000001      1.8904786452235183       531.9798901269401
5.459999999999999E-4      0.19140000000000001      1.9566992888080461       531.98274096878
5.852499999999999E-4      0.19140000000000001      2.016816906348967        531.9858995236962
6.245E-4                  0.19140000000000001      2.0708319370070987       531.9893661221886
6.6375E-4                 0.19140000000000001      2.1199591733336876       531.993148096107
7.03E-4                   0.19140000000000001      2.1652780033158696       531.9972520272552
7.4225E-4                 0.19140000000000001      2.2067585932188893       532.0016768464056
7.815E-4                  0.19140000000000001      2.2444009429997855       532.0064225535581
8.2075E-4                 0.19140000000000001      2.2782070399995558       532.011489169952
8.6E-4                    0.19140000000000001      2.309202324253186        532.016880855808
8.9925E-4                 0.19140000000000001      2.3374080810136224       532.0225910930366
9.385E-4                  0.19140000000000001      2.3628395993700813       532.0286220904441
9.7775E-4                 0.19140000000000001      2.385565409533366        532.0349773281297
0.001017                  0.19140000000000001      2.4059625461914935       532.0416480180559
0.00105625                0.19140000000000001      2.424092743035362        532.0486345816981
0.0010955                 0.19140000000000001      2.4399467735939626       532.0559352617923
0.00113475                0.19140000000000001      2.4537062070582154       532.0635469202408
0.001174                  0.19140000000000001      2.4655087230658173       532.0714606163023
0.00121325                0.19140000000000001      2.4754132037511107       532.0796776357929
0.0012525                 0.19140000000000001      2.4834196490960223       532.0881979787131
0.00129175                0.19140000000000001      2.4896407420883158       532.0970132227751
0.001331                  0.19140000000000001      2.494166388710843        532.106109311232
0.00137025                0.19140000000000001      2.497012543631335        532.1154902078441
0.0014095                 0.19140000000000001      2.4981929989579847       532.1251565590367
0.00144875                0.19140000000000001      2.497837396163518        532.1350903912526
0.001488                  0.19140000000000001      2.4959726514999097       532.1452863579221
0.00152725                0.19140000000000001      2.492597610384382        532.1557439025164
0.0015665                 0.19140000000000001      2.4877338993982225       532.1664603663039
0.00160575                0.19140000000000001      2.481476528630204        532.1774147114617
0.001645                  0.19140000000000001      2.473839597479669        532.1886060315232
0.00168425                0.19140000000000001      2.464823262183048        532.2000344144142
0.0017235                 0.19140000000000001      2.454445163944401        532.2116949142433
0.00176275                0.19140000000000001      2.4427793460331113       532.2235621116675
0.001802                  0.19140000000000001      2.4298340111402887       532.2356325728234
0.00184125                0.19140000000000001      2.415609159266288        532.2479062977116
0.0018805                 0.19140000000000001      2.40011531210763         532.2603807490057
0.00191975                0.19140000000000001      2.3834102951490848       532.2730322230124
0.001959                  0.19140000000000001      2.3655028738358013       532.2858551375801
0.00199825                0.19140000000000001      2.3463930481686868       532.2988494927083
0.0020375                 0.19140000000000001      2.3260871857289582       532.3120110900801
0.00207675                0.19140000000000001      2.304628717387251        532.325315150601
0.002116                  0.19140000000000001      2.282025789673809        532.3387577737141
0.00215525                0.19140000000000001      2.258280900064998        532.3523350346345
0.0021945                 0.19140000000000001      2.233401062402952        532.3660408800608
0.00223375                0.19140000000000001      2.207416813379377        532.3798547756471
0.002273                  0.19140000000000001      2.180331508592933        532.3937738952119
0.00231225                0.19140000000000001      2.1521451480449016       532.407798238755
0.0023515                 0.19140000000000001      2.122872085916582        532.4219147777019
0.00239075                0.19140000000000001      2.0925360217920606       532.4361018985318
0.00243                   0.19140000000000001      2.0611394339010802       532.4503584975298
0.00246925                0.19140000000000001      2.0286823135753047       532.4646845964362
0.0025085                 0.19140000000000001      1.9951698604027095       532.4790743424196
0.00254775                0.19140000000000001      1.9606249552185628       532.4935018453416
0.002587                  0.19140000000000001      1.9250497932303616       532.5079645861797
0.0026262499999999997     0.19140000000000001      1.8884445702449022       532.522462519546
0.0026655                 0.19140000000000001      1.8508183729355818       532.536987344059
0.0027047499999999997     0.19140000000000001      1.8121866785992775       532.551519573561
0.002744                  0.19140000000000001      1.7725496208448255       532.566057856939
0.0027832499999999997     0.19140000000000001      1.731907199674454        532.5806021941929
0.0028225                 0.19140000000000001      1.6902661266702057       532.595144673841
0.0028617499999999997     0.19140000000000001      1.6476433867162235       532.6096625703825
0.002901                  0.19140000000000001      1.60403980518849         532.624154535538
0.0029402499999999997     0.19140000000000001      1.5594553820862582       532.6386205693075
0.0029795                 0.19140000000000001      1.5138913032175108       532.653058093182
0.0030187499999999997     0.19140000000000001      1.4673614360403955       532.6674483831018
0.003058                  0.19140000000000001      1.419869832937922        532.6817876941773
0.0030972499999999997     0.19140000000000001      1.3714164939115259       532.696076026408
0.0031365                 0.19140000000000001      1.3220019154815275       532.7103123993865
0.0031757499999999998     0.19140000000000001      1.271638046230084        532.7244798471374
0.003215                  0.19140000000000001      1.220329910832024        532.7385722199054
0.0032542499999999998     0.19140000000000001      1.1680775092866613       532.7525895176906
0.0032935                 0.19140000000000001      1.114881495629317        532.7665286999338
0.0033327499999999998     0.19140000000000001      1.0607449572992285       532.7803874483283
0.003372                  0.19140000000000001      1.0056792762812887       532.794151717227
0.00341125                0.19140000000000001      0.9496846907908829       532.8078220804678
0.0034505                 0.19140000000000001      0.8927611150692242       532.8214000069373
0.00348975                0.19140000000000001      0.8349097589969076       532.8348820480634
0.003529                  0.19140000000000001      0.7761393505966987       532.8482576416887
0.00356825                0.19140000000000001      0.7164513577987034       532.861526151152
0.0036075                 0.19140000000000001      0.6558463528709009       532.874686875173
0.00364675                0.19140000000000001      0.5943270230834468       532.8877391352554
0.003686                  0.19140000000000001      0.5318992937640615       532.9006779087321
0.00372525                0.19140000000000001      0.46856424804517444      532.91350243832
0.0037645                 0.19140000000000001      0.40432243793722         532.9262122889095
0.00380375                0.19140000000000001      0.33917881208998607      532.9388043254443
0.0038429999999999996     0.19140000000000001      0.2731345052244317       532.9512793022056
0.00388225                0.19140000000000001      0.20619252843166502      532.9636369551879
0.0039215                 0.19140000000000001      0.13835458435665848      532.9758763389427
0.00396075                0.19140000000000001      0.06962304236661317      532.9879969810779
0.004                     0.19140000000000001      6.840441045209158E-16    533
7.5E-5                    0.19360000000000002      0                        531.0587041136351
1.1424999999999999E-4     0.19360000000000002      0.42765756860023835      531.0588388548384
1.535E-4                  0.19360000000000002      0.7265216013573088       531.0592861205229
1.9275E-4                 0.19360000000000002      0.9552681494119577       531.0600999276484
2.32E-4                   0.19360000000000002      1.141331742505965        531.0613245393183
2.7125E-4                 0.19360000000000002      1.295127285679872        531.0629857585809
3.1049999999999996E-4     0.19360000000000002      1.4279909288551509       531.0651236608193
3.4974999999999996E-4     0.19360000000000002      1.542215590274291        531.06774755451
3.8899999999999997E-4     0.19360000000000002      1.6438747966325988       531.0708925996915
4.2825E-4                 0.19360000000000002      1.7341325108741694       531.0745687323517
4.675E-4                  0.19360000000000002      1.813740614619837        531.0787860976108
5.0675E-4                 0.19360000000000002      1.8865168521208686       531.0835711363738
5.459999999999999E-4      0.19360000000000002      1.9527087720662413       531.0889257996463
5.852499999999999E-4      0.19360000000000002      2.012181122338659        531.0948491159147
6.245E-4                  0.19360000000000002      2.0659730278623          531.1013571837146
6.6375E-4                 0.19360000000000002      2.115557075784188        531.1084676157391
7.03E-4                   0.19360000000000002      2.160933265661585        531.1161804119881
7.4225E-4                 0.19360000000000002      2.2021015973444054       531.1244955724617
7.815E-4                  0.19360000000000002      2.2394213874445668       531.1334166205447
8.2075E-4                 0.19360000000000002      2.2735349807244503       531.1429349637025
8.6E-4                    0.19360000000000002      2.304455601134823        531.1530484150971
8.9925E-4                 0.19360000000000002      2.3325581740170613       531.1637744373969
9.385E-4                  0.19360000000000002      2.357815095523723        531.1751149677588
9.7775E-4                 0.19360000000000002      2.3806216915686496       531.1870576346066
0.001017                  0.19360000000000002      2.401049526581195        531.1995889688881
0.00105625                0.19360000000000002      2.4190986010899724       531.2127089706034
0.0010955                 0.19360000000000002      2.4348877523962176       531.2264206829697
0.00113475                0.19360000000000002      2.448672070389489        531.2407186531551
0.001174                  0.19360000000000002      2.460541177301759        531.2555863310953
0.00121325                0.19360000000000002      2.4704664626889694       531.2710248050603
0.0012525                 0.19360000000000002      2.4784737898476634       531.2870325473033
0.00129175                0.19360000000000002      2.4847373594684994       531.3035817242974
0.001331                  0.19360000000000002      2.489302540011466        531.3206687798246
0.00137025                0.19360000000000002      2.4922077813231214       531.3382946015414
0.0014095                 0.19360000000000002      2.4934712340513134       531.3564563420948
0.00144875                0.19360000000000002      2.49319416522031         531.375117856601
0.001488                  0.19360000000000002      2.491389231167812        531.3942685941668
0.00152725                0.19360000000000002      2.4880820568161823       531.4139086953419
0.0015665                 0.19360000000000002      2.4833145359614646       531.4340399397188
0.00160575                0.19360000000000002      2.477154372875678        531.4546215611467
0.001645                  0.19360000000000002      2.4696177344806562       531.4756434596417
0.00168425                0.19360000000000002      2.460697531014628        531.4971086074449
0.0017235                 0.19360000000000002      2.4504295806830267       531.5190031487382
0.00176275                0.19360000000000002      2.438874253037215        531.541289815906
0.001802                  0.19360000000000002      2.4260386077191813       531.5639678280512
0.00184125                0.19360000000000002      2.4119231087369157       531.5870368928994
0.0018805                 0.19360000000000002      2.396564646679668        531.6104653060602
0.00191975                0.19360000000000002      2.379986478107444        531.6342262450547
0.001959                  0.19360000000000002      2.3621943446534406       531.6583187993551
0.00199825                0.19360000000000002      2.3432022670888477       531.6827393701135
0.0020375                 0.19360000000000002      2.323042430781401        531.7074451448473
0.00207675                0.19360000000000002      2.301720654394873        531.7324289068214
0.002116                  0.19360000000000002      2.2792362658630965       531.7576924105396
0.00215525                0.19360000000000002      2.2556183934254417       531.7831976347242
0.0021945                 0.19360000000000002      2.2308808967718243       531.8089303828641
0.00223375                0.19360000000000002      2.205026696751342        531.8348875539955
0.002273                  0.19360000000000002      2.178063617263159        531.8610518087686
0.00231225                0.19360000000000002      2.1500108291888367       531.8873882641758
0.0023515                 0.19360000000000002      2.120875458953404        531.9138915991683
0.00239075                0.19360000000000002      2.0906659137024355       531.9405519917325
0.00243                   0.19360000000000002      2.0593899367813484       531.967348887859
0.00246925                0.19360000000000002      2.0270544675294624       531.9942633383334
0.0025085                 0.19360000000000002      1.9936677294401022       532.0212864423877
0.00254775                0.19360000000000002      1.9592438188472592       532.048387871522
0.002587                  0.19360000000000002      1.9237829765126775       532.075562995295
0.0026262499999999997     0.19360000000000002      1.8872883967764602       532.102806954915
0.0026655                 0.19360000000000002      1.8497767590883878       532.1300830404381
0.0027047499999999997     0.19360000000000002      1.811251631632199        532.1573834923508
0.002744                  0.19360000000000002      1.7717130129612726       532.184708853556
0.0027832499999999997     0.19360000000000002      1.7311685144692597       532.2120364485195
0.0028225                 0.19360000000000002      1.689630150717896        532.2393371191243
0.0028617499999999997     0.19360000000000002      1.6470980684196204       532.2666108137462
0.002901                  0.19360000000000002      1.6035735534693543       532.2938537968952
0.0029402499999999997     0.19360000000000002      1.5590697724746847       532.3210329554537
0.0029795                 0.19360000000000002      1.5135892308677652       532.3481432076376
0.0030187499999999997     0.19360000000000002      1.4671319286547715       532.3751845534473
0.003058                  0.19360000000000002      1.4197037440595537       532.4021358108749
0.0030972499999999997     0.19360000000000002      1.3713132163226305       532.4289811029703
0.0031365                 0.19360000000000002      1.3219627265194716       532.455713961166
0.0031757499999999998     0.19360000000000002      1.2716538259202543       532.4823286916724
0.003215                  0.19360000000000002      1.2203900252081061       532.5088147746384
0.0032542499999999998     0.19360000000000002      1.1681802898406857       532.5351522076105
0.0032935                 0.19360000000000002      1.1150247395705157       532.5613407923046
0.0033327499999999998     0.19360000000000002      1.0609255595749014       532.5873727491384
0.003372                  0.19360000000000002      1.0058860087301258       532.6132424584455
0.00341125                0.19360000000000002      0.9499140152766559       532.6389323561538
0.0034505                 0.19360000000000002      0.8930112397041682       532.6644360228071
0.00348975                0.19360000000000002      0.8351769533981602       532.6897571558885
0.003529                  0.19360000000000002      0.7764119083327875       532.7148940710209
0.00356825                0.19360000000000002      0.7167265968089691       532.7398247800163
0.0036075                 0.19360000000000002      0.6561217730657288       532.7645532640249
0.00364675                0.19360000000000002      0.5945971250320136       532.7890754408528
0.003686                  0.19360000000000002      0.5321569961342675       532.813386807374
0.00372525                0.19360000000000002      0.46880545004497814      532.8374826394202
0.0037645                 0.19360000000000002      0.40454303442646294      532.8613616994118
0.00380375                0.19360000000000002      0.3393741576429957       532.8850206635711
0.0038429999999999996     0.19360000000000002      0.27329978681143224      532.9084607387946
0.00388225                0.19360000000000002      0.20632308873017607      532.9316786867835
0.0039215                 0.19360000000000002      0.13844603319649765      532.9546742819439
0.00396075                0.19360000000000002      0.06967096122176092      532.9774478086402
0.004                     0.19360000000000002      1.1428325985213713E-15   533
7.5E-5                    0.1958                   0                        529.352845948205
1.1424999999999999E-4     0.1958                   0.4260518355209456       529.353099339489
1.535E-4                  0.1958                   0.7237710541512528       529.3539404046377
1.9275E-4                 0.1958                   0.9520353852132022       529.3554710482796
2.32E-4                   0.1958                   1.1367101022506372       529.3577691930278
2.7125E-4                 0.1958                   1.2902529871536095       529.3608915655809
3.1049999999999996E-4     0.1958                   1.4226045941322087       529.3649084922391
3.4974999999999996E-4     0.1958                   1.5361945864135726       529.3698391945419
3.8899999999999997E-4     0.1958                   1.6376111634970962       529.3757495250128
4.2825E-4                 0.1958                   1.7270278584415606       529.3826503854542
4.675E-4                  0.1958                   1.8065791542723173       529.3905785275825
5.0675E-4                 0.1958                   1.8792986680955304       529.3995708417174
5.459999999999999E-4      0.1958                   1.9451746773696668       529.4096269149941
5.852499999999999E-4      0.1958                   2.0041362777688154       529.4207482354109
6.245E-4                  0.1958                   2.057963133838653        529.4329817575785
6.6375E-4                 0.1958                   2.107397077924072        529.4463443619796
7.03E-4                   0.1958                   2.1524381073958763       529.4608360486138
7.4225E-4                 0.1958                   2.193229029841517        529.4764600475843
7.815E-4                  0.1958                   2.2306244167050155       529.4932119746632
8.2075E-4                 0.1958                   2.2645501525623857       529.5110760667862
8.6E-4                    0.1958                   2.2953994718602786       529.5300818842467
8.9925E-4                 0.1958                   2.3232889592884964       529.5502454565107
9.385E-4                  0.1958                   2.3485607069310994       529.5715507772561
9.7775E-4                 0.1958                   2.371394458563949        529.5939703639018
0.001017                  0.1958                   2.3917700290913166       529.6175037456582
0.00105625                0.1958                   2.409701807231711        529.642151574419
0.0010955                 0.1958                   2.4255565238896972       529.6679108126987
0.00113475                0.1958                   2.4394264225420446       529.6947562623259
0.001174                  0.1958                   2.451301749570451        529.7226876818248
0.00121325                0.1958                   2.461201051643556        529.7517043037914
0.0012525                 0.1958                   2.4693108251636646       529.7817600655383
0.00129175                0.1958                   2.475660179262586        529.8128315955403
0.001331                  0.1958                   2.480311253907547        529.844933583368
0.00137025                0.1958                   2.483284677684931        529.8780624037033
0.0014095                 0.1958                   2.4846886592590693       529.9121533628827
0.00144875                0.1958                   2.484546488436257        529.9471893409061
0.001488                  0.1958                   2.4828581652133583       529.9831703377732
0.00152725                0.1958                   2.4796833435874044       530.0200813939714
0.0015665                 0.1958                   2.4751043341517587       530.0578644659522
0.00160575                0.1958                   2.4691196281149845       530.0965150884568
0.001645                  0.1958                   2.461729446643938        530.1360331998998
0.00168425                0.1958                   2.4529976376166065       530.1763621878046
0.0017235                 0.1958                   2.4429446327511766       530.2174587628385
0.00176275                0.1958                   2.4315919020049033       530.2593252939375
0.001802                  0.1958                   2.418949853408591        530.3019522357263
0.00184125                0.1958                   2.4050611802242887       530.3452651471501
0.0018805                 0.1958                   2.389932304398947        530.3892495716088
0.00191975                0.1958                   2.373565192758934        530.4339056475618
0.001959                  0.1958                   2.3560066999853473       530.4791634751178
0.00199825                0.1958                   2.337258819142209        530.525010832827
0.0020375                 0.1958                   2.317326373679681        530.5714391563372
0.00207675                0.1958                   2.2962417136470026       530.6183791515703
0.002116                  0.1958                   2.274009280390544        530.665814567487
0.00215525                0.1958                   2.2506300488194815       530.7137419286323
0.0021945                 0.1958                   2.226131137265914        530.7620895406982
0.00223375                0.1958                   2.200521568599488        530.8108354241792
0.002273                  0.1958                   2.1738075173885214       530.8599702143574
0.00231225                0.1958                   2.1459926859412595       530.9094706436595
0.0023515                 0.1958                   2.1170984301048934       530.9592583871967
0.00239075                0.1958                   2.087126727903879        531.009328156311
0.00243                   0.1958                   2.0560781929208494       531.0596789594942
0.00246925                0.1958                   2.02397138700429         531.1102492437025
0.0025085                 0.1958                   1.9908163030966946       531.1609933259022
0.00254775                0.1958                   1.9566128380243502       531.2119117692627
0.002587                  0.1958                   1.9213643216957854       531.262987173009
0.0026262499999999997     0.1958                   1.8850844111050216       531.314154311252
0.0026655                 0.1958                   1.847776979801862        531.3654025245678
0.0027047499999999997     0.1958                   1.8094476592712754       531.4167058359909
0.002744                  0.1958                   1.7701004313964919       531.4680453061065
0.0027832499999999997     0.1958                   1.7297455754458642       531.5193653593177
0.0028225                 0.1958                   1.6883834722455504       531.5706636022288
0.0028617499999999997     0.1958                   1.646016251250798        531.621929446115
0.002901                  0.1958                   1.6026563954221766       531.6731044861283
0.0029402499999999997     0.1958                   1.558308235389136        531.7241644774542
0.0029795                 0.1958                   1.5129713783128043       531.7751126342782
0.0030187499999999997     0.1958                   1.4666498331427864       531.8259210353635
0.003058                  0.1958                   1.4193511887735373       531.8765566379668
0.0030972499999999997     0.1958                   1.3710794156305943       531.927001652419
0.0031365                 0.1958                   1.3218380026076564       531.977235719894
0.0031757499999999998     0.1958                   1.2716291126079635       532.0272474179094
0.003215                  0.1958                   1.2204614323727663       532.0769990672858
0.0032542499999999998     0.1958                   1.168335126070417        532.1264900148527
0.0032935                 0.1958                   1.115251808278393        532.1757095616288
0.0033327499999999998     0.1958                   1.0612167036716549       532.2246354871056
0.003372                  0.1958                   1.0062367676112411       532.2732339823516
0.00341125                0.1958                   0.9503133088162082       532.3214943929611
0.0034505                 0.1958                   0.8934454189672603       532.3694253220757
0.00348975                0.1958                   0.8356338588397105       532.4170226197027
0.003529                  0.1958                   0.7768898457041593       532.4642405601935
0.00356825                0.1958                   0.7172144434766197       532.511093426954
0.0036075                 0.1958                   0.6566081728521997       532.5575619693393
0.00364675                0.1958                   0.5950717520224563       532.6036440495776
0.003686                  0.1958                   0.5326140899599868       532.6493262376031
0.00372525                0.1958                   0.46923557316820413      532.6946057188304
0.0037645                 0.1958                   0.4049369498677487       532.7394776993688
0.00380375                0.1958                   0.33972315557114185      532.7839359308211
0.0038429999999999996     0.1958                   0.2735955104118155       532.8279839374338
0.00388225                0.1958                   0.2065572031164083       532.8716139244129
0.0039215                 0.1958                   0.13861024414278472      532.914825539855
0.00396075                0.1958                   0.06975710600172705      532.9576209973152
0.004                     0.1958                   4.037295550284438E-16    533
7.5E-5                    0.198                    1.2316289049009752E-16   526.1469003209214
1.1424999999999999E-4     0.198                    0.42304777715149683      526.14737672176
1.535E-4                  0.198                    0.7186923801809195       526.1489579002429
1.9275E-4                 0.198                    0.9452101529153051       526.1518327031324
2.32E-4                   0.198                    1.128815938381986        526.1561561971573
2.7125E-4                 0.198                    1.2810281590151775       526.1620244068622
3.1049999999999996E-4     0.198                    1.4123571295085682       526.1695719003473
3.4974999999999996E-4     0.198                    1.5253254190743661       526.1788394175647
3.8899999999999997E-4     0.198                    1.6256989931753205       526.1899426889695
4.2825E-4                 0.198                    1.7149120987595736       526.2029197832366
4.675E-4                  0.198                    1.7937409969393032       526.2178067465561
5.0675E-4                 0.198                    1.8657662354413063       526.2346972775972
5.459999999999999E-4      0.198                    1.931168406491168        526.2535970280344
5.852499999999999E-4      0.198                    1.9899562976761855       526.2745111940909
6.245E-4                  0.198                    2.042957524418164        526.2974969482736
6.6375E-4                 0.198                    2.091849874980494        526.3226058971818
7.03E-4                   0.198                    2.1366965810233784       526.3498253073069
7.4225E-4                 0.198                    2.177497643060246        526.3791551786492
7.815E-4                  0.198                    2.2142632184878828       526.4105963012378
8.2075E-4                 0.198                    2.247898722119713        526.4441834646478
8.6E-4                    0.198                    2.278713541925837        526.4799074937619
8.9925E-4                 0.198                    2.3067076781132707       526.5177683885796
9.385E-4                  0.198                    2.3318811309154204       526.5577661491013
9.7775E-4                 0.198                    2.3543031760711672       526.5998897694631
0.001017                  0.198                    2.3745818385044952       526.6441061254943
0.00105625                0.198                    2.392675970145226        526.6904028817523
0.0010955                 0.198                    2.408585571719644        526.7387800382372
0.00113475                0.198                    2.422351323324001        526.7892364469466
0.001174                  0.198                    2.4342416037689025       526.8417073189734
0.00121325                0.198                    2.444291670157556        526.8961636946566
0.0012525                 0.198                    2.452501522705354        526.9526055739956
0.00129175                0.198                    2.4589284261973945       527.0110283909971
0.001331                  0.198                    2.4637371515012454       527.0713270245722
0.00137025                0.198                    2.4669386355258145       527.1334859074437
0.0014095                 0.198                    2.4685328784095755       527.1975050396118
0.00144875                0.198                    2.468577697743349        527.2633270514709
0.001488                  0.198                    2.4671494297170256       527.3309289538676
0.00152725                0.198                    2.4642620747114012       527.4002565583346
0.0015665                 0.198                    2.459952189912513        527.4712215205537
0.00160575                0.198                    2.454247804187581        527.5438150533165
0.001645                  0.198                    2.447195665414718        527.6180162854799
0.00168425                0.198                    2.4388091387475868       527.6937462517333
0.0017235                 0.198                    2.429098741391075        527.7709654759539
0.00176275                0.198                    2.4180885781841965       527.8496483170686
0.001802                  0.198                    2.405834659445345        527.9296672756018
0.00184125                0.198                    2.3923391863390253       528.0110125124594
0.0018805                 0.198                    2.3776058258213073       528.0936414523119
0.00191975                0.198                    2.361645666506226        528.1775258282156
0.001959                  0.198                    2.3445010994704254       528.2625459778267
0.00199825                0.198                    2.3261789937692305       528.3486535571781
0.0020375                 0.198                    2.306677695425269        528.4358663693453
0.00207675                0.198                    2.2860187996686347       528.5240575135358
0.002116                  0.198                    2.264223910819411        528.6131636479765
0.00215525                0.198                    2.241290444957425        528.7031922011943
0.0021945                 0.198                    2.2172322999541696       528.7940239729504
0.00223375                0.198                    2.1920595497761934       528.8856188002338
0.002273                  0.198                    2.1657839073833416       528.9779253604909
0.00231225                0.198                    2.1384086036819268       529.0709179601096
0.0023515                 0.198                    2.109948730210541        529.1644647089505
0.00239075                0.198                    2.0804062140463695       529.2585475218589
0.00243                   0.198                    2.049785000533288        529.3531418191506
0.00246925                0.198                    2.0180984916565716       529.4481631772705
0.0025085                 0.198                    1.9853564610048222       529.5435037491397
0.00254775                0.198                    1.9515572240141383       529.6391842912388
0.002587                  0.198                    1.9167055218220226       529.7351540234534
0.0026262499999999997     0.198                    1.8808124138709987       529.8313012534413
0.0026655                 0.198                    1.8438820205391373       529.9276015948574
0.0027047499999999997     0.198                    1.805917788159491        530.0240148577893
0.002744                  0.198                    1.7669254250459583       530.120487200654
0.0027832499999999997     0.198                    1.7269123915559783       530.216927199404
0.0028225                 0.198                    1.6858786877244452       530.313334854039
0.0028617499999999997     0.198                    1.6438270158167962       530.4096848239665
0.002901                  0.198                    1.6007696178305606       530.5058500782548
0.0029402499999999997     0.198                    1.5567080260683301       530.6018141772724
0.0029795                 0.198                    1.5116422405560492       530.6975771210194
0.0030187499999999997     0.198                    1.4655778553059018       530.7930629703765
0.003058                  0.198                    1.4185206699293906       530.8882310462249
0.0030972499999999997     0.198                    1.3704739259314345       530.9830422158734
0.0031365                 0.198                    1.3214399622680184       531.0774679045093
0.0031757499999999998     0.198                    1.271423963490778        531.1714641543966
0.003215                  0.198                    1.2204324979694192       531.2649725808062
0.0032542499999999998     0.198                    1.1684655656842646       531.3579931837386
0.0032935                 0.198                    1.115524066368076        531.4505134994291
0.0033327499999999998     0.198                    1.0616141964188577       531.5424851464714
0.003372                  0.198                    1.0067435085338423       531.6338245411945
0.00341125                0.198                    0.9509112823395693       531.7245450134864
0.0034505                 0.198                    0.8941175177757683       531.8146465633469
0.00348975                0.198                    0.8363640922621148       531.9041111021227
0.003529                  0.198                    0.7776611976286731       531.9928721778475
0.00356825                0.198                    0.7180095620243676       532.0809453633976
0.0036075                 0.198                    0.6574105230359546       532.1682967572411
0.00364675                0.198                    0.5958648218572801       532.2549215947801
0.003686                  0.198                    0.5333819015939523       532.3407959418352
0.00372525                0.198                    0.46996227188039336      532.4259101861404
0.0037645                 0.198                    0.4056063603352823       532.5102611412484
0.00380375                0.198                    0.34031949146261525      532.5938365704023
0.0038429999999999996     0.198                    0.2741031970140636       532.6766391619741
0.00388225                0.198                    0.2069607713381785       532.7586564529278
0.0039215                 0.198                    0.13889435734134084      532.8398857586934
0.00396075                0.198                    0.06990664577257476      532.9203345765576
0.004                     0.198                    1.1114153075035425E-16   533
7.5E-5                    0.20020000000000002      7.967706329937904E-17    520.119212796165
1.1424999999999999E-4     0.20020000000000002      0.41779145417441305      520.120109975548
1.535E-4                  0.20020000000000002      0.7096766572042171       520.1230868453421
1.9275E-4                 0.20020000000000002      0.9334022570630712       520.1284931105204
2.32E-4                   0.20020000000000002      1.1143855582002986       520.1366142295337
2.7125E-4                 0.20020000000000002      1.2647600469851168       520.147645000592
3.1049999999999996E-4     0.20020000000000002      1.3944342585098957       520.1618307592225
3.4974999999999996E-4     0.20020000000000002      1.5056055378838886       520.1792420739196
3.8899999999999997E-4     0.20020000000000002      1.6048849131323701       520.2001197977952
4.2825E-4                 0.20020000000000002      1.6925975850195414       520.2244803291073
4.675E-4                  0.20020000000000002      1.7702156247176273       520.252453224048
5.0675E-4                 0.20020000000000002      1.8413092253569237       520.2841953638392
5.459999999999999E-4      0.20020000000000002      1.9058503089448973       520.3197049701013
5.852499999999999E-4      0.20020000000000002      1.9638606065153135       520.3589842097196
6.245E-4                  0.20020000000000002      2.0160490778212368       520.4021302276532
6.6375E-4                 0.20020000000000002      2.0640905607316133       520.4492733793197
7.03E-4                   0.20020000000000002      2.1083953868550536       520.500415691741
7.4225E-4                 0.20020000000000002      2.148921475806327        520.5555343071345
7.815E-4                  0.20020000000000002      2.185668829853125        520.6146292255007
8.2075E-4                 0.20020000000000002      2.2186374531882955       520.6777004468391
8.6E-4                    0.20020000000000002      2.2487780496243777       520.7448579457562
8.9925E-4                 0.20020000000000002      2.276345133998577        520.8159365584469
9.385E-4                  0.20020000000000002      2.3013896917070364       520.8909840961235
9.7775E-4                 0.20020000000000002      2.323884286129557        520.9700732917199
0.001017                  0.20020000000000002      2.3439167892164336       521.0531796543247
0.00105625                0.20020000000000002      2.361872486820937        521.1401588568809
0.0010955                 0.20020000000000002      2.377776820718835        521.2309890547162
0.00113475                0.20020000000000002      2.391629791036418        521.3256702478307
0.001174                  0.20020000000000002      2.403536688618831        521.4242081328013
0.00121325                0.20020000000000002      2.4136956372557954       521.5264751512561
0.0012525                 0.20020000000000002      2.4221110529286456       521.6324493462248
0.00129175                0.20020000000000002      2.428782935801633        521.742130717707
0.001331                  0.20020000000000002      2.433816435956104        521.8554281955364
0.00137025                0.20020000000000002      2.437299716129744        521.9721463564993
0.0014095                 0.20020000000000002      2.4392405406941298       522.0923250489934
0.00144875                0.20020000000000002      2.4396501777519153       522.2160058239438
0.001488                  0.20020000000000002      2.4386190616780214       522.3429754827665
0.00152725                0.20020000000000002      2.436203501345644        522.4730830791356
0.0015665                 0.20020000000000002      2.432402760072797        522.60632722886
0.00160575                0.20020000000000002      2.4272088425038865       522.7427082748121
0.001645                  0.20020000000000002      2.4206764657360975       522.8820755480215
0.00168425                0.20020000000000002      2.412854438737059        523.0243188650132
0.0017235                 0.20020000000000002      2.403763545517045        523.169274961099
0.00176275                0.20020000000000002      2.3934010337425384       523.316975171613
0.001802                  0.20020000000000002      2.3817790606385425       523.4673698256338
0.00184125                0.20020000000000002      2.3689485620799315       523.6201677173226
0.0018805                 0.20020000000000002      2.354911651842585        523.7753475970175
0.00191975                0.20020000000000002      2.339665344360627        523.9329135747289
0.001959                  0.20020000000000002      2.323241960132833        524.092646471623
0.00199825                0.20020000000000002      2.3056543150670445       524.2543981439528
0.0020375                 0.20020000000000002      2.2869080514601063       524.4181845458786
0.00207675                0.20020000000000002      2.2670085872056376       524.5839174377084
0.002116                  0.20020000000000002      2.2459776302286194       524.7513439067427
0.00215525                0.20020000000000002      2.2238173781936696       524.9204430551116
0.0021945                 0.20020000000000002      2.2005373501587213       525.0910866490541
0.00223375                0.20020000000000002      2.17614351809008         525.2632283324617
0.002273                  0.20020000000000002      2.150646354359695        525.4366659173728
0.00231225                0.20020000000000002      2.1240482246529795       525.6113522774502
0.0023515                 0.20020000000000002      2.0963569962597903       525.7871831036528
0.00239075                0.20020000000000002      2.0675809276795314       525.9640070445795
0.00243                   0.20020000000000002      2.0377231777572677       526.1417488057341
0.00246925                0.20020000000000002      2.006789223862015        526.3202865298268
0.0025085                 0.20020000000000002      1.9747818685538245       526.4995754643612
0.00254775                0.20020000000000002      1.9417098349638582       526.6794128839621
0.002587                  0.20020000000000002      1.9075737714211431       526.8597735762061
0.0026262499999999997     0.20020000000000002      1.8723792734103981       527.040509661188
0.0026655                 0.20020000000000002      1.836130458783048        527.2215443384819
0.0027047499999999997     0.20020000000000002      1.7988300930166303       527.4028117960211
0.002744                  0.20020000000000002      1.7604835389592448       527.5841295559558
0.0027832499999999997     0.20020000000000002      1.7210909365875788       527.7654908670752
0.0028225                 0.20020000000000002      1.6806594573063458       527.9467382699158
0.0028617499999999997     0.20020000000000002      1.6391910810360555       528.1278617450921
0.002901                  0.20020000000000002      1.5966904306736227       528.3086767302316
0.0029402499999999997     0.20020000000000002      1.5531584928985962       528.4891438430406
0.0029795                 0.20020000000000002      1.5085965406107484       528.6692167380992
0.0030187499999999997     0.20020000000000002      1.4630129595277046       528.848740283763
0.003058                  0.20020000000000002      1.4164090390837052       529.0277491612404
0.0030972499999999997     0.20020000000000002      1.3687891927591012       529.2060340368545
0.0031365                 0.20020000000000002      1.3201537201794717       529.3835796923049
0.0031757499999999998     0.20020000000000002      1.2705028062306436       529.5603821645433
0.003215                  0.20020000000000002      1.2198489321277046       529.7362955978847
0.0032542499999999998     0.20020000000000002      1.168192754679062        529.9112488628987
0.0032935                 0.20020000000000002      1.1155341523749367       530.0852015160439
0.0033327499999999998     0.20020000000000002      1.0618729444071562       530.2581623298912
0.003372                  0.20020000000000002      1.0072202030291468       530.4300111401832
0.00341125                0.20020000000000002      0.9515767154194642       530.6006753431981
0.0034505                 0.20020000000000002      0.8949423513084667       530.7701665266113
0.00348975                0.20020000000000002      0.8373199315105293       530.9384515430081
0.003529                  0.20020000000000002      0.7787186354273071       531.1054258628157
0.00356825                0.20020000000000002      0.7191388527796956       531.2710812112596
0.0036075                 0.20020000000000002      0.6585802365878998       531.4354008609439
0.00364675                0.20020000000000002      0.5970480262676895       531.5983601611011
0.003686                  0.20020000000000002      0.5345482972816841       531.7598874218338
0.00372525                0.20020000000000002      0.47108132489465493      531.9200074102724
0.0037645                 0.20020000000000002      0.4066497688363405       532.0786947409446
0.00380375                0.20020000000000002      0.3412595053369162       532.2359220370413
0.0038429999999999996     0.20020000000000002      0.274910691618158        532.3916904740297
0.00388225                0.20020000000000002      0.20760804452088924      532.5459819057097
0.0039215                 0.20020000000000002      0.13935321600022868      532.6987876253463
0.00396075                0.20020000000000002      0.07014971491513097      532.85013100281
0.004                     0.20020000000000002      8.352947462424331E-16    533
7.5E-5                    0.20240000000000002      7.983840132747455E-17    508.78879863698495
1.1424999999999999E-4     0.20240000000000002      0.4085284928490686       508.7904723669223
1.535E-4                  0.20240000000000002      0.6939158969563519       508.7960396332208
1.9275E-4                 0.20240000000000002      0.9126074503223013       508.8061551639923
2.32E-4                   0.20240000000000002      1.0895669501846204       508.8213636728392
2.7125E-4                 0.20240000000000002      1.2364112169216954       508.84203471797395
3.1049999999999996E-4     0.20240000000000002      1.3628452259725796       508.8685809300619
3.4974999999999996E-4     0.20240000000000002      1.4715362161361019       508.90120079326414
3.8899999999999997E-4     0.20240000000000002      1.5680716617964976       508.94027647882376
4.2825E-4                 0.20240000000000002      1.654276543888162        508.985999434378
4.675E-4                  0.20240000000000002      1.7302864359182468       509.0383834167237
5.0675E-4                 0.20240000000000002      1.7990989835151154       509.0977501947216
5.459999999999999E-4      0.20240000000000002      1.8619031212860377       509.1642899707256
5.852499999999999E-4      0.20240000000000002      1.9186939113526431       509.2379901052353
6.245E-4                  0.20240000000000002      1.969749389054905        509.3189114829646
6.6375E-4                 0.20240000000000002      2.016713360058902        509.40725190286753
7.03E-4                   0.20240000000000002      2.0598192163845335       509.5029939810022
7.4225E-4                 0.20240000000000002      2.0990653901144265       509.6061701006389
7.815E-4                  0.20240000000000002      2.134543136528217        509.7168670202071
8.2075E-4                 0.20240000000000002      2.1670925351797825       509.83507399848065
8.6E-4                    0.20240000000000002      2.1969014539743976       509.9608372173276
8.9925E-4                 0.20240000000000002      2.2239823616131438       510.0940666905802
9.385E-4                  0.20240000000000002      2.248345212491284        510.2347721075745
9.7775E-4                 0.20240000000000002      2.2704144063191074       510.38298077423116
0.001017                  0.20240000000000002      2.290344615883244        510.5385136647453
0.00105625                0.20240000000000002      2.3081262543759236       510.7014628322064
0.0010955                 0.20240000000000002      2.3238191305975793       510.8717520668363
0.00113475                0.20240000000000002      2.337679477654283        511.04924521645967
0.001174                  0.20240000000000002      2.3497356408838943       511.23387793849184
0.00121325                0.20240000000000002      2.3599933446808046       511.42557357679055
0.0012525                 0.20240000000000002      2.3685860878378335       511.6242281691246
0.00129175                0.20240000000000002      2.375578747395816        511.8298014301077
0.001331                  0.20240000000000002      2.3809997678122468       512.0420384834821
0.00137025                0.20240000000000002      2.384878709497556        512.2609242828793
0.0014095                 0.20240000000000002      2.387327346984621        512.4862542729741
0.00144875                0.20240000000000002      2.3883496953636305       512.7180162571999
0.001488                  0.20240000000000002      2.3879630083189487       512.9560671368268
0.00152725                0.20240000000000002      2.3862061012558207       513.2001438168345
0.0015665                 0.20240000000000002      2.3831375422177903       513.4501044261151
0.00160575                0.20240000000000002      2.378786783021485        513.7056887272843
0.001645                  0.20240000000000002      2.3731538231681695       513.9668967203417
0.00168425                0.20240000000000002      2.3662342271232895       514.2338138070061
0.0017235                 0.20240000000000002      2.358080636351832        514.505963551772
0.00176275                0.20240000000000002      2.348735378779022        514.7830181971126
0.001802                  0.20240000000000002      2.338196935035694        515.0648847937671
0.00184125                0.20240000000000002      2.3264653047315678       515.3515633417353
0.0018805                 0.20240000000000002      2.313542451922154        515.6430308214696
0.00191975                0.20240000000000002      2.299466086859137        515.9387079964621
0.001959                  0.20240000000000002      2.28424579425036         516.2383803341478
0.00199825                0.20240000000000002      2.267881573781403        516.5420478345266
0.0020375                 0.20240000000000002      2.2503766301391015       516.8496573433201
0.00207675                0.20240000000000002      2.2317514988155276       517.1606908612
0.002116                  0.20240000000000002      2.212009094723535        517.4750301300693
0.00215525                0.20240000000000002      2.1911494176070745       517.792675149928
0.0021945                 0.20240000000000002      2.1691782512744475       518.113435717575
0.00223375                0.20240000000000002      2.146106887301619        518.4366973176766
0.002273                  0.20240000000000002      2.1219356048290914       518.7624210220555
0.00231225                0.20240000000000002      2.096664528524136        519.0906147296621
0.0023515                 0.20240000000000002      2.0702976940626088       519.4211153777441
0.00239075                0.20240000000000002      2.042842235434501        519.75337237359
0.00243                   0.20240000000000002      2.0142988131889927       520.0873315275355
0.00246925                0.20240000000000002      1.9846674272730545       520.4229928395805
0.0025085                 0.20240000000000002      1.9539498384497846       520.7601679413848
0.00254775                0.20240000000000002      1.922150392192654        521.0982841494254
0.002587                  0.20240000000000002      1.8892692218978502       521.4373035772436
0.0026262499999999997     0.20240000000000002      1.8553063821706692       521.7772255212902
0.0026655                 0.20240000000000002      1.820264824780981        522.1177916653678
0.0027047499999999997     0.20240000000000002      1.7841469805266872       522.4586188653842
0.002744                  0.20240000000000002      1.7469526235001755       522.7996970143237
0.0027832499999999997     0.20240000000000002      1.7086818141735152       523.1410233113045
0.0028225                 0.20240000000000002      1.6693379783042193       523.48218516018
0.0028617499999999997     0.20240000000000002      1.6289226836065946       523.822890291561
0.002901                  0.20240000000000002      1.5874359302184462       524.1631387054474
0.0029402499999999997     0.20240000000000002      1.5448782762968187       524.5029096919234
0.0029795                 0.20240000000000002      1.5012542591649745       524.841836656328
0.0030187499999999997     0.20240000000000002      1.4565650514857391       525.1797518714174
0.003058                  0.20240000000000002      1.410810605882231        525.5166537975864
0.0030972499999999997     0.20240000000000002      1.3639917325068773       525.8525175294227
0.0031365                 0.20240000000000002      1.316115295686372        526.186919470182
0.0031757499999999998     0.20240000000000002      1.2671828075503797       526.5197149886792
0.003215                  0.20240000000000002      1.2171942681538563       526.8509040849135
0.0032542499999999998     0.20240000000000002      1.1661484676830884       527.180418412418
0.0032935                 0.20240000000000002      1.1140494647735537       527.5082588317059
0.0033327499999999998     0.20240000000000002      1.060906744053341        527.8339942896469
0.003372                  0.20240000000000002      1.0067207482867078       528.1575648675571
0.00341125                0.20240000000000002      0.9514927285816277       528.4790020162156
0.0034505                 0.20240000000000002      0.8952226848206228       528.7983057356222
0.00348975                0.20240000000000002      0.8379108155547212       529.1154387644535
0.003529                  0.20240000000000002      0.7795664006865546       529.430056673679
0.00356825                0.20240000000000002      0.720194460567255        529.7421630245831
0.0036075                 0.20240000000000002      0.6597949949122145       530.0517578171662
0.00364675                0.20240000000000002      0.5983674586255395       530.3587740947164
0.003686                  0.20240000000000002      0.5359206029171804       530.6631410447541
0.00372525                0.20240000000000002      0.47245692350045365      530.9648559292712
0.0037645                 0.20240000000000002      0.40797800511264914      531.2638819190316
0.00380375                0.20240000000000002      0.3424898197312417       531.560154519589
0.0038429999999999996     0.20240000000000002      0.2759929053039486       531.8536749680679
0.00388225                0.20240000000000002      0.2084929556191545       532.1444248299161
0.0039215                 0.20240000000000002      0.13999185166123218      532.4323856890667
0.00396075                0.20240000000000002      0.07049317817534462      532.717580304653
0.004                     0.20240000000000002      9.74700442258185E-16     533.0000000000001
7.5E-5                    0.2046                   7.609795182100055E-17    487.61616890260865
1.1424999999999999E-4     0.2046                   0.393601373233028        487.6191701904981
1.535E-4                  0.2046                   0.6684969050641101       487.62923065156497
1.9275E-4                 0.2046                   0.8784781549939741       487.64759589305913
2.32E-4                   0.2046                   1.0492113170790498       487.6753224340499
2.7125E-4                 0.2046                   1.1899506530442896       487.71301247274477
3.1049999999999996E-4     0.2046                   1.311759838046528        487.7616215737425
3.4974999999999996E-4     0.2046                   1.4158585942811601       487.82127501813375
3.8899999999999997E-4     0.2046                   1.5084664750484675       487.89286267401724
4.2825E-4                 0.2046                   1.591251921372073        487.9768181775917
4.675E-4                  0.2046                   1.6641615053112746       488.0729944054731
5.0675E-4                 0.2046                   1.7295431409414008       488.18204035401004
5.459999999999999E-4      0.2046                   1.789501224866276        488.3042049329992
5.852499999999999E-4      0.2046                   1.8441190270166443       488.43957709114886
6.245E-4                  0.2046                   1.8935695034333924       488.58850882636716
6.6375E-4                 0.2046                   1.9380739419124182       488.75103236877067
7.03E-4                   0.2046                   1.9790448028010732       488.9273070201453
7.4225E-4                 0.2046                   2.016686648279181        489.11736059113014
7.815E-4                  0.2046                   2.05099947816728         489.32119308172486
8.2075E-4                 0.2046                   2.082067718889086        489.5389201253828
8.6E-4                    0.2046                   2.11035118168635         489.77068769558446
8.9925E-4                 0.2046                   2.1363244828713635       490.01634637709907
9.385E-4                  0.2046                   2.1599796635858675       490.2758923321595
9.7775E-4                 0.2046                   2.1812994514838064       490.549293247012
0.001017                  0.2046                   2.200410771451933        490.8365823624696
0.00105625                0.2046                   2.2176429433973004       491.1373443516296
0.0010955                 0.2046                   2.2330448498392417       491.45166973787923
0.00113475                0.2046                   2.246636479874064        491.7796405888178
0.001174                  0.2046                   2.258489178612738        492.12115185894606
0.00121325                0.2046                   2.268776444799938        492.4755535097815
0.0012525                 0.2046                   2.2775052317115887       492.8427580898841
0.00129175                0.2046                   2.2847228661394303       493.2229646306131
0.001331                  0.2046                   2.2904534447092146       493.61624412697046
0.00137025                0.2046                   2.2948281834538045       494.02165138506945
0.0014095                 0.2046                   2.2978771958743844       494.43896381152877
0.00144875                0.2046                   2.2996004825596965       494.8681814063478
0.001488                  0.2046                   2.300006218292566        495.3093382569101
0.00152725                0.2046                   2.299144196688852        495.76234260773435
0.0015665                 0.2046                   2.297085899861666        496.22612993074625
0.00160575                0.2046                   2.2938433453261826       496.7007443644933
0.001645                  0.2046                   2.2894109421178177       497.1860335590768
0.00168425                0.2046                   2.28379196211513         497.6819825772289
0.0017235                 0.2046                   2.2770358641926434       498.18776308716235
0.00176275                0.2046                   2.269152955173295        498.7029304159827
0.001802                  0.2046                   2.2601497556997705       499.2277076048829
0.00184125                0.2046                   2.2500299599540075       499.7618866241519
0.0018805                 0.2046                   2.2388119099734696       500.30439295637217
0.00191975                0.2046                   2.226498284846106        500.8550834508485
0.001959                  0.2046                   2.213095968071916        501.4139292600022
0.00199825                0.2046                   2.198611111533889        501.98072518570353
0.0020375                 0.2046                   2.1830451215673716       502.554525369551
0.00207675                0.2046                   2.166397982311174        503.13526411176605
0.002116                  0.2046                   2.1486748177868904       503.72267547961275
0.00215525                0.2046                   2.1298768020892695       504.31617870889426
0.0021945                 0.2046                   2.1100022372609546       504.91565308070886
0.00223375                0.2046                   2.0890513882843775       505.5206593495124
0.002273                  0.2046                   2.0670215362569033       506.13046748359494
0.00231225                0.2046                   2.04391265575252         506.74507518951356
0.0023515                 0.2046                   2.0197235172258474       507.36428061591255
0.00239075                0.2046                   1.994448222817752        507.98713565971195
0.00243                   0.2046                   1.9680853632495887       508.61349680609754
0.00246925                0.2046                   1.9406350198280855       509.24337702406444
0.0025085                 0.2046                   1.912092204292597        509.87614120589063
0.00254775                0.2046                   1.8824504664605364       510.5110965630597
0.002587                  0.2046                   1.8517095878978056       511.14820628205854
0.0026262499999999997     0.2046                   1.8198687798951718       511.78734539944367
0.0026655                 0.2046                   1.7869207289206888       512.4278129530272
0.0027047499999999997     0.2046                   1.7528612940180692       513.068960646333
0.002744                  0.2046                   1.7176913214332747       513.7109976238517
0.0027832499999999997     0.2046                   1.681408919007107        514.3536879690702
0.0028225                 0.2046                   1.6440051634267783       514.9961815447878
0.0028617499999999997     0.2046                   1.6054811770290152       515.6384572347002
0.002901                  0.2046                   1.5658353459764267       516.2799579970887
0.0029402499999999997     0.2046                   1.5250670352460596       516.9206435676485
0.0029795                 0.2046                   1.4831688584661882       517.5601815498896
0.0030187499999999997     0.2046                   1.440143529701961        518.1980311283894
0.003058                  0.2046                   1.3959914251390342       518.8341048609757
0.0030972499999999997     0.2046                   1.3507107087635006       519.4681930690633
0.0031365                 0.2046                   1.3042954192752938       520.0998973372792
0.0031757499999999998     0.2046                   1.2567499043417645       520.7290007883703
0.003215                  0.2046                   1.2080759094129874       521.355002905989
0.0032542499999999998     0.2046                   1.1582736414731025       521.9779206724908
0.0032935                 0.2046                   1.1073435997914438       522.5978569800795
0.0033327499999999998     0.2046                   1.055280549992898        523.2141255607816
0.003372                  0.2046                   1.002096842465149        523.8265070644376
0.00341125                0.2046                   0.9477893073668131       524.4349075482739
0.0034505                 0.2046                   0.8923579447255625       525.0393270122905
0.00348975                0.2046                   0.8358021756296007       525.6396688396242
0.003529                  0.2046                   0.7781287118638055       526.2353984917545
0.00356825                0.2046                   0.719342020888706        526.8264744427879
0.0036075                 0.2046                   0.6594419611539707       527.4128930329633
0.00364675                0.2046                   0.5984295900818294       527.9945284199115
0.003686                  0.2046                   0.5363137880718375       528.5711850753413
0.00372525                0.2046                   0.4730956164165794       529.1428859720606
0.0037645                 0.2046                   0.40877679361044544      529.7095598755949
0.00380375                0.2046                   0.34336466928175763      530.2710325432404
0.0038429999999999996     0.2046                   0.27685972361871625      530.8272972068984
0.00388225                0.2046                   0.20926739647799286      531.3783329049272
0.0039215                 0.2046                   0.1405908750719384       531.9241367337358
0.00396075                0.2046                   0.07083382681479962      532.4646940317307
0.004                     0.2046                   1.8742784606786058E-15   533
7.5E-5                    0.2068                   1.0730824584757841E-16   449.4606900753343
1.1424999999999999E-4     0.2068                   0.37057467773756375      449.46497722650764
1.535E-4                  0.2068                   0.6290227105214017       449.4800338000621
1.9275E-4                 0.2068                   0.826826614403575        449.5083814150135
2.32E-4                   0.2068                   0.9864418609942495       449.55185305843366
2.7125E-4                 0.2068                   1.118471233403889        449.611751064365
3.1049999999999996E-4     0.2068                   1.2323261238963907       449.68969299592675
3.4974999999999996E-4     0.2068                   1.3295898619158348       449.7860057836954
3.8899999999999997E-4     0.2068                   1.415883410134708        449.9022805430529
4.2825E-4                 0.2068                   1.4925353569536417       450.03906818559153
4.675E-4                  0.2068                   1.560116591755035        450.19659184015904
5.0675E-4                 0.2068                   1.6213748342805494       450.3757821234871
5.459999999999999E-4      0.2068                   1.6767164851269933       450.57693724855596
5.852499999999999E-4      0.2068                   1.726689514397214        450.80079027578716
6.245E-4                  0.2068                   1.7718643634572542       451.0474744095075
6.6375E-4                 0.2068                   1.813348977889745        451.31739641864687
7.03E-4                   0.2068                   1.8511491050388242       451.6106005308816
7.4225E-4                 0.2068                   1.8854190057015479       451.9275650074397
7.815E-4                  0.2068                   1.916455138894766        452.2683511482241
8.2075E-4                 0.2068                   1.945054279824357        452.6331715352492
8.6E-4                    0.2068                   1.9712795372010639       453.022082576509
8.9925E-4                 0.2068                   1.9951309086125097       453.4350842720032
9.385E-4                  0.2068                   2.0166083919339846       453.87217662173185
9.7775E-4                 0.2068                   2.035910437717281        454.3338468308876
0.001017                  0.2068                   2.053531634213533        454.819692771444
0.00105625                0.2068                   2.0694525204912977       455.3296407407694
0.0010955                 0.2068                   2.0836704034557543       455.8635399670202
0.00113475                0.2068                   2.0962045090532158       456.42144494572597
0.001174                  0.2068                   2.1072875982857244       457.00320822643585
0.00121325                0.2068                   2.116981271034946        457.6085327740794
0.0012525                 0.2068                   2.125285526692902        458.2374185886571
0.00129175                0.2068                   2.1322271832302353       458.8900482684923
0.001331                  0.2068                   2.1379626596740477       459.56566682279765
0.00137025                0.2068                   2.14249519665293         460.2639783623143
0.0014095                 0.2068                   2.145824054474195        460.984904382971
0.00144875                0.2068                   2.1480096249713165       461.72837951270407
0.001488                  0.2068                   2.1491162024586288       462.49346788408917
0.00152725                0.2068                   2.149142847888277        463.280223117132
0.0015665                 0.2068                   2.1480928825285486       464.08881945688233
0.00160575                0.2068                   2.146018940594157        464.9182659610168
0.001645                  0.2068                   2.1429369789380543       465.76810878685853
0.00168425                0.2068                   2.1388463991782687       466.6379059902668
0.0017235                 0.2068                   2.133758266318068        467.52743154793916
0.00176275                0.2068                   2.12769829697301         468.4366470325308
0.001802                  0.2068                   2.120669707550107        469.36487634186517
0.00184125                0.2068                   2.112670773108103        470.3108246545403
0.0018805                 0.2068                   2.103702233260753        471.2745019813402
0.00191975                0.2068                   2.0937772955407086       472.2562242063121
0.001959                  0.2068                   2.082893837805351        473.25463934991467
0.00199825                0.2068                   2.0710455018590532       474.26887810876224
0.0020375                 0.2068                   2.0582317316103778       475.29889224536043
0.00207675                0.2068                   2.04445171177851         476.3445220678601
0.002116                  0.2068                   2.0296970767995615       477.40461980816417
0.00215525                0.2068                   2.0139576595868047       478.47823403779444
0.0021945                 0.2068                   1.9972347038700862       479.56546526771785
0.00223375                0.2068                   1.9795207033246984       480.6658917392167
0.002273                  0.2068                   1.9607930851580022       481.7778657764849
0.00231225                0.2068                   1.9410513466415575       482.9012576012486
0.0023515                 0.2068                   1.9202944628998921       484.0359929666603
0.00239075                0.2068                   1.898501549157304        485.1809489492167
0.00243                   0.2068                   1.8756534958133577       486.3348135692821
0.00246925                0.2068                   1.8517484795678232       487.49748498264455
0.0025085                 0.2068                   1.826787413300935        488.66910093219275
0.00254775                0.2068                   1.8007403894504894       489.8478637300869
0.002587                  0.2068                   1.7735940729023383       491.0330891293352
0.0026262499999999997     0.2068                   1.745348068613157        492.2246157638345
0.0026655                 0.2068                   1.7159949431543124       493.42222764365226
0.0027047499999999997     0.2068                   1.6855040495572673       494.6238380632358
0.002744                  0.2068                   1.6538718645609545       495.82926308913187
0.0027832499999999997     0.2068                   1.621097884430339        497.0387241863402
0.0028225                 0.2068                   1.587169423594773        498.25128291301075
0.0028617499999999997     0.2068                   1.5520591909763053       499.46511780891274
0.002901                  0.2068                   1.5157662713177207       500.68018683725074
0.0029402499999999997     0.2068                   1.4782918261524283       501.8963493775192
0.0029795                 0.2068                   1.43961904635155         503.11296025462354
0.0030187499999999997     0.2068                   1.3997333482640129       504.32822601074247
0.003058                  0.2068                   1.3586343811689379       505.54244217972536
0.0030972499999999997     0.2068                   1.3163212624952423       506.7554704315735
0.0031365                 0.2068                   1.272776784130409        507.9657176726651
0.0031757499999999998     0.2068                   1.2279949607674812       509.1729957826613
0.003215                  0.2068                   1.1819756921083193       510.37641348961904
0.0032542499999999998     0.2068                   1.1347181864415932       511.57562997665013
0.0032935                 0.2068                   1.0862168023927372       512.7704921804625
0.0033327499999999998     0.2068                   1.0364678344525067       513.9605063701612
0.003372                  0.2068                   0.9854668601580209       515.1442861495915
0.00341125                0.2068                   0.9332138547412373       516.3217540578465
0.0034505                 0.2068                   0.8797064120410458       517.4928251083844
0.00348975                0.2068                   0.8249445726335554       518.6572016189472
0.003529                  0.2068                   0.7689331527540679       519.8137009200535
0.00356825                0.2068                   0.7116699597559885       520.9622398279397
0.0036075                 0.2068                   0.6531565385588696       522.1029625052563
0.00364675                0.2068                   0.5933943170851611       523.2350451478862
0.003686                  0.2068                   0.5323929328387126       524.3582133120403
0.00372525                0.2068                   0.4701484095512217       525.4723878947258
0.0037645                 0.2068                   0.4066638839354065       526.5773404099217
0.00380375                0.2068                   0.34194760670105856      527.6725607766726
0.0038429999999999996     0.2068                   0.27600001320523543      528.7580044000473
0.00388225                0.2068                   0.2088276304598647       529.8336091361894
0.0039215                 0.2068                   0.1404336936051014       530.8992313752722
0.00396075                0.2068                   0.07082297792603487      531.954689699483
0.004                     0.2068                   9.438285300437887E-16    533.0000000000001
7.5E-5                    0.20900000000000002      3.213518903304704E-17    391.1273430413296
1.1424999999999999E-4     0.20900000000000002      0.3322876093960776       391.12857580494847
1.535E-4                  0.20900000000000002      0.5635746132425088       391.13671984459705
1.9275E-4                 0.20900000000000002      0.7402867349162552       391.15618730493145
2.32E-4                   0.20900000000000002      0.8824194119393605       391.18991557440444
2.7125E-4                 0.20900000000000002      0.9998430973920378       391.2399133206567
3.1049999999999996E-4     0.20900000000000002      1.1006462295528157       391.3084798341411
3.4974999999999996E-4     0.20900000000000002      1.1863357185055354       391.3961825997401
3.8899999999999997E-4     0.20900000000000002      1.2623670383903665       391.5053751785235
4.2825E-4                 0.20900000000000002      1.3294403611655714       391.6363909487949
4.675E-4                  0.20900000000000002      1.3883761100664407       391.7898861665976
5.0675E-4                 0.20900000000000002      1.4417888888835324       391.9677926542969
5.459999999999999E-4      0.20900000000000002      1.489795842914513        392.1703360355734
5.852499999999999E-4      0.20900000000000002      1.5330669670780115       392.3979483947157
6.245E-4                  0.20900000000000002      1.571905209404295        392.6509218118813
6.6375E-4                 0.20900000000000002      1.6075836876887066       392.9311639629452
7.03E-4                   0.20900000000000002      1.6401689957304864       393.2387607537393
7.4225E-4                 0.20900000000000002      1.6696549944435182       393.5737008895009
7.815E-4                  0.20900000000000002      1.6960186676060591       393.9359032615849
8.2075E-4                 0.20900000000000002      1.7202609287495807       394.3270290451849
8.6E-4                    0.20900000000000002      1.7424128991402021       394.7472394533631
8.9925E-4                 0.20900000000000002      1.76249305179718         395.1966086882826
9.385E-4                  0.20900000000000002      1.780510918385716        395.675150743319
9.7775E-4                 0.20900000000000002      1.7969155670584211       396.1839170033377
0.001017                  0.20900000000000002      1.811660726150306        396.72318950372755
0.00105625                0.20900000000000002      1.8249667747333953       397.29307223578616
0.0010955                 0.20900000000000002      1.8368335203538984       397.89360399988544
0.00113475                0.20900000000000002      1.847375427521268        398.5255082741904
0.001174                  0.20900000000000002      1.8566018554081862       399.1889381070695
0.00121325                0.20900000000000002      1.8646888910754122       399.8843953899923
0.0012525                 0.20900000000000002      1.8716601788749128       400.61175940032956
0.00129175                0.20900000000000002      1.87750407206951         401.3711376229687
0.001331                  0.20900000000000002      1.8823082665699697       402.1628408384152
0.00137025                0.20900000000000002      1.8861589160674348       402.98770557217557
0.0014095                 0.20900000000000002      1.889054424012533        403.8457597754475
0.00144875                0.20900000000000002      1.8910092559870906       404.73699439542884
0.001488                  0.20900000000000002      1.8920807901009602       405.66164581416774
0.00152725                0.20900000000000002      1.8923077172805296       406.62008685816306
0.0015665                 0.20900000000000002      1.8916829016015735       407.61211272556466
0.00160575                0.20900000000000002      1.8902265641241045       408.63810771036833
0.001645                  0.20900000000000002      1.8879800543317957       409.69869387004707
0.00168425                0.20900000000000002      1.884946750933254        410.7936421138744
0.0017235                 0.20900000000000002      1.8811372963887925       411.9230314973097
0.00176275                0.20900000000000002      1.8765602817206641       413.08689850214523
0.001802                  0.20900000000000002      1.8712332703519752       414.2858921815771
0.00184125                0.20900000000000002      1.8651555829835214       415.5201570494814
0.0018805                 0.20900000000000002      1.8583272204135746       416.7896931058581
0.00191975                0.20900000000000002      1.8507622920754896       418.0951172211728
0.001959                  0.20900000000000002      1.8424563703708796       419.4360381479105
0.00199825                0.20900000000000002      1.8334031203458374       420.8123189360277
0.0020375                 0.20900000000000002      1.8235993615600679       422.2241412479395
0.00207675                0.20900000000000002      1.8130454958523243       423.6717062134604
0.002116                  0.20900000000000002      1.8017425389783104       425.15594381646673
0.00215525                0.20900000000000002      1.789666785900057        426.67576544761283
0.0021945                 0.20900000000000002      1.7768103817870347       428.23199864504545
0.00223375                0.20900000000000002      1.763173257616006        429.82439401215584
0.002273                  0.20900000000000002      1.7487503020362738       431.45337455376614
0.00231225                0.20900000000000002      1.7335057724952043       433.1180831024442
0.0023515                 0.20900000000000002      1.717428243525237        434.81913306072727
0.00239075                0.20900000000000002      1.7005177151694313       436.5565244286155
0.00243                   0.20900000000000002      1.6827594586542192       438.3308716421527
0.00246925                0.20900000000000002      1.6641040768972366       440.1408737570644
0.0025085                 0.20900000000000002      1.6445471829100275       441.98671815245854
0.00254775                0.20900000000000002      1.6240844390301559       443.86959008992244
0.002587                  0.20900000000000002      1.602690379983314        445.78801818251816
0.0026262499999999997     0.20900000000000002      1.5803072614456946       447.74209942267
0.0026655                 0.20900000000000002      1.556932874959332        449.7320685603459
0.0027047499999999997     0.20900000000000002      1.5325674089065695       451.75778073973487
0.002744                  0.20900000000000002      1.5071604283261526       453.81870024078853
0.0027832499999999997     0.20900000000000002      1.480664836717204        455.91421100771555
0.0028225                 0.20900000000000002      1.4530805681334344       458.0444473664454
0.0028617499999999997     0.20900000000000002      1.4243995390916966       460.2097309781821
0.002901                  0.20900000000000002      1.3945540490721304       462.4082222523009
0.0029402499999999997     0.20900000000000002      1.3635266182229488       464.63973376415385
0.0029795                 0.20900000000000002      1.3313110379367106       466.905765902074
0.0030187499999999997     0.20900000000000002      1.297852016431972        469.202839709874
0.003058                  0.20900000000000002      1.2631143723392053       471.5313844480719
0.0030972499999999997     0.20900000000000002      1.2271100693891148       473.89043400483985
0.0031365                 0.20900000000000002      1.189808136080877        476.2801143658736
0.0031757499999999998     0.20900000000000002      1.1511551728205387       478.6968893309958
0.003215                  0.20900000000000002      1.1111217152780448       481.14292495093343
0.0032542499999999998     0.20900000000000002      1.0697077263598371       483.61843815216
0.0032935                 0.20900000000000002      1.026878756504721        486.1195645189202
0.0033327499999999998     0.20900000000000002      0.9826084845284894       488.6407789993959
0.003372                  0.20900000000000002      0.936896911297206        491.1820815935878
0.00341125                0.20900000000000002      0.8897131901143513       493.74540794848104
0.0034505                 0.20900000000000002      0.8410482853138556       496.33278581429215
0.00348975                0.20900000000000002      0.7908805171737416       498.9342581235973
0.003529                  0.20900000000000002      0.7392008987040118       501.54708635300506
0.00356825                0.20900000000000002      0.6860094282183248       504.171270502515
0.0036075                 0.20900000000000002      0.6313061041114458       506.8068105721274
0.00364675                0.20900000000000002      0.5750537708317077       509.44891531151944
0.003686                  0.20900000000000002      0.5172652878136715       512.092765132465
0.00372525                0.20900000000000002      0.4579448635353032       514.738112964444
0.0037645                 0.20900000000000002      0.39709243076352047      517.383347725653
0.00380375                0.20900000000000002      0.3347077282340486       520.0198917823122
0.0038429999999999996     0.20900000000000002      0.27079466679392405      522.6462145250824
0.00388225                0.20900000000000002      0.2053625989368434       525.2614306780666
0.0039215                 0.20900000000000002      0.13841430447413397      527.861604526908
0.00396075                0.20900000000000002      0.06995776316543789      530.4415456253527
0.004                     0.20900000000000002      1.4260583894422882E-15   533
7.5E-5                    0.2112                   5.399798365833727E-17    335.9819570879708
1.1424999999999999E-4     0.2112                   0.279545351775993        335.9781273359632
1.535E-4                  0.2112                   0.47428149189334035      335.9709892612817
1.9275E-4                 0.2112                   0.6231196607053671       335.9644168172207
2.32E-4                   0.2112                   0.7429535151828036       335.9608156255106
2.7125E-4                 0.2112                   0.8420955092544183       335.96162335026236
3.1049999999999996E-4     0.2112                   0.9271444483732088       335.968374083263
3.4974999999999996E-4     0.2112                   0.9995480382271926       335.9814368967556
3.8899999999999997E-4     0.2112                   1.064068771939901        336.00272743091216
4.2825E-4                 0.2112                   1.1209986348731347       336.03228973455117
4.675E-4                  0.2112                   1.1708250506771465       336.0704923928275
5.0675E-4                 0.2112                   1.2157715986763105       336.1179434407512
5.459999999999999E-4      0.2112                   1.2565946555543595       336.1755016950441
5.852499999999999E-4      0.2112                   1.2936745410070383       336.2437469510526
6.245E-4                  0.2112                   1.327011246654893        336.322679208777
6.6375E-4                 0.2112                   1.3567885315265098       336.4123984176204
7.03E-4                   0.2112                   1.3839884166628726       336.5134528261567
7.4225E-4                 0.2112                   1.4090306815824323       336.62643824633216
7.815E-4                  0.2112                   1.4318090799557668       336.7514047282438
8.2075E-4                 0.2112                   1.4523236047962147       336.88835227189196
8.6E-4                    0.2112                   1.4706724111217055       337.03732416704054
8.9925E-4                 0.2112                   1.4873889060255165       337.1992163209811
9.385E-4                  0.2112                   1.502450249867896        337.3743161460844
9.7775E-4                 0.2112                   1.5160143508467814       337.5621341051431
0.001017                  0.2112                   1.5280744359555631       337.76267093494164
0.00105625                0.2112                   1.538831206015601        337.97671005573
0.0010955                 0.2112                   1.5483030235206652       338.2043608330953
0.00113475                0.2112                   1.5564916364225756       338.4456149569614
0.001174                  0.2112                   1.563546686181439        338.7004469491499
0.00121325                0.2112                   1.5695479516209596       338.969097043708
0.0012525                 0.2112                   1.5744902785674975       339.251625345435
0.00129175                0.2112                   1.5783861493459712       339.5479681072078
0.001331                  0.2112                   1.5813310155966214       339.85855589082786
0.00137025                0.2112                   1.5833412502272028       340.18377026750653
0.0014095                 0.2112                   1.5844525894871664       340.52288239627217
0.00144875                0.2112                   1.5846808674138457       340.87611409355117
0.001488                  0.2112                   1.5840824274956702       341.2439342424794
0.00152725                0.2112                   1.582664135051897        341.6262612894844
0.0015665                 0.2112                   1.5804253807968196       342.0231222090268
0.00160575                0.2112                   1.577407182042698        342.4345646853383
0.001645                  0.2112                   1.5736458546927683       342.8604671302801
0.00168425                0.2112                   1.5691416116016728       343.3007916920472
0.0017235                 0.2112                   1.5638955915102533       343.7554610385399
0.00176275                0.2112                   1.557934918525674        344.22454325783923
0.001802                  0.2112                   1.551269884668001        344.70891474928123
0.00184125                0.2112                   1.5439150301460416       345.2075590858108
0.0018805                 0.2112                   1.5358722732599563       345.7200384627142
0.00191975                0.2112                   1.5271510024201314       346.24688834934125
0.001959                  0.2112                   1.5177613846018414       346.7882894921855
0.00199825                0.2112                   1.507704926532464        347.343948514984
0.0020375                 0.2112                   1.496992785064808        347.9131601257897
0.00207675                0.2112                   1.4856278846014113       348.49646387278426
0.002116                  0.2112                   1.4736100316404273       349.093588590722
0.00215525                0.2112                   1.4609428473889694       349.70401495187514
0.0021945                 0.2112                   1.4476290373078058       350.3276074107416
0.00223375                0.2112                   1.43366874022131         350.96416495267124
0.002273                  0.2112                   1.4190618616218904       351.61373495851893
0.00231225                0.2112                   1.4038059551759299       352.2758236165217
0.0023515                 0.2112                   1.3878998130840277       352.94965120359524
0.00239075                0.2112                   1.3713434345429365       353.6352177197395
0.00243                   0.2112                   1.3541331653863478       354.331908093311
0.00246925                0.2112                   1.33625754519062         355.0396182137375
0.0025085                 0.2112                   1.3177159170298987       355.7577394322965
0.00254775                0.2112                   1.2985087397277877       356.48525509196645
0.002587                  0.2112                   1.278623482774347        357.22241321209435
0.0026262499999999997     0.2112                   1.258045529863778        357.9672592227232
0.0026655                 0.2112                   1.2367751538170961       358.7199623872427
0.0027047499999999997     0.2112                   1.21481147441201         359.48031334880307
0.002744                  0.2112                   1.1921283503878328       360.2467363903621
0.0027832499999999997     0.2112                   1.1687166269171605       361.0178859722595
0.0028225                 0.2112                   1.1445762087568572       361.7936896890383
0.0028617499999999997     0.2112                   1.119699358787912        362.57326439198897
0.002901                  0.2112                   1.094050007651357        363.354093030071
0.0029402499999999997     0.2112                   1.067623742868642        364.1358549430978
0.0029795                 0.2112                   1.0404201502861552       364.9167418007908
0.0030187499999999997     0.2112                   1.012417953258611        365.69737538904513
0.003058                  0.2112                   0.9835824275847774       366.47267725324
0.0030972499999999997     0.2112                   0.9539151157341801       367.2437568186948
0.0031365                 0.2112                   0.9234151157212385       368.00951491260264
0.0031757499999999998     0.2112                   0.8920346334570249       368.7657666597464
0.003215                  0.2112                   0.8597561022575355       369.5114350235794
0.0032542499999999998     0.2112                   0.8265784074031473       370.24558615091377
0.0032935                 0.2112                   0.7924979160794127       370.9677051292597
0.0033327499999999998     0.2112                   0.757457669304827        371.6713913766829
0.003372                  0.2112                   0.7214422577872402       372.35502119767455
0.00341125                0.2112                   0.6844507625317375       373.01805358607703
0.0034505                 0.2112                   0.6464797374201752       373.6597087831897
0.00348975                0.2112                   0.6074774773698051       374.2752722384497
0.003529                  0.2112                   0.5674183252772256       374.8593046202576
0.00356825                0.2112                   0.5263022799372652       375.41180592861355
0.0036075                 0.2112                   0.4841296322793781       375.9335390244183
0.00364675                0.2112                   0.4408677936523875       376.4190853188219
0.003686                  0.2112                   0.39647501341027713      376.8621607014157
0.00372525                0.2112                   0.3509571085416457       377.2634151871891
0.0037645                 0.2112                   0.30430893168785267      377.62172436160847
0.00380375                0.2112                   0.25650737640416904      377.9305890537717
0.0038429999999999996     0.2112                   0.20754779345155763      378.1887348269657
0.00388225                0.2112                   0.15741599571325413      378.393804285884
0.0039215                 0.2112                   0.10611428181401847      378.5439603341699
0.00396075                0.2112                   0.05364172768809226      378.63536589027285
0.004                     0.2112                   1.0327771008095986E-15   378.666426721621
7.5E-5                    0.2134                   4.845297811088833E-17    310.10204471533774
1.1424999999999999E-4     0.2134                   0.25120566164214725      310.099924080361
1.535E-4                  0.2134                   0.4265309384400939       310.095256401857
1.9275E-4                 0.2134                   0.560836349253033        310.0895502698077
2.32E-4                   0.2134                   0.6695760912245876       310.08372779358444
2.7125E-4                 0.2134                   0.7595309212361385       310.07821678122195
3.1049999999999996E-4     0.2134                   0.8369968303101947       310.07358592076855
3.4974999999999996E-4     0.2134                   0.9035087143371903       310.07008491219136
3.8899999999999997E-4     0.2134                   0.9626705701041663       310.0681847743663
4.2825E-4                 0.2134                   1.0148745270922916       310.06790191501136
4.675E-4                  0.2134                   1.0613194237519876       310.06952794652625
5.0675E-4                 0.2134                   1.1035711351336919       310.0733709384541
5.459999999999999E-4      0.2134                   1.1416288886484203       310.0794322293631
5.852499999999999E-4      0.2134                   1.175617629941272        310.08776602255597
6.245E-4                  0.2134                   1.2068243115044375       310.09873783268074
6.6375E-4                 0.2134                   1.2354673456857599       310.11240739234637
7.03E-4                   0.2134                   1.2614896674191163       310.12877492659624
7.4225E-4                 0.2134                   1.2848912799836958       310.1478404354306
7.815E-4                  0.2134                   1.306218278982837        310.1698675996668
8.2075E-4                 0.2134                   1.3256494341983989       310.1949375277705
8.6E-4                    0.2134                   1.3434057710598275       310.2230974075757
8.9925E-4                 0.2134                   1.3594874399394796       310.2543512011303
9.385E-4                  0.2134                   1.373880575812671        310.28866628135415
9.7775E-4                 0.2134                   1.3867911341074044       310.3261429405103
0.001017                  0.2134                   1.3984053657483355       310.3669116497789
0.00105625                0.2134                   1.4086910474087126       310.4109957991755
0.0010955                 0.2134                   1.4176895945059549       310.45839305480735
0.00113475                0.2134                   1.4255483089774952       310.509078873114
0.001174                  0.2134                   1.432280078106954        310.5630502441114
0.00121325                0.2134                   1.4378818354181413       310.62043023161743
0.0012525                 0.2134                   1.442446546218945        310.6812523149789
0.00129175                0.2134                   1.4460359499410134       310.7455504923728
0.001331                  0.2134                   1.4486654046547005       310.81321423786926
0.00137025                0.2134                   1.4503349124299676       310.8842435514682
0.0014095                 0.2134                   1.4510988019602413       310.9586529314326
0.00144875                0.2134                   1.4509955334141404       311.03663282005056
0.001488                  0.2134                   1.4500366445746915       311.1180736399994
0.00152725                0.2134                   1.44824343321232         311.20276932654974
0.0015665                 0.2134                   1.4456363387756381       311.29079710189
0.00160575                0.2134                   1.4422493789726067       311.3823060296605
0.001645                  0.2134                   1.4380838848610664       311.4772044231181
0.00168425                0.2134                   1.4331492184413026       311.57539191743564
0.0017235                 0.2134                   1.427482178608518        311.67688160959693
0.00176275                0.2134                   1.4210960490762417       311.78157445858545
0.001802                  0.2134                   1.4139908304051554       311.88947046440114
0.00184125                0.2134                   1.4061660603382498       312.0005939698079
0.0018805                 0.2134                   1.3976513495821963       312.1149137310639
0.00191975                0.2134                   1.3884645357563652       312.232279430689
0.001959                  0.2134                   1.3786068040089567       312.3526430381558
0.00199825                0.2134                   1.3680781543857985       312.4760045534644
0.0020375                 0.2134                   1.3568833851270223       312.6022600274001
0.00207675                0.2134                   1.3450429990410677       312.73146403835085
0.002116                  0.2134                   1.3325655361182205       312.86335786378476
0.00215525                0.2134                   1.3194510789655016       312.99789968278725
0.0021945                 0.2134                   1.3056991165846126       313.13511420125695
0.00223375                0.2134                   1.2913179945803004       313.2748129526264
0.002273                  0.2134                   1.2763183280791022       313.416660531149
0.00231225                0.2134                   1.2607000633240215       313.5607280129711
0.0023515                 0.2134                   1.2444631373008723       313.7071704279171
0.00239075                0.2134                   1.2276150076700463       313.85572004422045
0.00243                   0.2134                   1.2101581562711767       314.0060235006285
0.00246925                0.2134                   1.1920929968979486       314.15810598257633
0.0025085                 0.2134                   1.1734199701443278       314.3119603069307
0.00254775                0.2134                   1.1541424436747267       314.467098611696
0.002587                  0.2134                   1.1342614219212068       314.6233080154128
0.0026262499999999997     0.2134                   1.113776330181606        314.7806206812881
0.0026655                 0.2134                   1.0926878703746432       314.93917935824146
0.0027047499999999997     0.2134                   1.07099610938789         315.09837513510854
0.002744                  0.2134                   1.0486979357391757       315.2579237215233
0.0027832499999999997     0.2134                   1.0257951222284907       315.4179089232463
0.0028225                 0.2134                   1.002287256027192        315.57826965488425
0.0028617499999999997     0.2134                   0.9781695095943316       315.7382226356087
0.002901                  0.2134                   0.9534404918205002       315.8975298706343
0.0029402499999999997     0.2134                   0.9280998693444638       316.0561751026992
0.0029795                 0.2134                   0.9021452729136649       316.21416362862345
0.0030187499999999997     0.2134                   0.8755739497970496       316.37101944154375
0.003058                  0.2134                   0.8483766515120189       316.52616986560395
0.0030972499999999997     0.2134                   0.8205560083016902       316.67958435481034
0.0031365                 0.2134                   0.7921124052445903       316.8312484619746
0.0031757499999999998     0.2134                   0.7630381363414199       316.9803305831672
0.003215                  0.2134                   0.733322370521046        317.1263792589736
0.0032542499999999998     0.2134                   0.7029681462315883       317.2694971400946
0.0032935                 0.2134                   0.6719757998098157       317.4096823677139
0.0033327499999999998     0.2134                   0.6403317888788617       317.545660210082
0.003372                  0.2134                   0.6080325055972506       317.6770485444481
0.00341125                0.2134                   0.5750779514257784       317.803847370812
0.0034505                 0.2134                   0.5414718045784926       317.9262127765069
0.00348975                0.2134                   0.5072010054525043       318.0434263124254
0.003529                  0.2134                   0.47225743811146303      318.15429078289753
0.00356825                0.2134                   0.43664352903286496      318.25886591186156
0.0036075                 0.2134                   0.4003580557291504       318.35712715636873
0.00364675                0.2134                   0.3633955051421396       318.44841336709464
0.003686                  0.2134                   0.32574819652168574      318.5316516924078
0.00372525                0.2134                   0.2874208625922603       318.60712653649273
0.0037645                 0.2134                   0.24841110704842775      318.6742336121034
0.00380375                0.2134                   0.20871719036702563      318.73213599249493
0.0038429999999999996     0.2134                   0.1683377451214404       318.78066643604643
0.00388225                0.2134                   0.12727401230025398      318.8192333012577
0.0039215                 0.2134                   0.08552832604548569      318.8474361663171
0.00396075                0.2134                   0.043102394440358544     318.8646650851941
0.004                     0.2134                   2.8107053125746554E-16   318.8705318019214
7.5E-5                    0.2156                   4.684539167746887E-17    302.4224254295949
1.1424999999999999E-4     0.2156                   0.24375801240276387      302.42181185255544
1.535E-4                  0.2156                   0.41407167245990584      302.4204376873694
1.9275E-4                 0.2156                   0.5446449015746982       302.418713094065
2.32E-4                   0.2156                   0.6502690095077726       302.4168718143904
2.7125E-4                 0.2156                   0.7379971347741603       302.41504683844744
3.1049999999999996E-4     0.2156                   0.8136536184864892       302.41339913666934
3.4974999999999996E-4     0.2156                   0.8784155220965973       302.4119642820082
3.8899999999999997E-4     0.2156                   0.9363642412603195       302.41090449220167
4.2825E-4                 0.2156                   0.98794581155622         302.4102442011907
4.675E-4                  0.2156                   1.0332380150768838       302.4099871419214
5.0675E-4                 0.2156                   1.0740826102048529       302.41020266132386
5.459999999999999E-4      0.2156                   1.1116234676003804       302.41100599191276
5.852499999999999E-4      0.2156                   1.1458468064655254       302.41239824389584
6.245E-4                  0.2156                   1.1767160094935665       302.4143751111079
6.6375E-4                 0.2156                   1.2044777785449663       302.41695771970643
7.03E-4                   0.2156                   1.2300072998303608       302.42025152337334
7.4225E-4                 0.2156                   1.253398536812247        302.4242484487034
7.815E-4                  0.2156                   1.274730935420097        302.4289469864774
8.2075E-4                 0.2156                   1.2940044967394773       302.43434713669535
8.6E-4                    0.2156                   1.3115307638751579       302.4404937324882
8.9925E-4                 0.2156                   1.3274520366138054       302.44743477478636
9.385E-4                  0.2156                   1.3417541596724756       302.4551698135283
9.7775E-4                 0.2156                   1.354614476574562        302.46368275975465
0.001017                  0.2156                   1.3661139348960962       302.47298089375363
0.00105625                0.2156                   1.3763692589389047       302.4830972942722
0.0010955                 0.2156                   1.385368419860186        302.49403634897635
0.00113475                0.2156                   1.3931253506723225       302.50580521216153
0.001174                  0.2156                   1.3997796407011716       302.51844073112306
0.00121325                0.2156                   1.4053683825320726       302.5319162104153
0.0012525                 0.2156                   1.4099067486668166       302.5462215677442
0.00129175                0.2156                   1.4134241962273664       302.5613691845704
0.001331                  0.2156                   1.4159856589339592       302.577389698622
0.00137025                0.2156                   1.4175931675111533       302.59428451124245
0.0014095                 0.2156                   1.4182935711490658       302.61201681339196
0.00144875                0.2156                   1.4181125544002318       302.63059774240645
0.001488                  0.2156                   1.4170718711582904       302.6500331643716
0.00152725                0.2156                   1.415170292317927        302.67032925897087
0.0015665                 0.2156                   1.4124708462062372       302.69148735657046
0.00160575                0.2156                   1.4089694647680067       302.7134949988906
0.001645                  0.2156                   1.4046670923268039       302.73634823760875
0.00168425                0.2156                   1.399605418028345        302.7600284891204
0.0017235                 0.2156                   1.3938052324407786       302.78451978579625
0.00176275                0.2156                   1.3872665356046225       302.80982212763627
0.001802                  0.2156                   1.3799882705117785       302.83595394657533
0.00184125                0.2156                   1.3719972303759833       302.8629133668307
0.0018805                 0.2156                   1.3633167910716872       302.8906424372452
0.00191975                0.2156                   1.3539470448363806       302.91914074115
0.001959                  0.2156                   1.3438879916055955       302.9484082785449
0.00199825                0.2156                   1.3331579805678972       302.9784077578098
0.0020375                 0.2156                   1.3217633386112133       303.0091912307518
0.00207675                0.2156                   1.3097194326036659       303.0406745931111
0.002116                  0.2156                   1.297030449100616        303.0728223345569
0.00215525                0.2156                   1.2836970290357987       303.10563038051527
0.0021945                 0.2156                   1.2697302471801086       303.1390909195346
0.00223375                0.2156                   1.255137124615484        303.1732250137029
0.002273                  0.2156                   1.2399269204372325       303.2079238658013
0.00231225                0.2156                   1.2240996345175856       303.24318747583
0.0023515                 0.2156                   1.2076571691779503       303.2789980148081
0.00239075                0.2156                   1.1906101528743707       303.3153521885247
0.00243                   0.2156                   1.1729664427861428       303.35214095614515
0.00246925                0.2156                   1.1547256553127005       303.38937334620596
0.0025085                 0.2156                   1.1358878128388559       303.42704663054707
0.00254775                0.2156                   1.1164589807063692       303.46509126334763
0.002587                  0.2156                   1.0964479319936509       303.50342639824083
0.0026262499999999997     0.2156                   1.0758557380719629       303.542018726826
0.0026655                 0.2156                   1.0546823988055463       303.5808682491033
0.0027047499999999997     0.2156                   1.0329294074181785       303.6199233273443
0.002744                  0.2156                   1.0105996282852823       303.6590905862426
0.0027832499999999997     0.2156                   0.9877009195282254       303.6983406016478
0.0028225                 0.2156                   0.9642330585268234       303.7375782651291
0.0028617499999999997     0.2156                   0.9401959413378685       303.7767918301648
0.002901                  0.2156                   0.9155895679307707       303.8159812967549
0.0029402499999999997     0.2156                   0.8904176450458798       303.85498517159226
0.0029795                 0.2156                   0.8646831589133167       303.8937987102307
0.0030187499999999997     0.2156                   0.838386512778669        303.9323070460403
0.003058                  0.2156                   0.8115283159249496       303.97037446357547
0.0030972499999999997     0.2156                   0.7841085684472944       304.0080009628361
0.0031365                 0.2156                   0.7561275255769669       304.045186264982
0.0031757499999999998     0.2156                   0.7275884734186276       304.08178556147357
0.003215                  0.2156                   0.698492075308707        304.1176384825675
0.0032542499999999998     0.2156                   0.6688383133381985       304.152744990819
0.0032935                 0.2156                   0.6386271341926713       304.1871051938363
0.0033327499999999998     0.2156                   0.6078584828153522       304.22051027740474
0.003372                  0.2156                   0.5765329715398148       304.25279501037033
0.00341125                0.2156                   0.544650856707144        304.2839524978464
0.0034505                 0.2156                   0.5122143984305614       304.31394569167975
0.00348975                0.2156                   0.4792220931871287       304.3426835130082
0.003529                  0.2156                   0.4456744887398223       304.3698713105554
0.00356825                0.2156                   0.41157175756360387      304.39549850442313
0.0036075                 0.2156                   0.3769138996843096       304.41956509461147
0.00364675                0.2156                   0.3417025944284277       304.441933042571
0.003686                  0.2156                   0.30593851776984016      304.4623688860523
0.00372525                0.2156                   0.2696212695105111       304.48082007535044
0.0037645                 0.2156                   0.23275107809328993      304.4972578101
0.00380375                0.2156                   0.1953303640253473       304.51144622898204
0.0038429999999999996     0.2156                   0.1573595878223114       304.5233315761402
0.00388225                0.2156                   0.11883932273364779      304.53276212833345
0.0039215                 0.2156                   0.0797714916789026       304.53966648458515
0.00396075                0.2156                   0.04015783292296558      304.5438939030328
0.004                     0.2156                   2.112618958455525E-16    304.5453297987759
7.5E-5                    0.21780000000000002      1.3939669809892429E-16   300.45463928869435
1.1424999999999999E-4     0.21780000000000002      0.24213936643403922      300.4544774073053
1.535E-4                  0.21780000000000002      0.4113642926318856       300.45411028712533
1.9275E-4                 0.21780000000000002      0.5411016835278145       300.45364042746775
2.32E-4                   0.21780000000000002      0.6460478134434054       300.45312585063033
2.7125E-4                 0.21780000000000002      0.7333750497570999       300.45260262877207
3.1049999999999996E-4     0.21780000000000002      0.8084643576739913       300.4521075167173
3.4974999999999996E-4     0.21780000000000002      0.8729692748276302       300.4516523966322
3.8899999999999997E-4     0.21780000000000002      0.9307624129445716       300.45127606263884
4.2825E-4                 0.21780000000000002      0.9820132356132825       300.4509809069913
4.675E-4                  0.21780000000000002      1.0269516526300255       300.4507685351854
5.0675E-4                 0.21780000000000002      1.0678203915707882       300.45067194215574
5.459999999999999E-4      0.21780000000000002      1.10526405054078         300.450703936023
5.852499999999999E-4      0.21780000000000002      1.1392826296767655       300.4508645167872
6.245E-4                  0.21780000000000002      1.1698761297996836       300.45115368444823
6.6375E-4                 0.21780000000000002      1.1976935744319668       300.4515854449884
7.03E-4                   0.21780000000000002      1.2232358060327317       300.4521798882486
7.4225E-4                 0.21780000000000002      1.2466209361849043       300.4529343830497
7.815E-4                  0.21780000000000002      1.2678686757402322       300.4538492527655
8.2075E-4                 0.21780000000000002      1.286979024985663        300.45492449739606
8.6E-4                    0.21780000000000002      1.304513507188168        300.45617606345434
8.9925E-4                 0.21780000000000002      1.3204246937375206       300.4576136348375
9.385E-4                  0.21780000000000002      1.3347421043650307       300.45923402898603
9.7775E-4                 0.21780000000000002      1.3474959114247431       300.46103423191647
0.001017                  0.21780000000000002      1.3589703505599204       300.46301838540376
0.00105625                0.21780000000000002      1.3691979610776204       300.46519516321854
0.0010955                 0.21780000000000002      1.3781811035719296       300.4675717225256
0.00113475                0.21780000000000002      1.3859332439557233       300.470146568008
0.001174                  0.21780000000000002      1.3925297305236448       300.47291315033715
0.00121325                0.21780000000000002      1.3980748706755          300.47587908270714
0.0012525                 0.21780000000000002      1.4025958935427183       300.47904366647106
0.00129175                0.21780000000000002      1.4060923882288685       300.48241448619586
0.001331                  0.21780000000000002      1.4085865440364729       300.4859928793299
0.00137025                0.21780000000000002      1.4101653117106183       300.48977795930006
0.0014095                 0.21780000000000002      1.4108323598126793       300.4937681838841
0.00144875                0.21780000000000002      1.4105866370552471       300.49795988541854
0.001488                  0.21780000000000002      1.4094824144457498       300.5023604083794
0.00152725                0.21780000000000002      1.4075507778256287       300.5069717851178
0.0015665                 0.21780000000000002      1.4047928549683812       300.51179232631137
0.00160575                0.21780000000000002      1.4012194070194866       300.5168061709305
0.001645                  0.21780000000000002      1.3968584840321732       300.5220307588153
0.00168425                0.21780000000000002      1.3917433487292286       300.52745565872993
0.0017235                 0.21780000000000002      1.385873547347151        300.5330828943812
0.00176275                0.21780000000000002      1.3792476953238597       300.53891908755264
0.001802                  0.21780000000000002      1.3718955642243564       300.5449538808811
0.00184125                0.21780000000000002      1.3638391890565642       300.55119149742063
0.0018805                 0.21780000000000002      1.3550790131349792       300.55762384597153
0.00191975                0.21780000000000002      1.3456152712669085       300.564250936928
0.001959                  0.21780000000000002      1.3354715354215612       300.57106855027143
0.00199825                0.21780000000000002      1.3246613524945228       300.5780725603305
0.0020375                 0.21780000000000002      1.3131851015989031       300.5852619509563
0.00207675                0.21780000000000002      1.30104819453125         300.59262491141084
0.002116                  0.21780000000000002      1.2882659130454908       300.60016609121715
0.00215525                0.21780000000000002      1.2748474765595263       300.60787357235614
0.0021945                 0.21780000000000002      1.2607920450749286       300.6157508998951
0.00223375                0.21780000000000002      1.2461057873624404       300.6237932947927
0.002273                  0.21780000000000002      1.2308041643250967       300.6319898520768
0.00231225                0.21780000000000002      1.2148898461032076       300.6403329519086
0.0023515                 0.21780000000000002      1.198362832683531        300.6488225942879
0.00239075                0.21780000000000002      1.1812326638511301       300.65744629324587
0.00243                   0.21780000000000002      1.163506660628578        300.66619637476725
0.00246925                0.21780000000000002      1.1451874010071763       300.67506427338367
0.0025085                 0.21780000000000002      1.1262766274736526       300.6840462718653
0.00254775                0.21780000000000002      1.106782189292424        300.6931295789442
0.002587                  0.21780000000000002      1.0867099912787532       300.7022953354801
0.0026262499999999997     0.21780000000000002      1.0660600467919292       300.71154346948634
0.0026655                 0.21780000000000002      1.0448354046238024       300.7208613326901
0.0027047499999999997     0.21780000000000002      1.0230411773546095       300.73024227628736
0.002744                  0.21780000000000002      1.0006844332294453       300.73965088254477
0.0027832499999999997     0.21780000000000002      0.9777649848708808       300.7490879464196
0.0028225                 0.21780000000000002      0.9542822891047593       300.7585601428804
0.0028617499999999997     0.21780000000000002      0.9302434264423526       300.76804242332514
0.002901                  0.21780000000000002      0.905652570630905        300.777496660886
0.0029402499999999997     0.21780000000000002      0.8805105453029577       300.78692440635456
0.0029795                 0.21780000000000002      0.8548173504642775       300.7963256597306
0.0030187499999999997     0.21780000000000002      0.82857668096889         300.8056747861558
0.003058                  0.21780000000000002      0.8017936904937922       300.8149251479824
0.0030972499999999997     0.21780000000000002      0.7744683162746407       300.8240758904689
0.0031365                 0.21780000000000002      0.7466007800672019       300.83312789788033
0.0031757499999999998     0.21780000000000002      0.7181956874242378       300.8420348830029
0.003215                  0.21780000000000002      0.6892550274154111       300.8507767304341
0.0032542499999999998     0.21780000000000002      0.6597787318640478       300.8593520938759
0.0032935                 0.21780000000000002      0.6297676755604299       300.86775703684134
0.0033327499999999998     0.21780000000000002      0.5992264697184736       300.8759112326794
0.003372                  0.21780000000000002      0.5681557291343345       300.8837983966959
0.00341125                0.21780000000000002      0.5365561375152366       300.8914265921051
0.0034505                 0.21780000000000002      0.5044281983955216       300.89880041699934
0.00348975                0.21780000000000002      0.4717744773789464       300.9058409623308
0.003529                  0.21780000000000002      0.43859749033432405      300.9125121380417
0.00356825                0.21780000000000002      0.40489712046887055      300.9188123324414
0.0036075                 0.21780000000000002      0.37067308218079287      300.9247375597581
0.00364675                0.21780000000000002      0.3359290726479849       300.93023757993166
0.003686                  0.21780000000000002      0.3006660776113304       300.9352579827372
0.00372525                0.21780000000000002      0.2648843655651136       300.9398123049368
0.0037645                 0.21780000000000002      0.22858506978258758      300.9438656917418
0.00380375                0.21780000000000002      0.19177032821151496      300.94736278181887
0.0038429999999999996     0.21780000000000002      0.15444068085800108      300.95029621934884
0.00388225                0.21780000000000002      0.11659762562724789      300.9526271037819
0.0039215                 0.21780000000000002      0.0782422521700399       300.95433226798446
0.00396075                0.21780000000000002      0.03937594759095328      300.95537641138134
0.004                     0.21780000000000002      7.526223503138673E-16    300.95573125763786
7.5E-5                    0.22                     7.238008054772663E-17    299.9999999999999
1.1424999999999999E-4     0.22                     0.24197245177155752      299.99999999999994
1.535E-4                  0.22                     0.4109954602097363       300
1.9275E-4                 0.22                     0.5396638535339906       300
2.32E-4                   0.22                     0.6454083644497253       300
2.7125E-4                 0.22                     0.7321935184846494       300
3.1049999999999996E-4     0.22                     0.8069234491646756       300
3.4974999999999996E-4     0.22                     0.8725188212280472       300.00000000000006
3.8899999999999997E-4     0.22                     0.929097290025144        300
4.2825E-4                 0.22                     0.9797492608319391       300
4.675E-4                  0.22                     1.0258360625028446       300.00000000000006
5.0675E-4                 0.22                     1.06735769503786         300
5.459999999999999E-4      0.22                     1.1043141584369855       300.00000000000006
5.852499999999999E-4      0.22                     1.1374482497470173       300.00000000000006
6.245E-4                  0.22                     1.1681205320386499       300
6.6375E-4                 0.22                     1.1963202523208611       300
7.03E-4                   0.22                     1.2220474105936503       300
7.4225E-4                 0.22                     1.2453020068570182       300
7.815E-4                  0.22                     1.266129665058586        300.00000000000006
8.2075E-4                 0.22                     1.285234007001165        300
8.6E-4                    0.22                     1.3027907722257321       300
8.9925E-4                 0.22                     1.3187999607322876       300
9.385E-4                  0.22                     1.3332615725208319       300.00000000000006
9.7775E-4                 0.22                     1.3461756075913642       300
0.001017                  0.22                     1.357542065943885        300.0000000000001
0.00105625                0.22                     1.3675826404125342       300
0.0010955                 0.22                     1.37652477761439         300
0.00113475                0.22                     1.3843357868773187       300.00000000000006
0.001174                  0.22                     1.3910156682013193       300
0.00121325                0.22                     1.3965644215863924       299.99999999999994
0.0012525                 0.22                     1.4009875165765786       300
0.00129175                0.22                     1.4044431376910889       300
0.001331                  0.22                     1.4069654449322448       300
0.00137025                0.22                     1.4085544383000457       300.00000000000006
0.0014095                 0.22                     1.409210117794492        300
0.00144875                0.22                     1.408933755570387        299.99999999999994
0.001488                  0.22                     1.4078045674367372       300
0.00152725                0.22                     1.405859644254351        300
0.0015665                 0.22                     1.4030989860232281       300
0.00160575                0.22                     1.3995225927433683       300
0.001645                  0.22                     1.3951309459980683       299.99999999999994
0.00168425                0.22                     1.389975616486863        300
0.0017235                 0.22                     1.384084434996429        300
0.00176275                0.22                     1.3774574015267667       300
0.001802                  0.22                     1.370094516077876        300
0.00184125                0.22                     1.3619959202764589       299.99999999999994
0.0018805                 0.22                     1.35319669271034         300
0.00191975                0.22                     1.3437183529798324       300
0.001959                  0.22                     1.3335609010849354       300
0.00199825                0.22                     1.3227243370256498       300.00000000000006
0.0020375                 0.22                     1.311208660801975        300
0.00207675                0.22                     1.299038552028338        300
0.002116                  0.22                     1.286231077700847        300
0.00215525                0.22                     1.2727862378195014       300
0.0021945                 0.22                     1.258704032384302        300
0.00223375                0.22                     1.243984461395248        299.99999999999994
0.002273                  0.22                     1.2286452011217697       300
0.00231225                0.22                     1.2127002329552223       299.99999999999994
0.0023515                 0.22                     1.1961495062290357       300.00000000000006
0.00239075                0.22                     1.1789930209432087       300
0.00243                   0.22                     1.1612307770977421       300
0.00246925                0.22                     1.1428757481073986       300
0.0025085                 0.22                     1.123939524028993        299.99999999999994
0.00254775                0.22                     1.1044220458127918       300
0.002587                  0.22                     1.084323313458794        299.99999999999994
0.0026262499999999997     0.22                     1.063643326967           300
0.0026655                 0.22                     1.0423918031808395       300.00000000000006
0.0027047499999999997     0.22                     1.0205784547114056       299.99999999999994
0.002744                  0.22                     0.9982032333399662       300
0.0027832499999999997     0.22                     0.9752661390665207       300
0.0028225                 0.22                     0.9517671718910691       300
0.0028617499999999997     0.22                     0.92771280369128         300
0.002901                  0.22                     0.9031128332477997       299.99999999999994
0.0029402499999999997     0.22                     0.877967356638463        300
0.0029795                 0.22                     0.8522763738632695       300
0.0030187499999999997     0.22                     0.8260398849222195       300
0.003058                  0.22                     0.7992583983172243       300
0.0030972499999999997     0.22                     0.7719422492563099       300
0.0031365                 0.22                     0.7440953805936148       300.00000000000006
0.0031757499999999998     0.22                     0.7157177923291395       300.00000000000006
0.003215                  0.22                     0.6868094844628831       300.00000000000006
0.0032542499999999998     0.22                     0.6573704569948466       300
0.0032935                 0.22                     0.6274007099250292       300
0.0033327499999999998     0.22                     0.5969071450187249       300
0.003372                  0.22                     0.5658949880467768       300
0.00341125                0.22                     0.5343640325958117       300
0.0034505                 0.22                     0.5023142786658287       300
0.00348975                0.22                     0.4697457262568285       299.99999999999994
0.003529                  0.22                     0.4366588973831802       300
0.00356825                0.22                     0.40306039774829894      300
0.0036075                 0.22                     0.3689517185854964       300.00000000000006
0.00364675                0.22                     0.33433285989477335      300
0.003686                  0.22                     0.299203821676129        300.00000000000006
0.00372525                0.22                     0.2635651762985014       300
0.0037645                 0.22                     0.22742178741407562      300
0.00380375                0.22                     0.19077368072756817      300
0.0038429999999999996     0.22                     0.15362121866747297      300
0.00388225                0.22                     0.11596673189454698      299.99999999999994
0.0039215                 0.22                     0.07781080118002459      300
0.00396075                0.22                     0.0391548697261096       300.00000000000006
0.004                     0.22                     4.3546529845674137E-16   300
