% Model:              CVD_S_Multiphysics_Coupled.mph
% Version:            COMSOL 6.4.0.378
% Date:               Sep 13 2026, 10:36
% Dimension:          2
% Nodes:              3051
% Expressions:        1
% Description:        Temperature
% Length unit:        m
% R                       Z                        T (K)
0.002                     6.079739769196402E-5     772.9937426479689
0.002                     0                        772.9937429140746
0.002                     1.5997845813986444E-4    772.9937421921906
0.002                     2.5928378883058323E-4    772.9937409254347
0.002                     3.199305730016977E-4     772.9937401222094
0.002                     3.8049314333438167E-4    772.9937388718442
0.002                     4.799523995583088E-4     772.9937368281657
0.002                     5.794959024942592E-4     772.9937341436473
0.002                     6.400312832442745E-4     772.993732475699
0.002                     7.008439806360789E-4     772.9937304603839
0.002                     8.001219154565031E-4     772.9937272053994
0.002                     8.983744987511033E-4     772.9937235121065
0.002                     9.59299425164678E-4      772.9937211931888
0.002                     0.0010215166042185087    772.9937185682052
0.002                     0.0011179598467102592    772.993714553656
0.002                     0.0012132354360889774    772.9937102485133
0.002                     0.001276623918577774     772.9937073680952
0.002                     0.0013405890956904865    772.9937042690877
0.002                     0.0014359986628040555    772.9936997222387
0.002                     0.0015362605804037366    772.9936947002756
0.002                     0.00159790328719156      772.9936916106291
0.002                     0.001660434362813823     772.9936883599103
0.002                     0.0017646353746237076    772.9936830514064
0.002                     0.0019053272691794132    772.9936756468265
0.002                     0.0019418072250433072    772.9936737356713
0.002                     0.0019622122271187314    772.9936726199646
0.002                     0.0021185284488574596    772.9936641899033
0.002                     0.002131260467773899     772.9936634739033
0.002                     0.002252182902007238     772.993656829507
0.002                     0.0023515287151454345    772.9936513210373
0.002                     0.002425277129986525     772.9936471875693
0.002                     0.0025448514208948614    772.9936405865811
0.002                     0.002563468676111069     772.9936395520477
0.002                     0.0026946766244185516    772.9936324152636
0.002                     0.0027497135200803546    772.9936294189513
0.002                     0.0029179350562367756    772.9936205305339
0.002                     0.0029238493440004176    772.9936202202142
0.002                     0.0029260911942076417    772.9936201062346
0.002                     0.003126403357520152     772.9936099946485
0.002                     0.0030801305607962015    772.9936122947436
0.002                     0.003218159129928455     772.9936054387567
0.002                     0.003252476973135243     772.9936037296542
0.002                     0.003356662184748005     772.9935986010419
0.002                     0.003407038168998733     772.9935961188937
0.002                     0.003488297737145707     772.9935921640035
0.002                     0.0035565509823363706    772.9935889154897
0.002                     0.003645171505757383     772.9935847353219
0.002                     0.0037081310756629238    772.9935818177196
0.002                     0.0038548555181599498    772.9935752130772
0.002                     0.0038673084015282133    772.9935746557063
0.002                     0.003879826421091165     772.9935741055926
0.002                     0.004003807918170288     772.9935687040951
0.002                     0.00408377360406012      772.993565220847
0.002                     0.004114436260787169     772.993563890322
0.002                     0.0042366737992670656    772.9935586028716
0.002                     0.004138412375184419     772.9935628459687
0.002                     0.004322400163732337     772.9935549273583
0.002                     0.004364092436598438     772.9935531644757
0.002                     0.0044549196585289275    772.9935493650353
0.002                     0.00451636097241237      772.9935468295727
0.002                     0.00460233490464898      772.9935433763998
0.002                     0.004719968540536856     772.9935388581198
0.002                     0.004787449769176083     772.9935363694324
0.002                     0.004890441881283958     772.99353280922
0.002                     0.004954661316729947     772.9935306275129
0.002                     0.005003838486760087     772.9935290088645
0.002                     0.00506890266142801      772.9935268942513
0.002                     0.005170146367694112     772.9935235947986
0.002                     0.005186948945379327     772.9935230540685
0.002                     0.005338808996966843     772.9935183130622
0.002                     0.005245131900277089     772.9935212327656
0.002                     0.00536592457479701      772.993517515998
0.002                     0.005507089706594304     772.9935135872136
0.002                     0.0055694919551115       772.9935119494978
0.002                     0.005658990182121709     772.993509711397
0.002                     0.0058324024535009455    772.9935056291049
0.002                     0.005829549165335207     772.9935056939167
0.002                     0.005822312383042844     772.9935058631406
0.002                     0.0058374697538439435    772.9935055221727
0.002                     0.006017980762268116     772.9935017775894
0.002                     0.006088004838760069     772.9935004305315
0.002                     0.00623180496447151      772.9934977376754
0.002                     0.006145848255638964     772.9934993463755
0.002                     0.00630362183513114      772.9934964282743
0.002                     0.006359437538208029     772.9934954170162
0.002                     0.006440045313163056     772.993493981834
0.002                     0.006532408369942039     772.9934923844353
0.002                     0.0065582888495246405    772.9934919312226
0.002                     0.0066711380358720485    772.9934900442775
0.002                     0.00669911849000257      772.9934895854768
0.002                     0.006832181897059808     772.9934875241622
0.002                     0.0068628316668285505    772.9934870783051
0.002                     0.00699225958973676      772.9934852826761
0.002                     0.007030984835950632     772.99348477259
0.002                     0.007157895842829581     772.9934831674012
0.002                     0.007196282293117667     772.9934826978034
0.002                     0.007255693925641987     772.9934819931525
0.002                     0.007364574631943899     772.9934808277336
0.002                     0.007492879173262829     772.993479482462
0.002                     0.007510188321881883     772.9934793157754
0.002                     0.007528399916480605     772.9934791407809
0.002                     0.007672513444636764     772.993477850499
0.002                     0.00773388667287031      772.9934772667068
0.002                     0.007823465883715464     772.9934764801363
0.002                     0.007872540403480954     772.9934760418686
0.002                     0.007984476423229747     772.9934751332928
0.002                     0.008017926720446877     772.9934748741122
0.002                     0.008040337834541555     772.9934747279779
0.002                     0.008166659907949375     772.9934739529535
0.002                     0.008323923957436585     772.9934731890343
0.002                     0.00830617386579624      772.9934732646732
0.002                     0.00833674628519801      772.9934731427369
0.002                     0.008492197637077398     772.9934726461215
0.002                     0.008558266044553703     772.9934725036098
0.002                     0.008632093296131238     772.9934723792546
0.002                     0.008754842958171194     772.9934722443292
0.002                     0.008769057844796951     772.9934722324637
0.002                     0.008777895151999449     772.9934722287292
0.002                     0.008904509884621409     772.9934722405858
0.002                     0.009001063935368925     772.9934723010688
0.002                     0.00903699743490785      772.9934723385719
0.002                     0.009087354906929829     772.993472408985
0.002                     0.009152778697730235     772.9934725041416
0.002                     0.009237948679355928     772.9934726554377
0.002                     0.00930554567793515      772.993472807279
0.002                     0.00928623779666829      772.9934727496905
0.002                     0.009480447063123953     772.9934734551155
0.002                     0.00948459958831438      772.9934734753201
0.002                     0.009528550263083357     772.99347373834
0.002                     0.00964891097432316      772.9934744666951
0.002                     0.009808928919883858     772.9934756787059
0.002                     0.00966172397780754      772.9934745533448
0.002                     0.009848666772804465     772.9934760113056
0.002                     0.009947534461477087     772.9934768885469
0.002                     0.01002839993803531      772.9934776618551
0.002                     0.010107919870786908     772.9934785042952
0.002                     0.010231105863345774     772.9934799260875
0.002                     0.01027186919296999      772.9934804578945
0.002                     0.010426536309914941     772.9934825751934
0.002                     0.010443836866247586     772.9934828283583
0.002                     0.010468155220934139     772.9934831801122
0.002                     0.010578436164477456     772.9934848044422
0.002                     0.010712653856134291     772.9934868046188
0.002                     0.010679863789291283     772.9934863094829
0.002                     0.01074121915254822      772.993487252262
0.002                     0.010878732441602978     772.9934895161122
0.002                     0.011014009079415216     772.9934918972695
0.002                     0.011014598352940608     772.9934919078756
0.002                     0.011016022355420152     772.9934919341458
0.002                     0.011153808784099578     772.9934945087633
0.002                     0.011194270826479752     772.9934952705491
0.002                     0.011309056067098866     772.9934975342268
0.002                     0.01137118624464567      772.9934987439183
0.002                     0.011484972823025408     772.9935010672697
0.002                     0.011509821129341707     772.9935015812312
0.002                     0.011625941775964266     772.9935041320946
0.002                     0.011801363760502281     772.9935083705631
0.002                     0.011691940199758555     772.9935056762567
0.002                     0.011932789224441825     772.993511891132
0.002                     0.011954858800280993     772.993512496704
0.002                     0.011998340409063085     772.9935137462993
0.002                     0.012089713909242239     772.993516375043
0.002                     0.012123221069382406     772.9935173469522
0.002                     0.012234247927885744     772.993520687786
0.002                     0.012290616921321912     772.9935224156711
0.002                     0.012392133059159732     772.9935256773143
0.002                     0.012470752213798536     772.9935282827439
0.002                     0.01254862858305314      772.9935309473319
0.002                     0.012660794492309474     772.9935348595271
0.002                     0.01269766768842559      772.9935361776018
0.002                     0.01281213172735221      772.9935403316153
0.002                     0.012845636138973243     772.9935415523998
0.002                     0.012857514697063893     772.9935419960586
0.002                     0.012993857875434778     772.9935471426031
0.002                     0.0130623271275353       772.9935498010359
0.002                     0.013144143569567945     772.9935529992124
0.002                     0.013261251894065462     772.9935577183928
0.002                     0.01329749761199725      772.9935591919709
0.002                     0.013452004654848387     772.9935656589481
0.002                     0.013444682399007729     772.9935653516451
0.002                     0.013453738960853667     772.993565733127
0.002                     0.013607598336826426     772.9935724464103
0.002                     0.013645884891912902     772.9935741395963
0.002                     0.013761116429387099     772.9935793693817
0.002                     0.013856942134806122     772.993583801499
0.002                     0.0139247860758068       772.9935869983664
0.002                     0.013993606846988471     772.9935903296237
0.002                     0.01406748962951504      772.9935939128881
0.002                     0.014153037261930207     772.9935981542219
0.002                     0.014214725412972307     772.9936012324872
0.002                     0.01429275576706518      772.9936051568739
0.002                     0.014378399175710072     772.9936094897449
0.002                     0.014399239606066594     772.9936105490499
0.002                     0.014509900112736451     772.9936162176534
0.002                     0.01456111434391999      772.9936188987039
0.002                     0.014658418621676494     772.9936240749723
0.002                     0.014750687917207878     772.9936290950287
0.002                     0.014820349522088966     772.9936329577915
0.002                     0.014985124291296031     772.9936423495592
0.002                     0.014997700344575482     772.9936430738037
0.002                     0.015008455276855653     772.9936437036259
0.002                     0.01518055843974303      772.9936538793819
0.002                     0.015199361010223372     772.9936549975215
0.002                     0.015379500605532614     772.9936659233865
0.002                     0.015371449788527364     772.9936654273409
0.002                     0.015315306161200998     772.9936620181732
0.002                     0.015397458958014448     772.9936670269442
0.002                     0.015532277004179584     772.9936753444139
0.002                     0.015702162083278348     772.9936860917692
0.002                     0.015627273628844945     772.9936813321676
0.002                     0.015751709269775538     772.9936893054713
0.002                     0.015938122851433284     772.9937016535813
0.002                     0.015914052815364954     772.9937000305345
0.002                     0.016049922881074374     772.9937093191714
0.002                     0.01607582946076694      772.9937110994035
0.002                     0.01621295290949984      772.9937207431196
0.002                     0.016090256907683675     772.9937121115279
0.002                     0.016257805378838724     772.9937239262638
0.002                     0.016395256719230922     772.9937338626557
0.002                     0.016423434756407868     772.9937359251471
0.002                     0.01656914704805665      772.9937467849568
0.002                     0.016602425891934752     772.9937493006232
0.002                     0.01674055521903517      772.9937599296793
0.002                     0.01676380023896995      772.9937617300287
0.002                     0.016845199196035082     772.993768134861
0.002                     0.016920259759603096     772.9937740483142
0.002                     0.016940105594733468     772.9937756359897
0.002                     0.017116052426758538     772.9937899015524
0.002                     0.017026001043997624     772.9937825974243
0.002                     0.017143625838908327     772.9937921892254
0.002                     0.01727988726503138      772.9938036312374
0.002                     0.017362352446284396     772.9938106746682
0.002                     0.01743940781825204      772.9938173255243
0.002                     0.01759884230426667      772.993831234353
0.002                     0.017591924192779884     772.9938306280565
0.002                     0.017601853790485983     772.9938315017121
0.002                     0.017782815008980185     772.9938476058185
0.002                     0.017802508765884156     772.993849399611
0.002                     0.017958087773729564     772.9938636822342
0.002                     0.01800661315773458      772.9938682134255
0.002                     0.018137887679451514     772.993880584737
0.002                     0.01816952228874605      772.9938835958314
0.002                     0.018280705493517097     772.9938942704187
0.002                     0.018326854862893233     772.9938987228156
0.002                     0.01840067536554907      772.9939058625757
0.002                     0.01846334890552251      772.9939119414101
0.002                     0.01851364072123593      772.9939168443252
0.002                     0.018586106790716456     772.9939238855911
0.002                     0.018654339427640304     772.9939306268561
0.002                     0.018710565576354782     772.9939362019654
0.002                     0.018780889305507004     772.9939431764769
0.002                     0.018914036851729793     772.9939564812803
0.002                     0.018898749303294382     772.993954942513
0.002                     0.01892579035216102      772.9939576726749
0.002                     0.01907021542668863      772.9939723261319
0.002                     0.019102125943072784     772.9939755994819
0.002                     0.019231034789679857     772.9939889675387
0.002                     0.01927134437749911      772.9939931943537
0.002                     0.019401850522483916     772.9940070681486
0.002                     0.019439953894917372     772.9940111542877
0.002                     0.01952947081665271      772.9940208187323
0.002                     0.01956800639131384      772.9940249967001
0.002                     0.019647092180693465     772.9940335970392
0.002                     0.019739371361208985     772.9940437081822
0.002                     0.019758994265613117     772.9940458599486
0.002                     0.01987342267705025      772.9940585247397
0.002                     0.019904011923248283     772.9940619413633
0.002                     0.020040503779254093     772.9940773577594
0.002                     0.020089513922750185     772.994082973701
0.002                     0.02021021070079132      772.9940969424484
0.002                     0.020273040812863657     772.9941043160586
0.002                     0.020369870420725633     772.9941157371834
0.002                     0.020460505816908003     772.994126502399
0.002                     0.020495084317198847     772.9941306266451
0.002                     0.020588390028130177     772.9941417986811
0.002                     0.020652351449439887     772.9941495110966
0.002                     0.020735831735497617     772.9941596452813
0.002                     0.02080262772635652      772.9941677919592
0.002                     0.020932467676517824     772.994183832148
0.002                     0.020985990385621572     772.9941904681957
0.002                     0.021169279634709548     772.9942136585953
0.002                     0.02102366676184797      772.9941952189632
0.002                     0.021318806172067106     772.9942328519452
0.002                     0.02130445463958766      772.9942310053534
0.002                     0.02132628178178589      772.9942338209557
0.002                     0.02147562771192449      772.9942532799137
0.002                     0.021513752228770805     772.994258278856
0.002                     0.021650806747965795     772.9942764003739
0.002                     0.021718638437733        772.9942854249539
0.002                     0.021833493407140858     772.9943009242429
0.002                     0.02192492689720793      772.9943133494897
0.002                     0.022019069734937058     772.9943262784111
0.002                     0.022086828709399764     772.9943356411432
0.002                     0.0221668751426988       772.9943467596447
0.002                     0.022263743717247847     772.9943602862265
0.002                     0.02242143851757225      772.9943824865608
0.002                     0.022302019269738155     772.9943656485771
0.002                     0.02247431489290344      772.9943899771454
0.002                     0.022577517083180898     772.9944046819792
0.002                     0.02265655070730166      772.9944160142745
0.002                     0.022735302564727472     772.9944273574057
0.002                     0.022840978175792614     772.9944426629331
0.002                     0.022884815821536758     772.9944490274002
0.002                     0.022966009352006045     772.9944608784014
0.002                     0.023029875363016983     772.9944702160323
0.002                     0.023062338770138052     772.9944749848822
0.002                     0.02320298239906715      772.9944957261717
0.002                     0.02344557098263489      772.9945318840939
0.002                     0.02343112395408739      772.9945297268581
0.002                     0.023248622220581938     772.994502500413
0.002                     0.02334660945319142      772.994517098831
0.002                     0.023479926120488687     772.9945370272955
0.002                     0.02355346802234154      772.9945480365067
0.002                     0.02358607206722277      772.9945529568024
0.002                     0.023697685408508223     772.9945698261611
0.002                     0.023850972513565105     772.9945932238684
0.002                     0.023797878748232776     772.9945851061476
0.002                     0.024000039195290118     772.994616188172
0.002                     0.023976046381323696     772.9946124838053
0.002                     0.024152625345367107     772.9946399364189
0.002                     0.024156126213338847     772.9946404812844
0.002                     0.024318807496054973     772.994666140318
0.002                     0.024156640950145775     772.9946405619454
0.002                     0.024337474013406274     772.9946691085905
0.002                     0.024485542154568857     772.9946927952554
0.002                     0.024521473928945686     772.9946985879722
0.002                     0.024652748012680137     772.9947198668935
0.002                     0.024705683113789928     772.9947285018652
0.002                     0.024813350141039026     772.9947461485087
0.002                     0.024888947754381496     772.994758592695
0.002                     0.024962307644532722     772.9947707160513
0.002                     0.025107747425813398     772.9947948464352
0.002                     0.025084951156267382     772.9947910555002
0.002                     0.025154341714540368     772.9948026342299
0.002                     0.0252539024527908       772.9948192761316
0.002                     0.02540753194198267      772.9948451382193
0.002                     0.025317799764778437     772.9948300230233
0.002                     0.025468847798270744     772.9948555172377
0.002                     0.025565829968312        772.9948719723587
0.002                     0.025616074959258106     772.9948805025185
0.002                     0.025669899494471876     772.9948896663129
0.002                     0.025754579397537697     772.9949041168234
0.002                     0.025816800320713262     772.9949147405548
0.002                     0.025893557588509974     772.9949278824008
0.002                     0.025947525821392037     772.9949371175377
0.002                     0.025992900878264197     772.9949448949329
0.002                     0.026104503775856186     772.994964092846
0.002                     0.026184515607315134     772.9949779378019
0.002                     0.026297866185347685     772.994997659781
0.002                     0.026371566227140736     772.9950105756512
0.002                     0.0264762636528455       772.9950289966349
0.002                     0.02655691183390743      772.9950432713607
0.002                     0.02665134148021589      772.9950600186758
0.002                     0.026675485301461327     772.9950643126301
0.002                     0.02679601450957486      772.9950857730474
0.002                     0.026817448290442886     772.9950895964805
0.002                     0.026978887218441994     772.995118536985
0.002                     0.02685202225496447      772.995095795867
0.002                     0.02706814011938599      772.9951346290109
0.002                     0.027147865687812606     772.9951490458916
0.002                     0.027248287573376467     772.9951672834961
0.002                     0.02729870414196206      772.9951764453101
0.002                     0.02744681586275971      772.9952034787696
0.002                     0.027396386575753523     772.9951942717032
0.002                     0.027464778786682215     772.9952067656927
0.002                     0.027613109007993547     772.9952340224545
0.002                     0.027667608096930113     772.9952440580677
0.002                     0.027818587979625997     772.9952719714953
0.002                     0.02783660368220478      772.9952753123541
0.002                     0.027970120322927255     772.9953001465133
0.002                     0.02805031107375891      772.9953151288938
0.002                     0.028136495203106487     772.9953312562446
0.002                     0.02824520030635405      772.9953516662326
0.002                     0.02824530662636518      772.9953516861945
0.002                     0.028246361027495726     772.9953518842286
0.002                     0.02834768661234993      772.9953709143645
0.002                     0.028357382237976486     772.9953727364024
0.002                     0.028464016847658008     772.9953927876973
0.002                     0.028558792402475275     772.9954106398021
0.002                     0.028588214745060098     772.9954161831773
0.002                     0.02871480479816052      772.9954401017335
0.002                     0.028735343326845048     772.9954439884555
0.002                     0.028901918901671875     772.9954756131275
0.002                     0.02890258071192492      772.9954757391068
0.002                     0.029071879509568382     772.9955080902018
0.002                     0.028905905288564654     772.9954763742335
0.002                     0.02910683060432248      772.995514791116
0.002                     0.029239204841429417     772.995540238159
0.002                     0.029308063748125446     772.995553513974
0.002                     0.029404936592863945     772.9955722374243
0.002                     0.029560278827289455     772.9956023297684
0.002                     0.029536485515661653     772.9955977163476
0.002                     0.02957727822080844      772.995605627984
0.002                     0.02973632936681364      772.995636545747
0.002                     0.02975277476676555      772.995639748649
0.002                     0.02989445753086678      772.99566738639
0.002                     0.029903685036551247     772.9956691896704
0.002                     0.03005296237209648      772.9956983992739
0.002                     0.03005824642640728      772.9956994350053
0.002                     0.03007726818342793      772.9957031732013
0.002                     0.030209087341848045     772.9957290913428
0.002                     0.030251050851085953     772.9957373722098
0.002                     0.030368399694634063     772.9957605720913
0.002                     0.030436745048869368     772.9957741287276
0.002                     0.030540647319751646     772.9957948051157
0.002                     0.03061219716743449      772.9958090742828
0.002                     0.030734962625481116     772.9958336324023
0.002                     0.030736643962598675     772.9958339692215
0.002                     0.03086969285597313      772.9958606994132
0.002                     0.030887974558656106     772.9958643801554
0.002                     0.031027936969545755     772.995892638974
0.002                     0.03106506188485525      772.9959001597483
0.002                     0.03118976482899727      772.9959254764295
0.002                     0.03126962637781819      772.9959417278076
0.002                     0.03132597317536087      772.9959532057275
0.002                     0.03147039249964037      772.995982696964
0.002                     0.03141092272333343      772.9959705488043
0.002                     0.031506836025679136     772.9959901645403
0.002                     0.031642778400300914     772.9960180503765
0.002                     0.03171053333964899      772.9960320022828
0.002                     0.03180354279422756      772.9960511732768
0.002                     0.0319056337692015       772.9960722790747
0.002                     0.03196324582390905      772.9960841991268
0.002                     0.03210106912081595      772.9961127921183
0.002                     0.03212603896170768      772.9961179769092
0.002                     0.03229187031195915      772.9961525033931
0.002                     0.03225290063445685      772.996144388402
0.002                     0.0322995886533832       772.996154114243
0.002                     0.0324580879843725       772.9961872305224
0.002                     0.03249785053713944      772.9961955533929
0.002                     0.03262195730907122      772.9962215651509
0.002                     0.03270085904248288      772.9962381271598
0.002                     0.03277670226080029      772.9962540601439
0.002                     0.03285763334621328      772.996271078476
0.002                     0.03291528624207965      772.9962832075814
0.002                     0.03302243910227326      772.9963057698411
0.002                     0.03302509348952723      772.9963063286783
0.002                     0.033142452837592346     772.9963310669884
0.002                     0.033028496971111904     772.9963070460974
0.002                     0.033176376894625714     772.996338229745
0.002                     0.03329731639510547      772.9963637878379
0.002                     0.03335078903923189      772.9963751096547
0.002                     0.03347787347885692      772.9964020553964
0.002                     0.0335352916003549       772.9964142479266
0.002                     0.03365143553929015      772.9964389274037
0.002                     0.033783596497874185     772.9964670399768
0.002                     0.03367874453487846      772.9964447386781
0.002                     0.03387029063564642      772.9964854948846
0.002                     0.03394760638412944      772.9965019997474
0.002                     0.03403536063336651      772.9965207336202
0.002                     0.03419015762030575      772.9965538604696
0.002                     0.03417268024888659      772.9965501179887
0.002                     0.034202845726897746     772.9965565825167
0.002                     0.034350301299056446     772.9965882153417
0.002                     0.03446384239895728      772.9966126287386
0.002                     0.03452613006897792      772.9966260172769
0.002                     0.03457584483402812      772.99663671239
0.002                     0.03467480014684485      772.9966580118821
0.002                     0.03473336481251027      772.9966706091309
0.002                     0.03482943626721502      772.9966912738414
0.002                     0.0348632185646609       772.9966985341673
0.002                     0.03499323502212165      772.996726481012
0.002                     0.0349265439291091       772.996712142057
0.002                     0.0350266946429722       772.996733678859
0.002                     0.03517629542290146      772.9967658752508
0.002                     0.03519480090600982      772.9967698599853
0.002                     0.03524468791777596      772.9967806097613
0.002                     0.035334516601523924     772.996799973059
0.002                     0.035470075516762484     772.9968292115402
0.002                     0.0353779578229636       772.9968093412042
0.002                     0.035612321922899454     772.996859929339
0.002                     0.035575233464008565     772.9968519202666
0.002                     0.03565902746177335      772.9968700256613
0.002                     0.03575170623936236      772.9968900669851
0.002                     0.03590763069769273      772.9969238481187
0.002                     0.03586914217552778      772.9969155078292
0.002                     0.03593145644469753      772.9969290212482
0.002                     0.03609828065346252      772.9969652715513
0.002                     0.036141775272969245     772.996974738371
0.002                     0.03626946870189299      772.9970025476833
0.002                     0.0363280324192935       772.9970153168007
0.002                     0.03643103214380561      772.9970377813802
0.002                     0.03651043124425918      772.9970551158729
0.002                     0.03658283899667619      772.9970709237477
0.002                     0.036738196688867186     772.9971048768724
0.002                     0.03671693166381032      772.9971002284208
0.002                     0.036749460508854        772.9971073415135
0.002                     0.03692169582964147      772.9971450361556
0.002                     0.036963077520270615     772.9971540971774
0.002                     0.03706557345164915      772.9971765408293
0.002                     0.03715805743652581      772.9971967954112
0.002                     0.037187533656439314     772.9972032515107
0.002                     0.037222425884880034     772.9972108953316
0.002                     0.037307684222909476     772.997229573612
0.002                     0.03746677636487741      772.9972644535267
0.002                     0.03746842107888235      772.9972648141448
0.002                     0.03746891471311109      772.997264922431
0.002                     0.03767695187974232      772.9973106010158
0.002                     0.03747165949624329      772.9972655250962
0.002                     0.03771382412062507      772.9973186996625
0.002                     0.03781965404511978      772.9973419369281
0.002                     0.03784699149060544      772.9973479390324
0.002                     0.037871224121957425     772.9973532585585
0.002                     0.03794471936361746      772.9973693919821
0.002                     0.038107308544477914     772.9974050940186
0.002                     0.038076836768118794     772.997398402204
0.002                     0.03800969550604766      772.9973836599954
0.002                     0.03826753182312789      772.9974402940417
0.002                     0.0382779679132402       772.9974425862216
0.002                     0.03833346570130694      772.9974547775585
0.002                     0.03843246229518041      772.9974765241891
0.002                     0.038453117293322514     772.9974810618522
0.002                     0.0385861100738967       772.997510274181
0.002                     0.03863924384696146      772.9975219465499
0.002                     0.03873056845776837      772.9975420020696
0.002                     0.038813818297306374     772.997560286457
0.002                     0.03887875880853389      772.9975745546387
0.002                     0.03898075047928751      772.9975969601018
0.002                     0.03906676990200422      772.9976158632442
0.002                     0.03915146969546032      772.9976344673998
0.002                     0.03922722630609307      772.9976511046971
0.002                     0.03929146430281938      772.997665215493
0.002                     0.03936325546448005      772.9976809825409
0.002                     0.039472610437737116     772.9977050093839
0.002                     0.03951194828173474      772.9977136506513
0.002                     0.03966597521899637      772.9977474904704
0.002                     0.039634440625350126     772.9977405624074
0.002                     0.03967599588501636      772.9977496919079
0.002                     0.03981844419491615      772.9977809701937
0.002                     0.03988151796578801      772.9977948143014
0.002                     0.03997093842445423      772.9978144291231
0.002                     0.040087644143035756     772.9978400102149
0.002                     0.040121437240724894     772.9978474118974
0.002                     0.040265072889059644     772.9978788427629
0.002                     0.04020878360134647      772.9978665250314
0.002                     0.04028667639805977      772.9978835653143
0.002                     0.040394440637473744     772.9979071095822
0.002                     0.040500003680671054     772.997930150114
0.002                     0.04052134561137427      772.9979348079918
0.002                     0.04062659595849025      772.9979577656433
0.002                     0.04054383227133773      772.9979397134862
0.002                     0.040728746455038295     772.9979800328016
0.002                     0.04074645583639139      772.9979838934921
0.002                     0.04085239088759074      772.9980069793455
0.002                     0.040761512298819885     772.9979871746955
0.002                     0.04099204794625641      772.9980374033437
0.002                     0.0409783837831198       772.9980344268608
0.002                     0.04100465622562255      772.9980401481906
0.002                     0.04114289759278966      772.9980702402529
0.002                     0.04122446518420678      772.9980879776817
0.002                     0.0412633563878014       772.9980964352183
0.002                     0.041308823968052466     772.9981063196877
0.002                     0.041388489868450284     772.9981236347951
0.002                     0.04143366704267268      772.998133450544
0.002                     0.04151034079119428      772.9981501067414
0.002                     0.04157402990679307      772.9981639418526
0.002                     0.041654592053920275     772.9981814311936
0.002                     0.04175105251075856      772.998202366952
0.002                     0.041785971328675314     772.9982099410815
0.002                     0.041923991030973634     772.9982398608631
0.002                     0.04184221324887985      772.9982221330459
0.002                     0.041976790931663316     772.9982512988145
0.002                     0.042060836918319716     772.9982694922203
0.002                     0.04218689249589733      772.9982967629868
0.002                     0.04219656772141009      772.9982988561551
0.002                     0.04220387337283557      772.9983004360396
0.002                     0.042313548602051415     772.998324140896
0.002                     0.042427964330687795     772.9983488651401
0.002                     0.04244792167211622      772.9983531777497
0.002                     0.042469383462986704     772.9983578158852
0.002                     0.0425807448518761       772.9983818716692
0.002                     0.04269014597108464      772.9984055054842
0.002                     0.04271394030375203      772.9984106449488
0.002                     0.04273903090024753      772.9984160639118
0.002                     0.04285790418276905      772.9984417337591
0.002                     0.042953490545080686     772.9984623654685
0.002                     0.042967674841300096     772.9984654256781
0.002                     0.04308692013455012      772.9984911642639
0.002                     0.04312300456456997      772.998498945276
0.002                     0.04326349273524263      772.9985292439691
0.002                     0.04318403548904881      772.998512108865
0.002                     0.04339139219529742      772.9985568048422
0.002                     0.043393714277665446     772.9985573049173
0.002                     0.04353101078991864      772.9985868526279
0.002                     0.043402184190998394     772.9985591276702
0.002                     0.04355837313085134      772.9985927396546
0.002                     0.04366278192931583      772.9986151853532
0.002                     0.043705956814378305     772.9986244711395
0.002                     0.04378654354243927      772.9986417805001
0.002                     0.04385190816185899      772.998655829696
0.002                     0.043940120673217814     772.9986747773585
0.002                     0.04390957829093539      772.9986682196441
0.002                     0.04399874183722005      772.9986873703065
0.002                     0.044072841445390754     772.9987032901867
0.002                     0.04416862805211891      772.9987238572396
0.002                     0.04423247371779587      772.9987375520625
0.002                     0.044337139949903626     772.9987599769167
0.002                     0.04444020153865358      772.9987820267921
0.002                     0.04449028620077344      772.9987927241774
0.002                     0.044646970691398585     772.9988261436456
0.002                     0.04464817175070854      772.9988263992249
0.002                     0.04481631883240514      772.9988621117222
0.002                     0.044653822495965445     772.9988275993401
0.002                     0.0448509198645701       772.9988694444716
0.002                     0.04498075679170482      772.9988968703757
0.002                     0.045035647821562164     772.9989084439999
0.002                     0.045130847249057665     772.9989284656649
0.002                     0.04523048936606108      772.9989493888406
0.002                     0.04527128206094133      772.9989579415009
0.002                     0.0454134106597599       772.9989876736448
0.002                     0.04534204228023278      772.9989727446209
0.002                     0.04556064459781417      772.9990183649824
0.002                     0.0454604764760618       772.9989974954053
0.002                     0.04565339313967651      772.9990376454758
0.002                     0.045688022514286775     772.9990448384542
0.002                     0.045831550757440886     772.9990745796706
0.002                     0.04585000266366865      772.9990784007402
0.002                     0.04586648823684564      772.9990818125518
0.002                     0.04594674654111666      772.9990984025432
0.002                     0.046000207681149596     772.9991094511415
0.002                     0.04612187512619478      772.9991345651034
0.002                     0.046049907671626644     772.9991197092195
0.002                     0.04614426846153585      772.9991391845012
0.002                     0.046278002985531974     772.9991666971615
0.002                     0.046355988111142166     772.9991826988665
0.002                     0.0464435294525089       772.9992006251978
0.002                     0.04653522288908349      772.9992193463917
0.002                     0.04657834844927769      772.9992281452483
0.002                     0.04669656725846685      772.9992521979214
0.002                     0.04674243037986511      772.9992615040809
0.002                     0.04688099687432937      772.9992895490361
0.002                     0.04693991000609432      772.9993014258555
0.002                     0.047079607135712825     772.999329484915
0.002                     0.04714892729594039      772.9993433674249
0.002                     0.047277623997596774     772.9993690616596
0.002                     0.047286737559455644     772.9993708773628
0.002                     0.04741076898741206      772.9993955382158
0.002                     0.04745413525119871      772.9994041399826
0.002                     0.04759270747393987      772.9994315438246
0.002                     0.047651515675617706     772.9994431388449
0.002                     0.04777236537812163      772.9994668799826
0.002                     0.04777178142134875      772.9994667653284
0.002                     0.047775596950852456     772.9994675127308
0.002                     0.04790474039007911      772.9994927986776
0.002                     0.04791493280841133      772.9994947949012
0.002                     0.04805400501631052      772.9995219569743
0.002                     0.04793920685217387      772.9994995380873
0.002                     0.04810464823586075      772.9995318139598
0.002                     0.04820310927232371      772.9995509767837
0.002                     0.048281571709961835     772.9995661904265
0.002                     0.048416246194438045     772.9995922508831
0.002                     0.04835162502523363      772.9995797578565
0.002                     0.04848240658857572      772.9996050105507
0.002                     0.048556783191114755     772.9996193452422
0.002                     0.04862479800963762      772.9996324376743
0.002                     0.048715886267054226     772.9996499508302
0.002                     0.04874359895215172      772.9996552703336
0.002                     0.04887325340137144      772.9996801281504
0.002                     0.04893314716205552      772.9996915773306
0.002                     0.049102528944361734     772.9997238972035
0.002                     0.04906365599860049      772.9997164938461
0.002                     0.04914369973619637      772.9997317320904
0.002                     0.04925696825042347      772.9997532713925
0.002                     0.04935738637563192      772.9997723216068
0.002                     0.04941041849741523      772.9997823630782
0.002                     0.04956576853672642      772.9998116829956
0.002                     0.04956780408285566      772.9998120664918
0.002                     0.04972351547793427      772.9998412853864
0.002                     0.04957320550950592      772.9998130804817
0.002                     0.0497819952748125       772.9998522165031
0.002                     0.04989382404230136      772.9998730507285
0.002                     0.049996770432163024     772.9998921492054
0.002                     0.05006204651404475      772.9999042196258
0.002                     0.050168681666909715     772.9999238763108
0.002                     0.05020498120595934      772.9999305612187
0.002                     0.05033692668486456      772.9999547881949
0.002                     0.05029293069022925      772.9999467115383
0.002                     0.05036080739565868      772.9999591613129
0.002                     0.05045556813737184      772.9999765160113
0.002                     0.05060846091421911      773.0000044139324
0.002                     0.050598855554114475     773.0000026629699
0.002                     0.05061373095980773      773.0000053713783
0.002                     0.0507847265737196       773.0000363972948
0.002                     0.05079417867457514      773.0000381081347
0.002                     0.05084879439657594      773.0000479784064
0.002                     0.05092429255585948      773.0000616148257
0.002                     0.05096051089969794      773.0000681496847
0.002                     0.05105604810695158      773.0000853726484
0.002                     0.051097409789731374     773.0000928254949
0.002                     0.05122780180418404      773.0001162636217
0.002                     0.05124592912659537      773.0001195161882
0.002                     0.05135995179944702      773.0001399317769
0.002                     0.05143586160783492      773.000153501793
0.002                     0.051536614589073354     773.0001714998358
0.002                     0.051608718789135394     773.0001843438517
0.002                     0.05174468345986161      773.0002085520523
0.002                     0.0517538617996178       773.0002101832415
0.002                     0.05176257996610542      773.0002117282983
0.002                     0.05189384731940311      773.000234990229
0.002                     0.051983586910233553     773.0002508768454
0.002                     0.05205259332424167      773.0002630462714
0.002                     0.052183941171052545     773.0002861751423
0.002                     0.05212835477779665      773.0002763898561
0.002                     0.05233622637951729      773.0003129021422
0.002                     0.05227871493468497      773.0003028174505
0.002                     0.052441227422779346     773.000331307965
0.002                     0.05246245292037777      773.0003350243018
0.002                     0.0525790344139376       773.0003553929326
0.002                     0.05263154235693576      773.0003645590251
0.002                     0.05281353990585744      773.000396180027
0.002                     0.05278741370874668      773.0003916494527
0.002                     0.052843143524009706     773.0004012892286
0.002                     0.05298502497065494      773.0004257392369
0.002                     0.053040796324518        773.0004353141393
0.002                     0.05316284182125133      773.0004562049337
0.002                     0.053164807623664156     773.0004565410289
0.002                     0.05328991450761744      773.0004778492106
0.002                     0.05332468251802         773.0004837516816
0.002                     0.05342849417870893      773.000501338187
0.002                     0.053523411711820706     773.0005173432229
0.002                     0.05357652467514726      773.0005262844011
0.002                     0.053700671188107424     773.0005470726144
0.002                     0.05374343690639921      773.000554206846
0.002                     0.05388258893113415      773.0005772948339
0.002                     0.05392605047644339      773.0005844841269
0.002                     0.05406849758067614      773.0006079389998
0.002                     0.054037161930395344     773.0006027844533
0.002                     0.05419865485232511      773.0006292172661
0.002                     0.05409803189447712      773.0006127689908
0.002                     0.05425121613299447      773.0006377873774
0.002                     0.054344314250578646     773.0006529042223
0.002                     0.05446635117057072      773.0006726460658
0.002                     0.05450256253378882      773.0006784860238
0.002                     0.05467057051845145      773.0007054010002
0.002                     0.05457421727018852      773.0006899760647
0.002                     0.0547116984633845       773.000711950792
0.002                     0.05485633484249133      773.0007349037555
0.002                     0.054908644987240574     773.0007431509873
0.002                     0.05501915831972537      773.0007605193445
0.002                     0.05511035996020597      773.0007747625266
0.002                     0.05517810496159445      773.0007853134418
0.002                     0.055305996329120005     773.0008051067939
0.002                     0.055336063921180706     773.0008097466152
0.002                     0.055497771797718115     773.0008345392382
0.002                     0.05549646990915233      773.0008343397355
0.002                     0.05549800028502516      773.0008345740313
0.002                     0.05567358681973572      773.0008611695622
0.002                     0.055691715055939256     773.0008638996973
0.002                     0.055735345681286824     773.0008704380482
0.002                     0.05583229402168163      773.0008849677492
0.002                     0.055883685579310505     773.0008926415632
0.002                     0.05595208617203018      773.0009028375603
0.002                     0.05609480565017155      773.0009240388317
0.002                     0.056083287344263766     773.0009223282963
0.002                     0.05609944997340899      773.0009247249278
0.002                     0.05625524108728722      773.0009477152151
0.002                     0.056133791283762974     773.0009297927305
0.002                     0.0562771836595706       773.0009509350995
0.002                     0.05639949919266829      773.0009688373057
0.002                     0.05648999030738536      773.0009819678025
0.002                     0.05657223549298465      773.0009938517377
0.002                     0.056686909234748756     773.0010102732425
0.002                     0.056721647585811025     773.0010152348386
0.002                     0.05685284553230027      773.0010338632171
0.002                     0.05677520425466889      773.0010228453838
0.002                     0.05690859843000118      773.0010417458114
0.002                     0.05699333498216638      773.0010537041808
0.002                     0.057113646952807656     773.0010706017586
0.002                     0.05712795740277202      773.0010726096485
0.002                     0.05725018854064512      773.0010896893383
0.002                     0.05714476146103309      773.0010749611517
0.002                     0.057352454764610344     773.0011039321015
0.002                     0.057378628682242694     773.0011075760032
0.002                     0.05749112500180589      773.0011231579874
0.002                     0.05742560380291564      773.0011140809397
0.002                     0.05753290218181836      773.001128929868
0.002                     0.057585965811169065     773.0011362692061
0.002                     0.05769624360570472      773.001151487991
0.002                     0.05770672256695572      773.0011529269435
0.002                     0.05783858659583385      773.0011710219804
0.002                     0.057973474197743624     773.0011893766562
0.002                     0.05786552441118398      773.0011746886255
0.002                     0.05804186325540456      773.0011986359223
0.002                     0.058148694532964396     773.0012130114392
0.002                     0.05824542761747739      773.0012259605352
0.002                     0.05831065106584815      773.0012346423302
0.002                     0.058464906209298895     773.0012550756978
0.002                     0.058481825898769935     773.0012573066695
0.002                     0.05865736904747748      773.0012802662241
0.002                     0.05859537444646873      773.0012721628465
0.002                     0.058666311489761785     773.0012814260086
0.002                     0.05884165901273555      773.0013040227327
0.002                     0.058884672072144206     773.0013095011084
0.002                     0.05906380914338297      773.0013321925787
0.002                     0.059074870808078495     773.001333581523
0.002                     0.05909099830836034      773.0013356009706
0.002                     0.059227582376095406     773.0013526796822
0.002                     0.05929814890892007      773.0013614754887
0.002                     0.059376359407313645     773.0013711656063
0.002                     0.0594608885924138       773.0013816236417
0.002                     0.05952088829157401      773.001388992725
0.002                     0.05967489455540506      773.0014078332251
0.002                     0.05966707984549302      773.0014068772734
0.002                     0.059678580794793684     773.0014082813814
0.002                     0.05986227706386482      773.0014304357428
0.002                     0.05986947267728385      773.0014312966242
0.002                     0.060019877502787644     773.0014491610997
0.002                     0.06015290059424333      773.0014648137504
0.002                     0.060058082419812725     773.0014536663962
0.002                     0.06023992618749094      773.0014750022359
0.002                     0.06029451948067385      773.001481355313
0.002                     0.06040334371045564      773.0014939572277
0.002                     0.06047069848774164      773.0015016622485
0.002                     0.06057703865055633      773.0015137627918
0.002                     0.060672073610071126     773.0015244579713
0.002                     0.06072960452442175      773.0015308752579
0.002                     0.060830764544939825     773.0015420740028
0.002                     0.06091597525062478      773.0015514146044
0.002                     0.060977267414796144     773.0015580973859
0.002                     0.06107157979514505      773.0015682786774
0.002                     0.061191538883121066     773.0015811346252
0.002                     0.06123440784216616      773.0015856897633
0.002                     0.06139616478581675      773.0016026853696
0.002                     0.06129104928461168      773.0015916510475
0.002                     0.06146185424121761      773.0016095315202
0.002                     0.061560877953125676     773.001619791987
0.002                     0.06168098435226377      773.0016321132468
0.002                     0.06171603493985972      773.0016356959227
0.002                     0.06176791380834329      773.0016409558007
0.002                     0.061863178431631666     773.0016505701436
0.002                     0.061924342933683235     773.0016566884669
0.002                     0.06201240011127693      773.0016654894018
0.002                     0.06212641511140407      773.0016767547596
0.002                     0.06214169636649233      773.001678264118
0.002                     0.06216097644727572      773.0016801549409
0.002                     0.062257313755055194     773.0016895908393
0.002                     0.06239526868166989      773.0017029738146
0.002                     0.062402571429460124     773.0017036808479
0.002                     0.06240938324003195      773.0017043347021
0.002                     0.06254853641235744      773.00171763253
0.002                     0.06267296273322817      773.0017294109233
0.002                     0.0626751574882079       773.0017296185954
0.002                     0.0626758988061622       773.0017296882766
0.002                     0.06282056096042432      773.0017432370076
0.002                     0.06282428943816465      773.0017435851804
0.002                     0.06296472608158019      773.0017566003163
0.002                     0.06284557180953426      773.0017455578342
0.002                     0.06299132459817239      773.0017590479272
0.002                     0.06311067411162738      773.0017699460251
0.002                     0.06317196282182425      773.001775486621
0.002                     0.06325528763354876      773.0017829764357
0.002                     0.06341288218059896      773.0017969195217
0.002                     0.0634205332780993       773.0017975963746
0.002                     0.06342502909096709      773.0017979905139
0.002                     0.06357439901396991      773.001810933613
0.002                     0.06346300613872177      773.0018012819728
0.002                     0.06359953033151838      773.0018130806056
0.002                     0.06369156700592213      773.0018209416716
0.002                     0.06382297298291295      773.00183203499
0.002                     0.06382989992093704      773.0018326188439
0.002                     0.06383499590489186      773.0018330425099
0.002                     0.06396698016898944      773.0018439498658
0.002                     0.06405601450942905      773.0018512219362
0.002                     0.06411050862408446      773.0018556372365
0.002                     0.06421096018489894      773.001863703955
0.002                     0.0642738693674513       773.0018687177082
0.002                     0.06435900285421642      773.0018754641492
0.002                     0.06439071660096049      773.0018779711137
0.002                     0.06447348848196657      773.0018844910104
0.002                     0.06453301677676279      773.0018891693157
0.002                     0.06459767970330713      773.0018942507726
0.002                     0.06463965911700137      773.0018975417831
0.002                     0.06472391129898317      773.0019041279785
0.002                     0.0648480702114182       773.0019137811079
0.002                     0.06485400088549584      773.0019142394601
0.002                     0.06485994766876887      773.0019146962943
0.002                     0.06499236197920039      773.0019248256824
0.002                     0.0651221892526708       773.0019347089196
0.002                     0.06510810414799115      773.0019336414389
0.002                     0.06515256160697827      773.0019369918757
0.002                     0.06526520069428299      773.001945446465
0.002                     0.06531661897425944      773.0019492726342
0.002                     0.06541222948126865      773.0019563591313
0.002                     0.06551628080999275      773.0019640070307
0.002                     0.06551809050577836      773.0019641394837
0.002                     0.06563967223146316      773.0019729766722
0.002                     0.06567880047964902      773.0019757775751
0.002                     0.06584204398402671      773.0019873410706
0.002                     0.06585056499116163      773.0019879326977
0.002                     0.06601368856070056      773.0019990742967
0.002                     0.06590857634388786      773.0019918959681
0.002                     0.06602729488931086      773.0019999897158
0.002                     0.0661760660922566       773.0020098420097
0.002                     0.06618468740543734      773.0020104081661
0.002                     0.06621872647841914      773.0020126098865
0.002                     0.06632258813491657      773.0020193117501
0.002                     0.06635895722077356      773.0020216161395
0.002                     0.06645076393689733      773.002027441745
0.002                     0.06652703121091652      773.002032194491
0.002                     0.06658308695812631      773.0020356832899
0.002                     0.06668633787747827      773.0020419861625
0.002                     0.06675051216361147      773.0020458401576
0.002                     0.06685793974985091      773.0020522078306
0.002                     0.06689282465943147      773.0020542427911
0.002                     0.06696671587485406      773.0020585439137
0.002                     0.06703489147747049      773.0020624727547
0.002                     0.0671992319370315       773.00207183517
0.002                     0.0671527052795518       773.0020692068754
0.002                     0.06724676783263686      773.0020744614092
0.002                     0.06737195850215297      773.0020813278906
0.002                     0.06749232781209247      773.0020877518875
0.002                     0.06752341786837857      773.002089391306
0.002                     0.06760247497741118      773.0020934846464
0.002                     0.06766057966464392      773.0020964839665
0.002                     0.06767820981961434      773.0020973838998
0.002                     0.06781298923699577      773.0021041618206
0.002                     0.06784648270607382      773.0021058155146
0.002                     0.06796399727211339      773.0021115259312
0.002                     0.06799562454954666      773.0021130410585
0.002                     0.06808627116921823      773.0021173338273
0.002                     0.06823577142674817      773.0021242521459
0.002                     0.06820097378570059      773.0021226653324
0.002                     0.06831535521220936      773.0021277954978
0.002                     0.06838614634183848      773.0021309480995
0.002                     0.06842533012101548      773.0021326430491
0.002                     0.06853083414002284      773.0021371477255
0.002                     0.06859940638658454      773.0021399692487
0.002                     0.06871236451994478      773.002144559747
0.002                     0.0687817425916242       773.002147292079
0.002                     0.06885165783235869      773.0021500045707
0.002                     0.0689089935141961       773.0021521946622
0.002                     0.06905535432284676      773.002157663821
0.002                     0.06905713748686082      773.0021577290769
0.002                     0.06906139131260372      773.002157878889
0.002                     0.06921343691597784      773.0021632277744
0.002                     0.06927539081295364      773.0021653037061
0.002                     0.06938125818362553      773.0021687573018
0.002                     0.0694978872257968       773.002172426502
0.002                     0.06950351247666067      773.0021725981629
0.002                     0.069637627167697        773.0021766208591
0.002                     0.0696428289136419       773.0021767727785
0.002                     0.0697851646474002       773.002180869168
0.002                     0.0696775611401905       773.0021777734269
0.002                     0.06980497445402686      773.0021814196267
0.002                     0.06993002210616861      773.0021848353596
0.002                     0.07000183444444485      773.00218669027
0.002                     0.07008533199428574      773.0021888093663
0.002                     0.07020290078220573      773.0021915866575
0.002                     0.07024546883690194      773.0021925702497
0.002                     0.07039310184422429      773.0021957123104
0.002                     0.0703633995272139       773.0021950808443
0.002                     0.07040493175880608      773.0021959453721
0.002                     0.07052541464134235      773.0021982761486
0.002                     0.07062162471267613      773.0022000149983
0.002                     0.07064919904467035      773.0022005127448
0.002                     0.07077009661455624      773.0022025514055
0.002                     0.07067700926736895      773.0022009856268
0.002                     0.07083615739266694      773.0022035800664
0.002                     0.07090712787645165      773.0022046493234
0.002                     0.07104690106301026      773.0022065548071
0.002                     0.0710332004980602       773.0022063681922
0.002                     0.07105486061166555      773.0022066512698
0.002                     0.07118832449725015      773.0022081830518
0.002                     0.07127697109388162      773.0022090625594
0.002                     0.07133022452958937      773.0022095539058
0.002                     0.07147120730032899      773.0022106366031
0.002                     0.07142362732675664      773.0022102703867
0.002                     0.07149985735673367      773.0022108157342
0.002                     0.07161180794375141      773.0022114334748
0.002                     0.07173883850543344      773.0022119916885
0.002                     0.07173639982971783      773.002211981093
0.002                     0.07174133001772101      773.0022120002303
0.002                     0.07186670306504986      773.0022123723816
0.002                     0.07195364453279524      773.0022125546175
0.002                     0.07199292711727445      773.0022126191025
0.002                     0.07209564748651878      773.0022126947613
0.002                     0.07214111986035976      773.00221270444
0.002                     0.07224420163003267      773.0022126722498
0.002                     0.07225133598304007      773.0022126676221
0.002                     0.07235267251901603      773.0022125616491
0.002                     0.07240274053548737      773.0022124849667
0.002                     0.07247060339229702      773.0022123584233
0.002                     0.07253410413756645      773.0022122159294
0.002                     0.0726161152977502       773.0022119680041
0.002                     0.0727087813467818       773.0022116593307
0.002                     0.07278801292430814      773.0022113034868
0.002                     0.07286449489592894      773.0022109358779
0.002                     0.0729647639684621       773.002210365446
0.002                     0.07310418803509153      773.002209371514
0.002                     0.07298035212633944      773.0022102711857
0.002                     0.0731930811226372       773.0022086271631
0.002                     0.07326026720271525      773.0022079988903
0.002                     0.07333245412931588      773.0022072297404
0.002                     0.07337655036825849      773.0022067667114
0.002                     0.07346381619686004      773.0022057775543
0.002                     0.07360213193547929      773.0022040853494
0.002                     0.0735274701979087       773.0022050098903
0.002                     0.07366230724631781      773.0022032620652
0.002                     0.07371977908234789      773.0022024678674
0.002                     0.07378452235528984      773.00220154037
0.002                     0.07384040190221078      773.0022007312074
0.002                     0.07394776620731217      773.0021990686992
0.002                     0.07396775648253434      773.0021987504592
0.002                     0.07407792931495158      773.0021968699866
0.002                     0.07413266092457868      773.0021958945672
0.002                     0.07422806834482037      773.0021941167158
0.002                     0.074352680393514        773.0021916676009
0.002                     0.07426905418156293      773.0021933158725
0.002                     0.07443444103106522      773.0021899401381
0.002                     0.07453121176739677      773.0021878082994
0.002                     0.07465516329974006      773.0021848650691
0.002                     0.07466546971703572      773.002184610303
0.002                     0.0747949712500813       773.0021812699856
0.002                     0.07483821419878905      773.0021801055036
0.002                     0.0749561796947236       773.0021768213
0.002                     0.075048907194981        773.0021741064438
0.002                     0.07511565364118913      773.0021721003278
0.002                     0.07526829697808207      773.0021672765914
0.002                     0.07528579715456163      773.0021667114981
0.002                     0.07545158582267178      773.0021610480247
0.002                     0.07535917651033971      773.0021642086842
0.002                     0.07547570666026515      773.0021601870403
0.002                     0.07559357512434209      773.0021559293542
0.002                     0.07574411882244597      773.0021503109897
0.002                     0.07575863763373872      773.0021497673281
0.002                     0.07576371904400472      773.0021495741744
0.002                     0.0757731244299982       773.0021492092303
0.002                     0.0759482478084254       773.0021423043909
0.002                     0.07604757522240777      773.0021382039154
0.002                     0.07611882438966674      773.0021352063487
0.002                     0.07618857698143217      773.0021321656204
0.002                     0.07629876780864656      773.0021273202394
0.002                     0.07641565677243536      773.0021219556459
0.002                     0.07647329758683527      773.0021192635528
0.002                     0.07663110380701044      773.0021116823916
0.002                     0.0766357629379961       773.0021114587076
0.002                     0.07663880663956807      773.0021113079437
0.002                     0.07676190034368571      773.0021051684244
0.002                     0.07682182163433807      773.0021021364166
0.002                     0.07693838506383063      773.0020961092221
0.002                     0.0769792483057368       773.0020939762069
0.002                     0.0771109845231421       773.0020868996721
0.002                     0.07704549322256105      773.0020904235229
0.002                     0.07715938029693006      773.0020842411361
0.002                     0.07724163318839347      773.0020797035043
0.002                     0.07738578449989142      773.0020715268726
0.002                     0.07734929096549767      773.0020735994943
0.002                     0.07741404292865603      773.002069888706
0.002                     0.07752670915543428      773.0020633062813
0.002                     0.07765760889445697      773.0020554896618
0.002                     0.0776747639446162       773.0020544626228
0.002                     0.0776822191695277       773.0020540069592
0.002                     0.07787111066641988      773.0020422889085
0.002                     0.07777591194887346      773.0020481962141
0.002                     0.07788077610734537      773.0020416743015
0.002                     0.07804769634024156      773.0020308591239
0.002                     0.07807421850977828      773.0020291100793
0.002                     0.07821507340083747      773.0020196630886
0.002                     0.07825185548598843      773.002017158211
0.002                     0.07838207803715788      773.002008149716
0.002                     0.07842237823014314      773.002005316741
0.002                     0.07852219456391463      773.0019982272673
0.002                     0.07861531113295031      773.0019915241973
0.002                     0.07863781383066593      773.0019898965185
0.002                     0.07874867167667515      773.0019817636369
0.002                     0.07881449157471826      773.0019768697082
0.002                     0.0789285973045061       773.001968274648
0.002                     0.07899691880065537      773.001963042132
0.002                     0.07908362028913662      773.0019563217015
0.002                     0.07921074747476325      773.0019463040138
0.002                     0.07923748991255286      773.0019441874605
0.002                     0.07925791620968356      773.0019425488847
0.002                     0.0793851907337548       773.0019322882772
0.002                     0.07941560001453524      773.0019298068883
0.002                     0.07951306433246855      773.0019217900298
0.002                     0.07962315329652978      773.0019126241809
0.002                     0.07964143679824245      773.0019110877811
0.002                     0.07975234325238717      773.0019016709417
0.002                     0.07990722116347279      773.0018882697077
0.002                     0.07980509133512936      773.0018971284865
0.002                     0.08003373516435167      773.0018771193852
0.002                     0.08004707488575158      773.0018759391924
0.002                     0.08006048915886643      773.0018747347985
0.002                     0.08018565433183858      773.0018634669705
0.002                     0.0802736303800772       773.0018554220692
0.002                     0.08034207010940175      773.001849118673
0.002                     0.08043699831165896      773.0018402613246
0.002                     0.08045980041270165      773.0018381326468
0.002                     0.08055178926142986      773.0018294732135
0.002                     0.08056080375290195      773.0018286199645
0.002                     0.08065592686673406      773.0018196048568
0.002                     0.08079628605248565      773.001806115382
0.002                     0.08080339132586534      773.001805432066
0.002                     0.08081262721837179      773.0018045286738
0.002                     0.08094357815858058      773.001791684387
0.002                     0.08101720192727166      773.001784380137
0.002                     0.08107078646788562      773.0017790395029
0.002                     0.08117095363189422      773.0017689457703
0.002                     0.08123473609424567      773.0017624637397
0.002                     0.08133682788215196      773.0017519869925
0.002                     0.08137113002008414      773.0017484345976
0.002                     0.08146644065111322      773.001738500812
0.002                     0.0815905181208881       773.0017254153769
0.002                     0.08159888035864904      773.0017245330015
0.002                     0.0816094454882895       773.0017234019707
0.002                     0.0817360752122005       773.0017098302285
0.002                     0.08179774898957712      773.0017031546895
0.002                     0.08186652562669897      773.0016956891914
0.002                     0.08191619803721956      773.001690272403
0.002                     0.08204130980696414      773.0016765408407
0.002                     0.08201753680694449      773.0016791505874
0.002                     0.08205921876801084      773.0016745581038
0.002                     0.08217205018085749      773.0016620151392
0.002                     0.08230426959969592      773.0016471518618
0.002                     0.08227203617560233      773.0016507850609
0.002                     0.08246585905533235      773.001628685517
0.002                     0.08242609386522842      773.0016332545875
0.002                     0.08255397709150017      773.001618485471
0.002                     0.08259143422997176      773.0016141488562
0.002                     0.08272149748436111      773.001598905998
0.002                     0.08266143978784551      773.0016059453345
0.002                     0.08273791274725978      773.0015969621809
0.002                     0.08288212128640751      773.0015797770187
0.002                     0.08292206912982172      773.0015749649426
0.002                     0.08308628661350762      773.0015549921089
0.002                     0.08306984461043801      773.0015570008443
0.002                     0.0831032799291484       773.0015528906137
0.002                     0.08327671818487725      773.0015313474778
0.002                     0.08333650614563787      773.0015238280589
0.002                     0.0834574888030212       773.0015084858386
0.002                     0.08347702847111144      773.0015059898067
0.002                     0.08359499351086394      773.0014908050902
0.002                     0.08363802045427982      773.0014852245018
0.002                     0.0837768860218091       773.0014670472515
0.002                     0.08380789807400668      773.0014629605333
0.002                     0.08387018898699053      773.0014546753482
0.002                     0.08394527388232045      773.0014446809303
0.002                     0.08406159670491492      773.0014290412266
0.002                     0.0840631168062422       773.0014288365778
0.002                     0.08406577851085753      773.0014284752966
0.002                     0.08418779108656921      773.001411903541
0.002                     0.0842664042324226       773.0014011358269
0.002                     0.08431363233922631      773.0013946253359
0.002                     0.08438520177981726      773.0013847475037
0.002                     0.08444846839135314      773.0013759374981
0.002                     0.08455179483558312      773.001361440133
0.002                     0.084624999625313        773.0013510847725
0.002                     0.08473593837431742      773.0013352186037
0.002                     0.08478293777027168      773.0013284687403
0.002                     0.08494389779999678      773.0013051028512
0.002                     0.08492606262997415      773.0013077087284
0.002                     0.08488443240059096      773.0013137491076
0.002                     0.08513102787688445      773.0012775692956
0.002                     0.08512076976147046      773.001279085252
0.002                     0.08514334657809905      773.0012757308009
0.002                     0.08529186127682642      773.00125350655
0.002                     0.08534990510309443      773.0012447478099
0.002                     0.0853889159522439       773.0012388537994
0.002                     0.08550816798474517      773.0012207290968
0.002                     0.08542450590457493      773.0012334482494
0.002                     0.0856019286274109       773.0012063759834
0.002                     0.08563549810169124      773.001201227653
0.002                     0.08575089623851365      773.0011834013344
0.002                     0.08567485821842924      773.0011951490413
0.002                     0.08590072821498532      773.0011600465339
0.002                     0.08588153484444097      773.001163040814
0.002                     0.08591679708515759      773.0011575163286
0.002                     0.0860863030697103       773.0011307088913
0.002                     0.08612606336012213      773.0011243665587
0.002                     0.08626131347230775      773.0011026444356
0.002                     0.08631326160879588      773.0010942464376
0.002                     0.08643774292942086      773.0010739754252
0.002                     0.0865073485153598       773.0010625725981
0.002                     0.08660866308122622      773.0010458745435
0.002                     0.08666892867592388      773.00103588011
0.002                     0.08673520918972011      773.0010248593195
0.002                     0.08678727335721068      773.0010161587206
0.002                     0.08689509113395069      773.0009980633049
0.002                     0.0869615284068628       773.0009868458494
0.002                     0.0870708896435746       773.0009682698197
0.002                     0.08714378029191477      773.0009558228403
0.002                     0.08722632000579528      773.0009416583196
0.002                     0.08730213638147546      773.0009285798837
0.002                     0.08736629442516297      773.0009174597642
0.002                     0.08742741169456539      773.0009068379026
0.002                     0.087541568420898        773.0008868822891
0.002                     0.08757183207899294      773.0008815744777
0.002                     0.08772257644760667      773.0008549644697
0.002                     0.08768388626826637      773.000861794597
0.002                     0.08773237051747163      773.0008532256699
0.002                     0.08787393432580803      773.0008279768007
0.002                     0.08793984900583077      773.0008161537726
0.002                     0.0880323491324724       773.0007994903707
0.002                     0.0881214165773325       773.0007833581572
0.002                     0.08815995628996245      773.0007763742467
0.002                     0.08825290461116456      773.000759423946
0.002                     0.0883122991342673       773.0007485860589
0.002                     0.0883746525877091       773.0007371508748
0.002                     0.08845521892976096      773.0007223685578
0.002                     0.08852418385621613      773.0007096314616
0.002                     0.08866089706673883      773.0006844023196
0.002                     0.08868444719228491      773.0006800195337
0.002                     0.08874498384058696      773.0006687576666
0.002                     0.08883622422268614      773.0006517830519
0.002                     0.08887254075305501      773.0006450377093
0.002                     0.08898600396206863      773.0006237875873
0.002                     0.089080565157342        773.0006061318887
0.002                     0.08913512760889933      773.0005958523255
0.002                     0.08928303211974395      773.0005681195349
0.002                     0.0892796533065465       773.0005687532005
0.002                     0.08928430015689667      773.0005678832065
0.002                     0.08942942233170856      773.0005405810894
0.002                     0.0894824324784752       773.0005306893186
0.002                     0.08955778975870055      773.0005164961954
0.002                     0.08968169344832136      773.0004933499984
0.002                     0.08968897152159211      773.0004919789297
0.002                     0.08979705906232985      773.0004718010737
0.002                     0.08969653119495846      773.0004905655582
0.002                     0.0899058534877768       773.0004516320054
0.002                     0.08993691488922853      773.0004458915688
0.002                     0.08996557516035408      773.0004406771449
0.002                     0.09007992890846708      773.0004195987428
0.002                     0.09017354812192604      773.0004026848114
0.002                     0.0902020661114315       773.0003974734225
0.002                     0.09031370214204876      773.0003774670402
0.002                     0.09024149129264561      773.0003904165413
0.002                     0.09041876875938357      773.0003589820797
0.002                     0.09044204060833505      773.0003548583982
0.002                     0.09045137580451457      773.0003532094549
0.002                     0.0906379016053892       773.0003211889768
0.002                     0.09079070396107497      773.0002956988624
0.002                     0.09065934206721335      773.0003176013844
0.002                     0.09064356576960675      773.0003202160245
0.002                     0.09085602658331868      773.0002851701262
0.002                     0.09088360861528308      773.0002806787732
0.002                     0.09099328059388048      773.0002633888017
0.002                     0.09099424660494213      773.0002632366536
0.002                     0.09113074420253428      773.0002423579263
0.002                     0.09099808100352558      773.0002626538843
0.002                     0.09116136938513         773.0002378089695
0.002                     0.09127994783249596      773.0002206219281
0.002                     0.09129651673702827      773.0002182002409
0.002                     0.09131254636890707      773.0002159858528
0.002                     0.09143071193274024      773.0001995143232
0.002                     0.09146430600445193      773.0001949798866
0.002                     0.09156815236014035      773.0001812630876
0.002                     0.09162848374309385      773.0001735857263
0.002                     0.09170890773260687      773.0001634746576
0.002                     0.09178546722336198      773.0001543222795
0.002                     0.0918245367921868       773.0001496434288
0.002                     0.09190073579916488      773.0001407717809
0.002                     0.09199639213971117      773.000130186341
0.002                     0.09202822809110761      773.0001266033805
0.002                     0.09217145450685829      773.0001115562645
0.002                     0.09221149544496318      773.0001073954045
0.002                     0.09233042091861246      773.000095713692
0.002                     0.0923969641663713       773.0000893038907
0.002                     0.09248295098423484      773.00008142715
0.002                     0.09259044298262223      773.0000717705069
0.002                     0.09263263850785755      773.0000681726301
0.002                     0.09277614569916007      773.0000561068148
0.002                     0.0927483404212571       773.00005847043
0.002                     0.09278782335470132      773.0000551384364
0.002                     0.09290266546689033      773.0000459721057
0.002                     0.09298579388009268      773.0000395358334
0.002                     0.09302176350287394      773.0000368008575
0.002                     0.0931529820591202       773.0000271255888
0.002                     0.09306466899397153      773.0000336933055
0.002                     0.09323149883654253      773.000021481426
0.002                     0.09329590292741682      773.0000169811196
0.002                     0.09344719718022523      773.0000067341273
0.002                     0.09335464173506947      773.0000131089246
0.002                     0.09351032696423434      773.0000024683416
0.002                     0.09360673332310118      772.999996340085
0.002                     0.09364297691639675      772.9999939546606
0.002                     0.09374894026702366      772.9999873989866
0.002                     0.09381399834893375      772.9999832805017
0.002                     0.09389638228021002      772.9999783717549
0.002                     0.09404731894027349      772.9999693854794
0.002                     0.09405665326171905      772.9999688432749
0.002                     0.09406130145663363      772.9999685932139
0.002                     0.09422708896130746      772.9999590733275
0.002                     0.09408179421781362      772.999967419615
0.002                     0.09427188012574408      772.9999564245095
0.002                     0.09436461380310576      772.9999512932533
0.002                     0.09447830538040236      772.9999448869144
0.002                     0.09449690530581267      772.9999438847763
0.002                     0.09461098937738374      772.9999376461151
0.002                     0.09451535831810598      772.9999428946651
0.002                     0.0947228664119158       772.9999314596162
0.002                     0.09473718434978798      772.9999307034615
0.002                     0.09485883459292638      772.999924161871
0.002                     0.09474902761547152      772.9999300875829
0.002                     0.09497162259449929      772.9999179450882
0.002                     0.09500297658891153      772.999916347053
0.002                     0.0950856387949965       772.9999118742267
0.002                     0.09514806494167662      772.999908503513
0.002                     0.09516589603073658      772.9999074828518
0.002                     0.09529099713385865      772.9999008090617
0.002                     0.09532471309559858      772.9998988889238
0.002                     0.09543533975771709      772.9998930180956
0.002                     0.09549333410073552      772.9998897063526
0.002                     0.09559749445846748      772.999884165262
0.002                     0.09566217277205194      772.9998804542903
0.002                     0.09575721287929247      772.9998753446155
0.002                     0.09584003850677662      772.9998705742217
0.002                     0.09590848015328232      772.9998668645459
0.002                     0.09596830834759684      772.9998635255926
0.002                     0.09612464366491427      772.9998546353186
0.002                     0.09603967109891325      772.999859360876
0.002                     0.09622817973232826      772.9998484468999
0.002                     0.096279370130948        772.9998455750743
0.002                     0.09635608965139231      772.9998410650162
0.002                     0.09642552858174432      772.9998369396413
0.002                     0.09646961828137474      772.9998341186899
0.002                     0.09658125214103183      772.999827470584
0.002                     0.09667254633622675      772.9998216494398
0.002                     0.09671449631122965      772.9998191357496
0.002                     0.09684738664219072      772.9998106613505
0.002                     0.09679592992793216      772.9998139324277
0.002                     0.09686624905598923      772.999809358106
0.002                     0.0969974069663983       772.9998008816251
0.002                     0.09703621176150058      772.9997981472769
0.002                     0.0971629316257362       772.9997897699756
0.002                     0.09722360182521493      772.9997853619134
0.002                     0.09734019293533151      772.9997772033547
0.002                     0.09736715745872275      772.9997751689267
0.002                     0.09747275615407204      772.9997676663434
0.002                     0.09755591555177985      772.9997612377338
0.002                     0.09762012482371507      772.9997566057422
0.002                     0.0977480767398139       772.9997465265129
0.002                     0.09776127670348685      772.9997455576848
0.002                     0.09790398951715612      772.999734130282
0.002                     0.0978135734060307       772.9997413484587
0.002                     0.0979242753591936       772.9997323637531
0.002                     0.09805336868571997      772.9997217945437
0.002                     0.0981023203164713       772.9997173819237
0.002                     0.09821934583192996      772.9997075209751
0.002                     0.09829452188747494      772.9997004836787
0.002                     0.09841139061640776      772.9996899849641
0.002                     0.09846302359443013      772.9996849251735
0.002                     0.09858514095986289      772.9996734744552
0.002                     0.09864240388750213      772.9996675556738
0.002                     0.0987648594512615       772.9996557051161
0.002                     0.09887706126337878      772.9996434213899
0.002                     0.09893610576958123      772.9996375280152
0.002                     0.09909245368641152      772.9996201975625
0.002                     0.09898991935343357      772.9996317512213
0.002                     0.09926446318976635      772.9996004352329
0.002                     0.09914699177384972      772.9996143058493
0.002                     0.09941262360365664      772.9995828318085
0.002                     0.09934806969830343      772.9995905465769
0.002                     0.09928818337679933      772.9995978167436
0.002                     0.09943673916763385      772.9995796585611
0.002                     0.0995421390984588       772.999566640689
0.002                     0.09967414628391616      772.9995496718634
0.002                     0.09964865642165668      772.9995530563546
0.002                     0.09970222828667141      772.9995456525531
0.002                     0.09981601802962144      772.9995305922104
0.002                     0.09989489052638036      772.9995193322227
0.002                     0.09992722828285668      772.9995149767888
0.002                     0.10003044994247957      772.9995001540308
0.002                     0.09996896605676585      772.999508952877
0.002                     0.10010269826183822      772.9994892338492
0.002                     0.1001456819657947       772.9994830026175
0.002                     0.1002465713409301       772.999467659994
0.002                     0.10017549849337398      772.9994784844099
0.002                     0.10038338712239676      772.999445979727
0.002                     0.10036645689373903      772.9994487099632
0.002                     0.10040284653235981      772.9994425891774
0.002                     0.10052415006742642      772.9994229798708
0.002                     0.10066659871948447      772.9993983778336
0.002                     0.10065611707000817      772.9994001904575
0.002                     0.10067515273774305      772.9993967532008
0.002                     0.10079657694009327      772.9993753735906
0.002                     0.10086875423493753      772.9993617525845
0.002                     0.10091086815746948      772.9993541401354
0.002                     0.10105478859702281      772.9993266372078
0.002                     0.10093289002800741      772.9993502465805
0.002                     0.10117177743576138      772.9993037269153
0.002                     0.10109128701821633      772.9993195261986
0.002                     0.10121173384982235      772.9992952810703
0.002                     0.10132322818518336      772.9992723179631
0.002                     0.10133605254169539      772.999269484195
0.002                     0.10144185081497945      772.9992473082016
0.002                     0.10148625445742564      772.9992370611799
0.002                     0.10158927601102208      772.9992144490827
0.002                     0.10162288771331678      772.9992063733482
0.002                     0.10174020512660026      772.9991793678875
0.002                     0.10176153402558445      772.9991740151366
0.002                     0.10191302138192421      772.9991372625785
0.002                     0.10191936931566722      772.9991356081401
0.002                     0.10193034357639806      772.9991326795289
0.002                     0.10205954217302753      772.9991001872374
0.002                     0.10215139368501744      772.9990758050121
0.002                     0.10215229967361514      772.9990755567774
0.002                     0.10227471394898553      772.9990428196406
0.002                     0.10230493954531751      772.9990340144855
0.002                     0.10247828794799099      772.9989847139296
0.002                     0.102483929016806        772.9989829831098
0.002                     0.10265043232216974      772.9989334362732
0.002                     0.10249588490622848      772.9989792588907
0.002                     0.10271184121540415      772.9989145641349
0.002                     0.10279017056145598      772.998889123344
0.002                     0.10284968443311251      772.9988707746352
0.002                     0.10292724573955554      772.9988450058303
0.002                     0.10297226470122074      772.9988296383082
0.002                     0.10307603295049465      772.9987951757
0.002                     0.10313601955886631      772.9987733540283
0.002                     0.10323466585641412      772.9987383765566
0.002                     0.10327087737302702      772.9987245421607
0.002                     0.10334863088152621      772.9986966486701
0.002                     0.10342947871691507      772.9986656867472
0.002                     0.10346276117754429      772.9986524673263
0.002                     0.10356719043392121      772.9986126544427
0.002                     0.10362911836786576      772.998586634521
0.002                     0.10371138435547808      772.9985532580832
0.002                     0.10375659826169592      772.9985336217505
0.002                     0.1038184557474328       772.9985081125699
0.002                     0.10394977556549272      772.9984505102422
0.002                     0.10393013735051475      772.9984591076214
0.002                     0.1039609119142798       772.998445119014
0.002                     0.10409813999046076      772.9983832046274
0.002                     0.10422961341715589      772.9983208217615
0.002                     0.10414577126677774      772.9983599691552
0.002                     0.1042661565279835       772.9983040864564
0.002                     0.1044197440659812       772.9982263728515
0.002                     0.10444292610265235      772.9982152970819
0.002                     0.10460403289149725      772.9981301799124
0.002                     0.10461135201345181      772.9981265486588
0.002                     0.10478188121446079      772.9980329548182
0.002                     0.10466435962223833      772.9980973123136
0.002                     0.10479782759417218      772.9980232829549
0.002                     0.104967208969606        772.9979264019091
0.002                     0.1050033026715041       772.9979035667773
0.002                     0.10507863328519268      772.9978567702074
0.002                     0.10513772504069073      772.9978214907824
0.002                     0.105258468048281        772.9977444649465
0.002                     0.10523818529259905      772.9977573374707
0.002                     0.10526424976993987      772.9977404602816
0.002                     0.10539670961766234      772.9976548509743
0.002                     0.10545968386200254      772.9976095312417
0.002                     0.10557368983679369      772.9975327459226
0.002                     0.10564877289066134      772.997476290484
0.002                     0.105743992889782        772.9974096369369
0.002                     0.10586054108614404      772.9973184272444
0.002                     0.10589153207582105      772.9972960674507
0.002                     0.10604600752321651      772.9971736560685
0.002                     0.10596583983749358      772.9972369183639
0.002                     0.10607757448786831      772.9971461860532
0.002                     0.1062027165586274       772.9970446613977
0.002                     0.10628020921618465      772.9969750635058
0.002                     0.10636259887756955      772.9969056813808
0.002                     0.10647214013046068      772.9968040408066
0.002                     0.10651028733713087      772.9967706933478
0.002                     0.1066412402988269       772.9966469468102
0.002                     0.10658898881175886      772.9966961175262
0.002                     0.10667279861136723      772.996614618573
0.002                     0.10676834110730998      772.996522890135
0.002                     0.10690312909760857      772.99638537373
0.002                     0.10687332499834327      772.9964159042504
0.002                     0.1069274472588885       772.9963580835735
0.002                     0.10704478020233735      772.996235827022
0.002                     0.10712189990431732      772.9961488302251
0.002                     0.10716086793542531      772.9961075561799
0.002                     0.10728648670686597      772.9959643963006
0.002                     0.10724081483341644      772.996016123055
0.002                     0.10730189444328443      772.995945226623
0.002                     0.10742847115410216      772.9957978897448
0.002                     0.10747336046115732      772.9957402746652
0.002                     0.10757409507151842      772.9956193359162
0.002                     0.1076579072347324       772.9955079544693
0.002                     0.10772140130961003      772.9954297414985
0.002                     0.10787121160642822      772.9952253596012
0.002                     0.10787799440945774      772.9952168448713
0.002                     0.1080440717478626       772.9949878398115
0.002                     0.10789168251260998      772.9951978053446
0.002                     0.10810970350618115      772.9948862071853
0.002                     0.10821483113391556      772.9947342029516
0.002                     0.10827633589192663      772.9946385020007
0.002                     0.10838151488297793      772.994471894146
0.002                     0.1083946072495862       772.9944522060739
0.002                     0.10852687908806387      772.9942377949213
0.002                     0.10845841076744636      772.9943484884643
0.002                     0.10853552893036997      772.9942226083598
0.002                     0.10868255535427225      772.9939759983748
0.002                     0.10870915463381325      772.9939267538474
0.002                     0.10884232599440621      772.9936949303944
0.002                     0.10889351488944207      772.9935960501379
0.002                     0.10899871715858081      772.9934065300836
0.002                     0.10908031777856306      772.9932431359709
0.002                     0.10915286030214276      772.9931081072948
0.002                     0.10932691517623669      772.9927546263444
0.002                     0.10927680911975651      772.9928505499659
0.002                     0.10941482723564125      772.9925671919435
0.002                     0.10950971940442396      772.9923637149366
0.002                     0.10956574344999316      772.9922323161252
0.002                     0.10964979601258852      772.9920488749826
0.002                     0.10975974282528451      772.9917916167327
0.002                     0.10977698119641928      772.9917508119804
0.002                     0.1097958782812872       772.9917033244883
0.002                     0.10991271289920476      772.9914250993912
0.002                     0.10998323061297198      772.9912498950011
0.002                     0.11003594385669511      772.9911133136343
0.002                     0.11013181193402816      772.9908734615085
0.002                     0.11027149027052321      772.9904958616679
0.002                     0.11022242458937995      772.9906222489094
0.002                     0.1103371619796544       772.9903138943507
0.002                     0.11039845931393133      772.9901428716003
0.002                     0.11043970136906019      772.990019525055
0.002                     0.11051589949650815      772.9898060456882
0.002                     0.1105886011662448       772.989585157832
0.002                     0.11066405041415583      772.9893674419735
0.002                     0.11074879391593245      772.9890990349013
0.002                     0.1108361495321799       772.9888244263577
0.002                     0.11088672928944465      772.9886547080907
0.002                     0.11097019774220772      772.98838865931
0.002                     0.11106922996335132      772.9880458800869
0.002                     0.11107764225199789      772.9880184417943
0.002                     0.11119449665844154      772.987612830729
0.002                     0.11110632126380184      772.9879181913286
0.002                     0.111215671888147        772.9875327650741
0.002                     0.1113402375275574       772.9870900233284
0.002                     0.11140081807455339      772.9868515741427
0.002                     0.11150871125515707      772.9864546409583
0.002                     0.11159020116950166      772.9861222091638
0.002                     0.11168656509886869      772.985737782958
0.002                     0.11182183210563834      772.9851749485375
0.002                     0.11174182986043331      772.9854992240332
0.002                     0.11190392942985684      772.9848180773494
0.002                     0.11194546989149845      772.9846309093566
0.002                     0.11204957844771682      772.9841781606128
0.002                     0.11211072537904121      772.9838858002038
0.002                     0.11221965943618134      772.9833787747339
0.002                     0.11225281429216344      772.9832122184604
0.002                     0.11234705490202047      772.9827677884936
0.002                     0.1124690928145801       772.9821386201462
0.002                     0.11247772439294981      772.9820972895097
0.002                     0.11249590575162245      772.9820022815912
0.002                     0.11262934354440608      772.9813099957605
0.002                     0.11268480702782432      772.9809922349123
0.002                     0.11279097887927057      772.9804278776506
0.002                     0.11291454261711817      772.9797046188561
0.002                     0.11292304826623245      772.9796582299572
0.002                     0.11308119200356576      772.9787093762511
0.002                     0.11310044495765263      772.9786009689814
0.002                     0.11313742010268982      772.9783694468878
0.002                     0.11326077542409616      772.9775943554121
0.002                     0.11342913158639359      772.9764832134857
0.002                     0.11341291329981434      772.9765932391422
0.002                     0.11344303848607223      772.9763805584448
0.002                     0.11361565967014838      772.9752006226272
0.002                     0.1136579908030817       772.9748788098225
0.002                     0.11377615943996404      772.9740334028932
0.002                     0.11382898986571569      772.9736170241739
0.002                     0.113934937994549        772.9728253148287
0.002                     0.11400259087472399      772.9722670638655
0.002                     0.11408427411550824      772.9716366760332
0.002                     0.11419417511212691      772.9707014830756
0.002                     0.11423031643190557      772.9704159381681
0.002                     0.11439482981797727      772.9689706965703
0.002                     0.11437822230670272      772.9691290445556
0.002                     0.11433023156869071      772.9695444421205
0.002                     0.11453217593361031      772.9677493091447
0.002                     0.1145857775075505       772.9672228376146
0.002                     0.11469385133999753      772.9662259411969
0.002                     0.11475635556493717      772.9655928887137
0.002                     0.1148669758345818       772.9644795542644
0.002                     0.11487288647813385      772.9644170005665
0.002                     0.11499571218341702      772.9631533445585
0.002                     0.11501821132754195      772.9629020125315
0.002                     0.11517228903495681      772.9612549937945
0.002                     0.11521006426488282      772.9608113157489
0.002                     0.11534855965957673      772.9591994888427
0.002                     0.11538679128782536      772.9587689968079
0.002                     0.11539706927506858      772.958655318421
0.002                     0.11544750480875862      772.9580404005668
0.002                     0.11555484901595656      772.956745032455
0.002                     0.11557529542722643      772.9564785984317
0.002                     0.11568793989330292      772.9550269830415
0.002                     0.11574700062365513      772.95428035947
0.002                     0.11575973683101089      772.9541254448966
0.002                     0.11582792599568686      772.9532042162509
0.002                     0.11590364924663488      772.952188036703
0.002                     0.11592372719156453      772.9518957747648
0.002                     0.11602765806138637      772.9504716647396
0.002                     0.11611072090627424      772.9492962365466
0.002                     0.11618993729396589      772.9480934776439
0.002                     0.11630001671475027      772.9464638460016
0.002                     0.11635354405055963      772.9455968499465
0.002                     0.11646874066139194      772.9438107844871
0.002                     0.11652137968100712      772.9429112168832
0.002                     0.11663303308302207      772.9411077375426
0.002                     0.1167067930090752       772.9397808950057
0.002                     0.11680209668906855      772.9381922958585
0.002                     0.11694921909246579      772.9354696813728
0.002                     0.11694966709536674      772.9354620208301
0.002                     0.11695032188243598      772.9354497857362
0.002                     0.11710997047364437      772.9324724289297
0.002                     0.11721629170357087      772.930307563989
0.002                     0.11726520537550604      772.9293806423356
0.002                     0.11743452536789657      772.9258814824753
0.002                     0.11734905718473154      772.9276433003583
0.002                     0.11747078518634894      772.9250505402214
0.002                     0.11760475953283483      772.9221767586566
0.002                     0.11765398417182699      772.9210082395784
0.002                     0.1177596297857642       772.9186491789652
0.002                     0.11782169774810579      772.9171241858446
0.002                     0.11790429054006649      772.9151909839795
0.002                     0.1179608315774581       772.9137739517844
0.002                     0.11809333587801707      772.9104300946736
0.002                     0.11806664593181232      772.9111399560461
0.002                     0.11816666834916945      772.9084996323686
0.002                     0.11820767684077864      772.9074508862632
0.002                     0.11832680827856647      772.9042732913847
0.002                     0.11824176608240408      772.9065384801188
0.002                     0.11836320346332432      772.903202742829
0.002                     0.11847849597883783      772.9000303324168
0.002                     0.11853460708335264      772.8983227765639
0.002                     0.11862091061605728      772.8958556657676
0.002                     0.11873661815496314      772.892248383113
0.002                     0.11877312869656922      772.8911747547243
0.002                     0.11894331584859666      772.8857546820473
0.002                     0.1188024216356789       772.8902966719276
0.002                     0.11906767038533082      772.8816027982637
0.002                     0.11903777670791717      772.8826006438429
0.002                     0.11909268276823785      772.8806965725745
0.002                     0.11919313765903072      772.8772927171422
0.002                     0.11933711038013259      772.8721121989267
0.002                     0.11930880390711329      772.8731357081317
0.002                     0.119360090545988        772.8712006475969
0.002                     0.1194807081426028       772.8667767829579
0.002                     0.11956771582039173      772.8632983509594
0.002                     0.11960280990549048      772.8619784809621
0.002                     0.11971705735766788      772.8574365885053
0.002                     0.11964320320597575      772.8603709053577
0.002                     0.11977432628259593      772.8549522366507
0.002                     0.11984052337156512      772.8523020563532
0.002                     0.11996682644070535      772.8467415360055
0.002                     0.1199847688385704       772.846010986259
0.002                     0.1200417468180366       772.8434400012538
0.002                     0.12013922956484327      772.839074888405
0.002                     0.12016937644327015      772.8375741659042
0.002                     0.12030502574061708      772.831340302889
0.002                     0.12038092725079785      772.8274207678613
0.002                     0.12048753804701379      772.8222397169095
0.002                     0.12056345328396838      772.8181528438727
0.002                     0.12065703507919229      772.8133727493323
0.002                     0.1207416969486298       772.8086153915625
0.002                     0.12080592207782373      772.8052091083148
0.002                     0.12090983954619379      772.7992723352106
0.002                     0.12093948960530293      772.7975807414795
0.002                     0.12096280023839368      772.7961267217123
0.002                     0.1210773788714091       772.7894460590849
0.002                     0.12122163796163975      772.7804999636193
0.002                     0.12121578957829887      772.7808471384704
0.002                     0.12120198827404029      772.7816751357879
0.002                     0.12126849660813911      772.7774810351085
0.002                     0.12136792467197029      772.7711246857368
0.002                     0.12138719878629285      772.7697738127727
0.002                     0.12148414290588418      772.7633904307393
0.002                     0.12155967512809915      772.7583010595871
0.002                     0.12162044473726788      772.7538915189125
0.002                     0.12172772075381372      772.7463712579574
0.002                     0.12177159052108011      772.742992273083
0.002                     0.12187737752129524      772.7352426409797
0.002                     0.12192296241999723      772.7315733819191
0.002                     0.12203288288159507      772.7231930356187
0.002                     0.12209741680443953      772.7177784085966
0.002                     0.12219185611858109      772.7103265456119
0.002                     0.12230333637053908      772.7006365971386
0.002                     0.1223499730986014       772.6968423867455
0.002                     0.12248244667245904      772.6849746701581
0.002                     0.12250289406806002      772.683154498613
0.002                     0.12251141183296844      772.6823271782531
0.002                     0.12263574422360407      772.6709521004603
0.002                     0.1227781395283938       772.6571576627746
0.002                     0.12278461745352635      772.6565264269685
0.002                     0.12278891196610593      772.6560667845523
0.002                     0.12285899568029097      772.6490005291438
0.002                     0.12293761736992541      772.6411213885139
0.002                     0.12306336025440258      772.6281999469982
0.002                     0.12295027955997669      772.6398196047033
0.002                     0.12311821943501015      772.621986364411
0.002                     0.1232157919537372       772.6116519028141
0.002                     0.12330384571649687      772.6012315218429
0.002                     0.1233936609284874       772.5913929528781
0.002                     0.12354345120611362      772.5730701484026
0.002                     0.12354996756979714      772.5723334920286
0.002                     0.12371670673879659      772.5517482436132
0.002                     0.12356152040520235      772.5709070708729
0.002                     0.12378868742619473      772.5418518953568
0.002                     0.12389759198712576      772.5279196969348
0.002                     0.12399999342651198      772.5133174440193
0.002                     0.12406104183074403      772.5052486357404
0.002                     0.12420638049044513      772.4838009744909
0.002                     0.12421846290714876      772.4821430543842
0.002                     0.12436635909368378      772.4598465716663
0.002                     0.1242605566377338       772.4757472643731
0.002                     0.12439988382449232      772.4543010156444
0.002                     0.12449958325485072      772.4388805932708
0.002                     0.12464575066477539      772.4146535087082
0.002                     0.12464179394383577      772.4153092336995
0.002                     0.12464826420599047      772.4141918757498
0.002                     0.12480964088426351      772.386762485412
0.002                     0.12483569963281033      772.3818647181997
0.002                     0.12500474961544406      772.3512180974149
0.002                     0.12496166126435206      772.3596002967817
0.002                     0.12518363722972398      772.3172529389926
0.002                     0.12513098485400187      772.3279403239846
0.002                     0.1253027642641703       772.2933961107018
0.002                     0.12530737247083854      772.2925126999567
0.002                     0.12545605865529774      772.2616493462958
0.002                     0.12542424267960073      772.2687325298136
0.002                     0.12531416752824892      772.2911195519848
0.002                     0.12562273705823165      772.2257100394686
0.002                     0.12557014482552853      772.2378364950285
0.002                     0.1257388877648526       772.1995300700258
0.002                     0.1257490331482296       772.197079059036
0.002                     0.12585503981485613      772.1728477100614
0.002                     0.1259053287473193       772.1602042843059
0.002                     0.12605032657764953      772.1250253980033
0.002                     0.12599593111723564      772.1387272892239
0.002                     0.12612925598980107      772.1042788848924
0.002                     0.1261931421822164       772.0885830880597
0.002                     0.12633244811818178      772.051118960584
0.002                     0.1263269742927418       772.052583554714
0.002                     0.12633458905973505      772.050489155459
0.002                     0.12647272358686884      772.0126164040671
0.002                     0.12654413803531456      771.9913287229416
0.002                     0.12660843293541094      771.9732935915813
0.002                     0.126753553059121        771.9300103023506
0.002                     0.1266807658347221       771.9519122286038
0.002                     0.12680924662009135      771.9117065443902
0.002                     0.12691383503919573      771.8797412276804
0.002                     0.12707278239401149      771.8268169960018
0.002                     0.12708273297906117      771.8236675266675
0.002                     0.12708761718732012      771.8221543320367
0.002                     0.12727752034987627      771.7568722713739
0.002                     0.12711182650715877      771.8137400256651
0.002                     0.1273216124673649       771.7400351089857
0.002                     0.12742620006936395      771.7027603917063
0.002                     0.1275293002406287       771.6628027952182
0.002                     0.1275634120132536       771.6504217854057
0.002                     0.12771100954312828      771.5922835107021
0.002                     0.1276347952319929       771.6222184066221
0.002                     0.12773835516760149      771.5804033956668
0.002                     0.1278618185978193       771.5304172196257
0.002                     0.12792248083555594      771.5033707870142
0.002                     0.12799699689730978      771.4722211026693
0.002                     0.12814587268118421      771.405327691581
0.002                     0.12812514115178386      771.4146514226458
0.002                     0.1281575577051583       771.3995094049067
0.002                     0.1283279356048483       771.3208620966263
0.002                     0.1283669520321606       771.30085699629
0.002                     0.12851868917438308      771.224694767522
0.002                     0.12854461100442566      771.2121028095542
0.002                     0.12855161093781375      771.2087835335021
0.002                     0.12873066089063284      771.1147276664254
0.002                     0.12861153811199194      771.1771072230558
0.002                     0.12874553544856338      771.1061020244656
0.002                     0.12889008420484405      771.0270831058339
0.002                     0.1289190512531236       771.0096048345574
0.002                     0.1290908625996843       770.9095304687419
0.002                     0.12905990549631494      770.9290061943175
0.002                     0.12915890381751438      770.8674789233925
0.002                     0.12921052253040763      770.8368903607451
0.002                     0.12931727027626827      770.769374282372
0.002                     0.12930196708769798      770.7789741966744
0.002                     0.1293208196457047       770.766971359784
0.002                     0.12935266477923635      770.7461706450632
0.002                     0.12943478550831763      770.6930009788181
0.002                     0.12953973164765747      770.6234977520775
0.002                     0.12945607680987486      770.6789275747925
0.002                     0.12959998381910925      770.5799727140617
0.002                     0.12968111590118153      770.5251781810786
0.002                     0.12975562998585538      770.4729515452003
0.002                     0.12984133338219667      770.4088920947659
0.002                     0.12996637527079202      770.3134638969148
0.002                     0.12996712158645718      770.3129255636636
0.002                     0.1301008086937887       770.2091351625756
0.002                     0.12996907614907746      770.311396131893
0.002                     0.13013060047541575      770.1836403408282
0.002                     0.13026037759253647      770.0796656636012
0.002                     0.13032686457954024      770.0203336400066
0.002                     0.13042014315507533      769.9431774189629
0.002                     0.13052600553824023      769.8455069004663
0.002                     0.1305786795753472       769.8005421469073
0.002                     0.13072193299637358      769.6640108560579
0.002                     0.13073761122458588      769.6501885839821
0.002                     0.1309009766241805       769.4896265618756
0.002                     0.13082683138796802      769.5621612620753
0.002                     0.13091338484307719      769.4761803560712
0.002                     0.1310840573434351       769.3014406072546
0.002                     0.13110744309839473      769.2751239047803
0.002                     0.13115841214352264      769.2183195626988
0.002                     0.13125906541892113      769.1108169178309
0.002                     0.13136559129054393      768.9882102567973
0.002                     0.1313917536462822       768.9599688932735
0.002                     0.13152021594762964      768.8067742301287
0.002                     0.13154075077879224      768.7837304099344
0.002                     0.13171045597341335      768.575251608391
0.002                     0.13159787980819176      768.7134124846607
0.002                     0.13176092739205392      768.5065255715878
0.002                     0.13189630745941705      768.3337207187451
0.002                     0.13196900431017156      768.2306597778795
0.002                     0.1320582937062268       768.1120934574874
0.002                     0.13217228140765513      767.9448716145214
0.002                     0.13221088855647095      767.8922027466617
0.002                     0.13236467055479922      767.6617611005174
0.002                     0.1323007553085163       767.7569182845415
0.002                     0.13239119990984186      767.6179674618363
0.002                     0.13252560279314585      767.4139138213545
0.002                     0.1326270475632072       767.240566742782
0.002                     0.13269833734162706      767.1286127505621
0.002                     0.1327855203036004       766.9775007238551
0.002                     0.13283420389279263      766.891337974696
0.002                     0.13294751825827383      766.6937650257526
0.002                     0.1329932161388302       766.6070225633445
0.002                     0.13309035166982341      766.4240036937298
0.002                     0.13311326784948369      766.382668252853
0.002                     0.1332186836793259       766.1800941588027
0.002                     0.13315410557959156      766.3038275073316
0.002                     0.1332448201951259       766.1261654957207
0.002                     0.1333391495238146       765.9424871187605
0.002                     0.13352249161344854      765.5608691702366
0.002                     0.1334883099597296       765.6321384049218
0.002                     0.13353914062575142      765.5219786930389
0.002                     0.13372053400856682      765.1262414815272
0.002                     0.13373758165678024      765.0850012444994
0.002                     0.13388792415303682      764.7392010816217
0.002                     0.13390655596127113      764.6921223221035
0.002                     0.13405067919212593      764.3460737628674
0.002                     0.13408034626361515      764.2666485707615
0.002                     0.13421668201466447      763.9269347887216
0.002                     0.13426962742444273      763.7805130485597
0.002                     0.13440633534748608      763.4129063434924
0.002                     0.13441237649529542      763.3954190670186
0.002                     0.1345513975149234       763.0102304912997
0.002                     0.13459956650919322      762.8634339862632
0.002                     0.13469953840674986      762.5790968266931
0.002                     0.1348210740377853       762.2016323794882
0.002                     0.13480783940797594      762.243531536232
0.002                     0.13495307915956123      761.7889380322421
0.002                     0.13497297352531268      761.721826611809
0.002                     0.13499631944181448      761.642175350493
0.002                     0.13511258995502679      761.2653504770788
0.002                     0.13515718854286876      761.1116685064667
0.002                     0.13522597259785815      760.8666206687265
0.002                     0.1352871985955003       760.6627784845849
0.002                     0.13542116894158296      760.1724128895867
0.002                     0.13542395447829292      760.1629712566059
0.002                     0.13556774631199225      759.6278565825547
0.002                     0.13543335748454385      760.1275055842262
0.002                     0.13560000612663342      759.4952161311559
0.002                     0.13571418228813528      759.0505870617402
0.002                     0.13573668719457788      758.9557416398196
0.002                     0.13582003909955534      758.6235863517288
0.002                     0.1358756491459875       758.3847168573425
0.002                     0.13594207905454087      758.1130706687438
0.002                     0.13600881221364686      757.8138680382772
0.002                     0.13607698152544367      757.5257286091503
0.002                     0.13616983433027452      757.0920161146389
0.002                     0.13622155946215359      756.8673115042524
0.002                     0.13627667094086193      756.6126926694579
0.002                     0.13636010853706618      756.2089826107529
0.002                     0.1364545930025895       755.7504732479593
0.002                     0.13648826857521046      755.57524994196
0.002                     0.13662506368930838      754.8789696739642
0.002                     0.13663231714557822      754.8385821316523
0.002                     0.13675075810470788      754.2230497233293
0.002                     0.13690062012509388      753.385391784077
0.002                     0.13689488943360895      753.4155073052258
0.002                     0.13690544246503394      753.3585815858258
0.002                     0.1370476416956297       752.5511534640217
0.002                     0.137165760399928        751.8418720399404
0.002                     0.13719849171766751      751.6358215231244
0.002                     0.1373142761075689       750.8994203921706
0.002                     0.13737211148504475      750.5437706226437
0.002                     0.13736089707742333      750.6101429660821
0.002                     0.13741731577277824      750.2438066181439
0.002                     0.13755512199340975      749.3396343780887
0.002                     0.13759190435983248      749.0713271542531
0.002                     0.13771782434595461      748.1939640090011
0.002                     0.1377301765899709       748.100980019693
0.002                     0.13782932288446156      747.391073247959
0.002                     0.13796941719507824      746.3297096333597
0.002                     0.1379726317604813       746.3052733537156
0.002                     0.13797527571460602      746.2830978952502
0.002                     0.1381369004702413       745.029037460012
0.002                     0.13821822026962197      744.3418738469272
0.002                     0.13825729691230693      744.0328163087909
0.002                     0.1383804427258673       742.9848050477914
0.002                     0.13834489379191955      743.2844287915918
0.002                     0.13839503683996018      742.8496379653507
0.002                     0.13850761744658535      741.8786345067005
0.002                     0.13858293223298324      741.1726562682403
0.002                     0.13862303866862155      740.8155639207428
0.002                     0.13869537820751143      740.1378618986175
0.002                     0.13878435194053046      739.2631623200474
0.002                     0.13882510680344123      738.8877537914634
0.002                     0.13896385069686812      737.4797885950547
0.002                     0.13896977597515042      737.4234810274262
0.002                     0.13911614797901278      735.8962138136568
0.002                     0.13900331775660088      737.070824356431
0.002                     0.13913353888801944      735.697752587186
0.002                     0.13924069646618165      734.5325612331965
0.002                     0.13926066220797018      734.297869470887
0.002                     0.13934496822846115      733.3626691454115
0.002                     0.13941264118054134      732.5934755594809
0.002                     0.1394865342900918       731.6936051323095
0.002                     0.13956896199697716      730.7182993639383
0.002                     0.13962945856312214      729.9449339507048
0.002                     0.13970562907291845      729.0114822282951
0.002                     0.13983244240362894      727.3495000259184
0.002                     0.13981040781150686      727.6246905952319
0.002                     0.13997508230700417      725.4365927999735
0.002                     0.13987700329514274      726.7499329631679
0.002                     0.140007642181942        724.9657727385456
0.002                     0.14011586885937005      723.4210143428504
0.002                     0.1401367473277917       723.1318231576829
0.002                     0.14027659818423738      721.094249694773
0.002                     0.14015506668863226      722.8633213592484
0.002                     0.1403292679947462       720.2542880902345
0.002                     0.14045381500717868      718.3478492851243
0.002                     0.14050671285620187      717.4701864586801
0.002                     0.14066110232262924      714.912455403702
0.002                     0.14065226053561616      715.061111293732
0.002                     0.14066993092768332      714.751380656988
0.002                     0.1408238365373567       712.1174935810579
0.002                     0.14089442013407372      710.7912567647636
0.002                     0.14096648290488506      709.5141234382904
0.002                     0.14112353245923953      706.5136408803344
0.002                     0.14109015784648954      707.1466409570709
0.002                     0.14114443528559864      706.0766551288198
0.002                     0.14129815750661334      703.0569820778246
0.002                     0.1413757438166767       701.3750855711785
0.002                     0.14145774743435133      699.6786956187883
0.002                     0.14156522724746673      697.2686056218197
0.002                     0.14158962842836115      696.7448836412776
0.002                     0.14170260199491447      694.1602331970195
0.002                     0.1416365833251692       695.6598040930088
0.002                     0.14180867354127552      691.6183010502434
0.002                     0.14183143593296865      691.084996486326
0.002                     0.14183724364016873      690.9499150820973
0.002                     0.14197414900614813      687.5881224416447
0.002                     0.14185452231234003      690.5169802110465
0.002                     0.1420608624205159       685.3197164084679
0.002                     0.1420974943473835       684.4007467634138
0.002                     0.14212774307662668      683.5851171383721
0.002                     0.14220990480213563      681.4382548240586
0.002                     0.14229039805404178      679.1699463932196
0.002                     0.14232643414099375      678.1940101702301
0.002                     0.14236268943757158      677.1543092339634
0.002                     0.1424408261979156       674.9750871178619
0.002                     0.14251986918109066      672.5951138880728
0.002                     0.14256612628483592      671.2639107103914
0.002                     0.14264337657628043      668.8647248336524
0.002                     0.142714247718891        666.7396706524488
0.002                     0.142749925869122        665.602257681396
0.002                     0.14287923660182805      661.4694856749758
0.002                     0.1429266977263418       659.9190155080412
0.002                     0.14302727832125756      656.6065170463884
0.002                     0.14316526194738546      651.8502801077434
0.002                     0.1431496494127003       652.3731044151539
0.002                     0.14317920672443074      651.3473872242002
0.002                     0.14330859140188928      646.8997701398275
0.002                     0.1434539013745925       641.607447940532
0.002                     0.14346711975045315      641.1488079941178
0.002                     0.1434761929719846       640.817465758136
0.002                     0.14359497160893347      636.4925044904725
0.002                     0.14363277068592561      635.1222657545425
0.002                     0.14371861286607437      632.0226293052468
0.002                     0.143877022900592        626.1405874201917
0.002                     0.14380542380832032      628.7023770585018
0.002                     0.14401026822622437      621.1255753538394
0.002                     0.144018802295168        620.8093389937445
0.002                     0.14402370658514854      620.6201338498897
0.002                     0.1441598234282963       615.7122456204929
0.002                     0.1442264981927112       613.2255629420392
0.002                     0.1443196923015877       609.9444270622788
0.002                     0.1443782787504933       607.8060946346437
0.002                     0.14451977645055308      602.8846299731777
0.002                     0.14452806170931085      602.5935987865549
0.002                     0.14453339917325705      602.402969901204
0.002                     0.14467456865826928      597.6835816686211
0.002                     0.14456502318259018      601.340035680367
0.002                     0.1446996009190279       596.8853385383752
0.002                     0.14477299642207414      594.514887010376
0.002                     0.14490198037033916      590.4852926806493
0.002                     0.14486017821891714      591.7489799945293
0.002                     0.14493747629054377      589.4382041051259
0.002                     0.14501719185406092      587.0386961401841
0.002                     0.14514458471957403      583.3959170055034
0.002                     0.14511548214100983      584.1985414892448
0.002                     0.14517015752196177      582.7175098891549
0.002                     0.1452900222397719       579.4712008165151
0.002                     0.1453771568560908       577.267431254038
0.002                     0.14541665712402468      576.2498798878936
0.002                     0.14555588579374767      572.9260968741888
0.002                     0.14547326584858322      574.876376236175
0.002                     0.1455974382460315       572.0152156553072
0.002                     0.14572493849286255      569.1757445507618
0.002                     0.14569486039526255      569.8477642997279
0.002                     0.14578761518263023      567.8790281306863
0.002                     0.14584180270409858      566.7687444745181
0.002                     0.14585509712427813      566.512958600739
0.002                     0.1459645073001506       564.3967954755159
0.002                     0.14600357092240343      563.6960128125822
0.002                     0.1461250007806502       561.523151154965
0.002                     0.14616628136934023      560.841930802362
0.002                     0.14631304999903721      558.4694950827084
0.002                     0.14623499646509164      559.7384992304787
0.002                     0.14637005538202646      557.5990985556061
0.002                     0.14643226322497777      556.6937768092736
0.002                     0.1465211493694002       555.4350378117479
0.002                     0.14657780316087993      554.6931661447684
0.002                     0.14670046255523955      553.1054905881027
0.002                     0.14677911780534716      552.1808047648395
0.002                     0.14688120953405687      550.9878847846909
0.002                     0.14693582370203237      550.4142670491599
0.002                     0.1470264426731943       549.4547639584115
0.002                     0.14709536167140586      548.7605857450358
0.002                     0.14721774559553064      547.6090214786661
0.002                     0.1471728772873338       548.0288519322039
0.002                     0.14727739302664083      547.0801055828346
0.002                     0.14732433031982933      546.6766299470922
0.002                     0.14744360607422918      545.6989594973287
0.002                     0.14751613457829726      545.1471769576899
0.002                     0.14761195139872163      544.4319586474179
0.002                     0.14773513327705434      543.5887472748229
0.002                     0.1476733068382774       544.0115936101005
0.002                     0.14778188130210762      543.2831805519979
0.002                     0.14787537036493545      542.7023877875477
0.002                     0.14791857787083643      542.4398744464295
0.002                     0.1480546259841834       541.6694286845392
0.002                     0.14806035176217922      541.6371639197802
0.002                     0.1482061299415449       540.8848651868226
0.002                     0.14807450187306503      541.5638915646383
0.002                     0.1482438858090105       540.7034993897155
0.002                     0.14833218651791288      540.2870233860018
0.002                     0.14845667141491015      539.736725854629
0.002                     0.1483902987264536       540.0267397696762
0.002                     0.1483483774490086       540.2104654126287
0.002                     0.14846815060635504      539.6898355549653
0.002                     0.1485817187905604       539.227534089355
0.002                     0.14858817316132994      539.2033443493834
0.002                     0.14867953877694107      538.8590968520397
0.002                     0.14874055746382053      538.6365485466926
0.002                     0.1488175543516448       538.3745057432614
0.002                     0.14887323027237076      538.1858307349546
0.002                     0.14905126510447714      537.6360190846922
0.002                     0.14896864131743676      537.8885585583422
0.002                     0.14909774152343333      537.5067084916461
0.002                     0.14923640686953493      537.1239599731796
0.002                     0.14925853478594064      537.0682741788856
0.002                     0.1493648318928646       536.8037472343854
0.002                     0.14948276993365478      536.530338043798
0.002                     0.14961634661849538      536.2441466944694
0.002                     0.14952663392549373      536.4353302155575
0.002                     0.14949141589453335      536.5105566839851
0.002                     0.14964925882557717      536.1795112301957
0.002                     0.1497290708306453       536.0222304749934
0.002                     0.14977181576156878      535.9408224558064
0.002                     0.14988752401270125      535.7337197587048
0.002                     0.14992541704520657      535.6683881922315
0.002                     0.1500333698529785       535.4933929413592
0.002                     0.150182032267558        535.2672812308607
0.002                     0.1501884695687213       535.2578936285829
0.002                     0.15019389976089229      535.2504734408046
0.002                     0.1503295668364112       535.0646059270338
0.002                     0.15037104048178015      535.0126378218285
0.002                     0.1504851751076495       534.8705554756071
0.002                     0.15055312673150112      534.7929120953663
0.002                     0.1506432026880307       534.6911451742185
0.002                     0.15069380475728925      534.6386169592727
0.002                     0.15076647950903938      534.5635414525592
0.002                     0.15088742368790595      534.4482806852056
0.002                     0.15091339165716958      534.4234091202997
0.002                     0.1510647285180337       534.2921221610475
0.002                     0.15099106848817845      534.3557682665676
0.002                     0.1510840157026244       534.2768374629746
0.002                     0.15120943398306028      534.177839489111
0.002                     0.15124706414642258      534.1508527481114
0.002                     0.15136349963980034      534.0671832051406
0.002                     0.15144405347570314      534.0146879076228
0.002                     0.15152366341027598      533.9627817936408
0.002                     0.15165344036982198      533.8860856407903
0.002                     0.15168313529029423      533.8685012421993
0.002                     0.15182752829204507      533.7911086928029
0.002                     0.15178418019531947      533.8142620637586
0.002                     0.15184097811427888      533.7844848607382
0.002                     0.15196486066604775      533.7238335515553
0.002                     0.1520048763402218       533.7057904717012
0.002                     0.15212630534059252      533.6518561034907
0.002                     0.1521825581006905       533.6289582889835
0.002                     0.15229737088436118      533.5831031874384
0.002                     0.1523738255021203       533.5553572103927
0.002                     0.15247177950161772      533.5202285455389
0.002                     0.15259586437461453      533.4798106575843
0.002                     0.15263161853427104      533.4682326057324
0.002                     0.15279426859325856      533.4205045425355
0.002                     0.15276830790356233      533.4280970272498
0.002                     0.15280050067734846      533.4188556192339
0.002                     0.1529511524926621       533.3789921525585
0.002                     0.15299771844363222      533.367809715575
0.002                     0.1531054438879411       533.3419407087746
0.002                     0.15319237098792238      533.3229799769052
0.002                     0.15325783301267543      533.3086859284064
0.002                     0.15338396769720558      533.2836593726486
0.002                     0.15340813069801557      533.2788514662964
0.002                     0.15355728476708347      533.2519500826274
0.002                     0.15349345890535265      533.2634190710969
0.002                     0.15357365878472767      533.24927310919
0.002                     0.15370992780069723      533.226959871979
0.002                     0.15375615949678065      533.2201324431793
0.002                     0.15386814386627407      533.2034912219348
0.002                     0.1539585985180857       533.1912690659163
0.002                     0.15401173008903396      533.1840626843035
0.002                     0.15414232761713964      533.1678761967535
0.002                     0.15409420554038197      533.1737842369222
0.002                     0.1541767952530758       533.1639940944203
0.002                     0.15429398136592543      533.1507265982524
0.002                     0.1543922962347301       533.1406448257798
0.002                     0.1544437389054155       533.1353297962917
0.002                     0.15458506589565907      533.1220915902172
0.002                     0.15451966779274595      533.1281568706703
0.002                     0.15463261252549684      533.1180439007148
0.002                     0.15472966583608755      533.1097227315277
0.002                     0.1548809247655167       533.0979384191737
0.002                     0.15487174449928515      533.0986449575397
0.002                     0.1548862020348691       533.0975628427611
0.002                     0.1550716554585713       533.0846624708039
0.002                     0.1550794024012347       533.0841611201441
0.002                     0.15509719736221012      533.0830554574958
0.002                     0.1552124872527854       533.0758827528812
0.002                     0.1553390733911456       533.0686470980944
0.002                     0.155352356960973        533.0678822059876
0.002                     0.15552484384316634      533.0590151338181
0.002                     0.1554443141601958       533.0631560348994
0.002                     0.15553267939443988      533.0586413276621
0.002                     0.15567531631971168      533.0520782170142
0.002                     0.15554613968261308      533.0580241815986
0.002                     0.1557856086686138       533.0474995256563
0.002                     0.1558257924102091       533.0458132664203
0.002                     0.15585694416756707      533.044602115001
0.002                     0.1559714189966265       533.040363130664
0.002                     0.15600749664197594      533.039064413075
0.002                     0.15613218299270232      533.0349157851806
0.002                     0.15608916109569362      533.0363457537842
0.002                     0.15615861328379327      533.0341119613212
0.002                     0.15625841250297867      533.0310856451035
0.002                     0.15637182448577136      533.0279508865874
0.002                     0.156384782448604        533.0275924665553
0.002                     0.1565100099254095       533.024455175244
0.002                     0.15640231164273596      533.0271522877733
0.002                     0.15657763175783235      533.0229114448582
0.002                     0.15663356168054443      533.021650968136
0.002                     0.15671849286596898      533.0198977570462
0.002                     0.156807418594466        533.0181563431287
0.002                     0.15684641717916098      533.0174527995002
0.002                     0.15692271472243838      533.0161041902284
0.002                     0.15700829582455217      533.0147447343136
0.002                     0.1570487557496104       533.014095334353
0.002                     0.15724688735035003      533.011397710758
0.002                     0.15718071644468656      533.012220392162
0.002                     0.15710074613897332      533.0133493278711
0.002                     0.15745564164446224      533.0090071928557
0.002                     0.1574269322155012       533.0093207820863
0.002                     0.15732365758725075      533.0104404201206
0.002                     0.15747163164748407      533.0088533705413
0.002                     0.15757835113978527      533.0078343001537
0.002                     0.15763503003207446      533.0073563330396
0.002                     0.15769142364548042      533.0068783288646
0.002                     0.15782553011613387      533.0058858263349
0.002                     0.15780417382608758      533.0060439854409
0.002                     0.1578339929623778       533.0058315185447
0.002                     0.15797026212588647      533.0049637934676
0.002                     0.15800944327167432      533.0047456998701
0.002                     0.15811362207870697      533.0041883665778
0.002                     0.15813804178708452      533.0040694728433
0.002                     0.15827175738574137      533.0034650504303
0.002                     0.1582871867733855       533.0034026833831
0.002                     0.15841684416659574      533.0029076951904
0.002                     0.15846525296438085      533.0027460447402
0.002                     0.158596952400192        533.0023361137413
0.002                     0.15863683487702046      533.0022264049642
0.002                     0.15875060674408945      533.0019348378119
0.002                     0.1588151328975438       533.0017883321036
0.002                     0.15892222065839623      533.0015661031266
0.002                     0.15898074422787561      533.0014552943212
0.002                     0.15910376163839277      533.0012500365617
0.002                     0.15914894069635727      533.0011779764328
0.002                     0.1592114831830697       533.001092746897
0.002                     0.15929426217172413      533.0009801628149
0.002                     0.15942727633483433      533.0008266222069
0.002                     0.1593749775776265       533.0008879450046
0.002                     0.15946652973399894      533.0007870329912
0.002                     0.1595572676061865       533.0006978757394
0.002                     0.15965742832833235      533.0006116326515
0.002                     0.1596683084221017       533.0006028544902
0.002                     0.15976784226981944      533.000526745791
0.002                     0.15982861280115046      533.0004858376981
0.002                     0.15987863290349127      533.0004522443719
0.002                     0.1599864754332274       533.0003888007318
0.002                     0.16001911588444867      533.0003703795196
0.002                     0.16015451940660283      533.0003029846785
0.002                     0.16018012057698236      533.0002909651063
0.002                     0.1603302812356535       533.0002287761179
0.002                     0.16034379740215182      533.0002234311281
0.002                     0.16042528834854913      533.0001954702789
0.002                     0.1605158433878478       533.0001641292737
0.002                     0.1605292880580661       533.0001600691154
0.002                     0.16057691970826277      533.0001466533166
0.002                     0.16069454042867298      533.0001128547507
0.002                     0.16072912032816028      533.0001038930403
0.002                     0.1608413839422614       533.0000769891674
0.002                     0.16099708842187854      533.0000438377233
0.002                     0.16090936692403224      533.0000620469561
0.002                     0.16107009483202142      533.0000302688512
0.002                     0.16113620287259786      533.0000180108852
0.002                     0.16121203970553602      533.0000051842602
0.002                     0.1612950221527189       532.999992250478
0.002                     0.16133377399690185      532.9999860790426
0.002                     0.1614687671799797       532.9999671487977
0.002                     0.16148900166972036      532.9999642622004
0.002                     0.16150291386573798      532.9999623598526
0.002                     0.16155427948978324      532.9999558922258
0.002                     0.16165398547113835      532.9999434270646
0.002                     0.16174893145486632      532.99993251139
0.002                     0.1617781727389441       532.9999291209389
0.002                     0.16178840859235455      532.999927947735
0.002                     0.16193399374265663      532.9999125352177
0.002                     0.16195793391110253      532.9999099980067
0.002                     0.16211579044533114      532.999894720931
0.002                     0.1621550201607717       532.9998908373994
0.002                     0.16224431372174186      532.9998826577025
0.002                     0.16229185673795582      532.9998783930948
0.002                     0.1624402661892927       532.9998655305951
0.002                     0.16234405438597135      532.9998738924562
0.002                     0.16248174439840526      532.9998618194683
0.002                     0.1626386751063612       532.9998488647552
0.002                     0.16267669041668228      532.9998455783092
0.002                     0.16282088661187555      532.9998340090131
0.002                     0.16285783694370584      532.9998308755964
0.002                     0.1629903311846752       532.9998203938862
0.002                     0.16302450577583766      532.9998175222582
0.002                     0.1631552054048254       532.9998071911108
0.002                     0.16317758493214085      532.9998053124518
0.002                     0.1633157611569077       532.999794242745
0.002                     0.1632487314942246       532.9997995494329
0.002                     0.1633391291075315       532.9997924339388
0.002                     0.163448636092732        532.9997835189765
0.002                     0.16351111228874823      532.999778631003
0.002                     0.1636115808417694       532.9997701012962
0.002                     0.16364196916553814      532.9997677176866
0.002                     0.16377049546404385      532.9997568341691
0.002                     0.16377161488495873      532.999756746356
0.002                     0.16377971574567354      532.9997560531755
0.002                     0.16393420708524192      532.999742947457
0.002                     0.1639529187515154       532.9997412339937
0.002                     0.16399898953512287      532.9997370668046
0.002                     0.16409897391559689      532.9997284244039
0.002                     0.16423668553950171      532.9997158436262
0.002                     0.16423822644137168      532.9997157121186
0.002                     0.1643891179667844       532.9997017993048
0.002                     0.1642424634204078       532.9997153189809
0.002                     0.16443976173834302      532.999696725615
0.002                     0.16453902123682068      532.9996874262172
0.002                     0.1646474204029525       532.999676358944
0.002                     0.1646910656738535       532.9996721816533
0.002                     0.16486100684793847      532.9996544892338
0.002                     0.1648503096891123       532.9996556926656
0.002                     0.16481245023622754      532.9996595966244
0.002                     0.16488797208744055      532.9996515179504
0.002                     0.16500095092603428      532.9996395342653
0.002                     0.16516147096370332      532.9996218053101
0.002                     0.1650955074369024       532.9996291567752
0.002                     0.16519664373139453      532.9996175614551
0.002                     0.16530473152413572      532.9996048649595
0.002                     0.16533184457607109      532.999601791299
0.002                     0.1654283082480155       532.99959024791
0.002                     0.16535158553890827      532.9995994264054
0.002                     0.1655561776196182       532.9995743209507
0.002                     0.16555224061806784      532.9995748171021
0.002                     0.16556023813152346      532.9995737678614
0.002                     0.165695774084834        532.9995565744034
0.002                     0.16579460490275444      532.9995431586684
0.002                     0.16582508852026573      532.9995392341625
0.002                     0.16585425635764617      532.9995352643124
0.002                     0.16594480218902236      532.9995229638785
0.002                     0.1660261152197246       532.9995109629306
0.002                     0.16608727378604926      532.9995025528981
0.002                     0.16613536706580845      532.9994954978545
0.002                     0.16619981444889284      532.9994857553079
0.002                     0.16624783019474412      532.9994786673302
0.002                     0.16630170977564837      532.9994703073825
0.002                     0.16639071409452597      532.9994566307636
0.002                     0.16643829631418705      532.9994488040765
0.002                     0.1665540214389663       532.999430224438
0.002                     0.1665916586130431       532.9994236688159
0.002                     0.16672002115173815      532.9994021802594
0.002                     0.16676019897526712      532.9993948054992
0.002                     0.16689902314651725      532.9993706362641
0.002                     0.16695528476807897      532.999359744183
0.002                     0.16709044206656992      532.9993345677883
0.002                     0.16712618102984572      532.9993272775357
0.002                     0.16724942399444864      532.9993034193863
0.002                     0.1673018790676077       532.9992922724422
0.002                     0.1673898374455882       532.9992745840707
0.002                     0.16748230540151315      532.9992544340734
0.002                     0.16752119428967263      532.9992464943239
0.002                     0.1676678012295002       532.9992139656828
0.002                     0.1676177876767448       532.9992249902494
0.002                     0.1676827581466953       532.9992103082362
0.002                     0.16781445927871388      532.999180355067
0.002                     0.16785600588988514      532.9991698936896
0.002                     0.1679536491705163       532.9991469763864
0.002                     0.1680286571475827       532.999127560203
0.002                     0.16809520935933386      532.9991115317201
0.002                     0.16824163047524554      532.9990729516059
0.002                     0.1682283282552302       532.9990762148068
0.002                     0.16826935715698668      532.9990654769292
0.002                     0.16840741096814704      532.9990284529215
0.002                     0.16847506713868904      532.9990080663633
0.002                     0.16857441881046242      532.9989804513039
0.002                     0.16866998733584632      532.9989517041807
0.002                     0.1686874211286706       532.9989462513392
0.002                     0.16879475009068937      532.9989137563175
0.002                     0.1688301655104836       532.9989019913533
0.002                     0.1689264094815066       532.9988719626897
0.002                     0.16901950742440075      532.9988407052388
0.002                     0.16904185983612477      532.9988335934227
0.002                     0.1690598334715486       532.9988276284453
0.002                     0.16916615243263444      532.9987912730198
0.002                     0.16924092466324075      532.9987658861085
0.002                     0.169323344084534        532.9987351385496
0.002                     0.16940255277019134      532.9987071298914
0.002                     0.16949815011475064      532.9986698592772
0.002                     0.16956120157074         532.9986467130458
0.002                     0.16971226560611125      532.998586845406
0.002                     0.16966986788873661      532.9986036118893
0.002                     0.16973509889411503      532.9985767627755
0.002                     0.16988544936958544      532.9985152509413
0.002                     0.169935414245112        532.998492622353
0.002                     0.1700258083311797       532.9984541848884
0.002                     0.17011593658117313      532.9984126133334
0.002                     0.17014296083988661      532.998401019462
0.002                     0.17018160183037384      532.9983828945618
0.002                     0.17025592288707198      532.9983484675199
0.002                     0.1704008911865014       532.9982781162381
0.002                     0.17039308140735013      532.9982816684965
0.002                     0.17036955083015154      532.9982928415118
0.002                     0.17042173186630208      532.9982676239338
0.002                     0.170565749622088        532.998195654892
0.002                     0.17064495560894075      532.9981526504903
0.002                     0.1706860641419545       532.9981317632149
0.002                     0.17080620061732477      532.9980656060608
0.002                     0.1708218013693098       532.9980574807855
0.002                     0.17097242757653774      532.9979716737455
0.002                     0.17091657043139635      532.9980033164195
0.002                     0.1709808467077341       532.9979664390564
0.002                     0.17113014599570966      532.9978785299247
0.002                     0.1711589863184727       532.9978597995838
0.002                     0.17129709599902268      532.99777517921
0.002                     0.17134874535566746      532.99773984375
0.002                     0.1714791531059626       532.9976568545153
0.002                     0.17156541684624238      532.9975948516854
0.002                     0.17164548670315766      532.9975419860839
0.002                     0.17174178584040178      532.9974711055618
0.002                     0.17179225133195528      532.9974352975614
0.002                     0.17187900354021549      532.9973691687787
0.002                     0.17192278185134224      532.9973373963638
0.002                     0.17197679135783428      532.9972958876176
0.002                     0.1720380894964042       532.9972471062842
0.002                     0.1721251119571373       532.9971796660218
0.002                     0.17218409414572655      532.9971297899388
0.002                     0.17230700712521857      532.9970261585514
0.002                     0.17231883869707315      532.997016668304
0.002                     0.17245297672992885      532.9969003599414
0.002                     0.1723517855074423       532.996987944732
0.002                     0.17247309759377644      532.9968813645027
0.002                     0.1726109367505279       532.9967595850925
0.002                     0.17268706990019456      532.9966843208372
0.002                     0.1728192085907022       532.9965581859692
0.002                     0.17286239529620248      532.9965132956679
0.002                     0.1729758108244948       532.9964016780091
0.002                     0.17305229864241245      532.9963183708721
0.002                     0.17312521334095665      532.9962431209112
0.002                     0.1731950867867454       532.9961669402005
0.002                     0.17328547499737584      532.9960621728817
0.002                     0.17335373361398693      532.9959887408806
0.002                     0.17351433671256924      532.995798985186
0.002                     0.1734744462238093       532.9958458949387
0.002                     0.17353075674412155      532.995777458038
0.002                     0.1736857813810098       532.9955883701556
0.002                     0.1737206680147198       532.9955411723661
0.002                     0.17382167248852448      532.9954129284979
0.002                     0.1738890221187322       532.9953200896067
0.002                     0.17394546450346896      532.9952468747197
0.002                     0.17402730259940685      532.9951341260385
0.002                     0.1741003240615042       532.995032926972
0.002                     0.17414786519109038      532.9949597127891
0.002                     0.17425768566172117      532.9948035148617
0.002                     0.1743636377574836       532.9946401128926
0.002                     0.17436668419511026      532.9946357129165
0.002                     0.17449550823033355      532.9944341349357
0.002                     0.17442130942943346      532.9945501258518
0.002                     0.1744981598305584       532.9944296324986
0.002                     0.17464672307712117      532.9941878367313
0.002                     0.17465076349381964      532.994180614055
0.002                     0.17478656383602623      532.9939517358666
0.002                     0.1748226989107029       532.9938847704873
0.002                     0.17493173168206672      532.9936951822606
0.002                     0.17508491500298745      532.9934098474985
0.002                     0.17501714222720943      532.9935408276042
0.002                     0.17519004451938047      532.9932148672005
0.002                     0.1752816764084993       532.9930270535783
0.002                     0.1753614933997591       532.992873371202
0.002                     0.17548086477981745      532.9926184680324
0.002                     0.17563919436997497      532.9922783218998
0.002                     0.1755259671644          532.9925267275461
0.002                     0.17577813132563178      532.991962997207
0.002                     0.17577133709172768      532.9919783949716
0.002                     0.17578163252070036      532.991954318523
0.002                     0.17593758277960625      532.9915906828379
0.002                     0.17598141824191993      532.9914778981821
0.002                     0.17608215745767522      532.9912348619011
0.002                     0.1761615716036275       532.9910322877523
0.002                     0.17619846104327797      532.9909331140476
0.002                     0.17627692564021896      532.9907317862014
0.002                     0.17635797518128832      532.990512871221
0.002                     0.17638702115769567      532.9904302437675
0.002                     0.17647061911984313      532.9902036627642
0.002                     0.17657672982316092      532.9898992344366
0.002                     0.17659630269280385      532.9898407758342
0.002                     0.17662658203089512      532.9897492885533
0.002                     0.17670835876790594      532.9895112175772
0.002                     0.17681654804102764      532.9891782238628
0.002                     0.17682005454082855      532.9891680811577
0.002                     0.17696492602068375      532.9887127088209
0.002                     0.1768337020557237       532.9891249297748
0.002                     0.17699894645247494      532.9885948331437
0.002                     0.17710897201758075      532.9882391904505
0.002                     0.17725932068351577      532.9877171955928
0.002                     0.1772214439029176       532.9878534801306
0.002                     0.17735403358824414      532.9873740816776
0.002                     0.17739254715347522      532.9872389063456
0.002                     0.17752359923138336      532.9867563975425
0.002                     0.17742215762637112      532.9871295515749
0.002                     0.17757281736719485      532.9865574504897
0.002                     0.17767993052253972      532.9861519294772
0.002                     0.17775685100349248      532.9858320354724
0.002                     0.17782256542432748      532.9855722832724
0.002                     0.17790258754987476      532.9852330438648
0.002                     0.1780226918216583       532.9847266401076
0.002                     0.17807430250573864      532.984490130094
0.002                     0.17815597371378034      532.9841117524105
0.002                     0.17821155571160235      532.9838684532929
0.002                     0.17833207933764236      532.9832953392465
0.002                     0.17834700436135797      532.983228412257
0.002                     0.17849515924268788      532.9825004692767
0.002                     0.17843764427459355      532.9827819136407
0.002                     0.1785043873563139       532.9824511056362
0.002                     0.17863394016712159      532.9817974883888
0.002                     0.17868628636927575      532.9815083566432
0.002                     0.17877808420549288      532.9810330670621
0.002                     0.1788901093762038       532.9803972875477
0.002                     0.17892580549140938      532.9802084386056
0.002                     0.17907103132489086      532.9793648806159
0.002                     0.17901803363642071      532.9796710265281
0.002                     0.17909317661194554      532.9792255292357
0.002                     0.17919828630445167      532.978606300923
0.002                     0.17932490019601594      532.9778007273726
0.002                     0.17933787494771022      532.9777236033742
0.002                     0.1794623703848024       532.9769233044744
0.002                     0.1793527795073906       532.9776273333455
0.002                     0.17960899188129853      532.9759248159468
0.002                     0.1796013894885243       532.9759766694299
0.002                     0.17961477915967766      532.9758810873819
0.002                     0.1797687152693886       532.9748018332456
0.002                     0.17979487935313773      532.9746008616789
0.002                     0.17989978130685508      532.9738531927242
0.002                     0.18003325675867196      532.9728057435811
0.002                     0.18021022245511648      532.9714040566072
0.002                     0.18014887953431483      532.9718939343782
0.002                     0.18005951963956796      532.9726156130557
0.002                     0.18022898428701975      532.9712401740975
0.002                     0.18032879722288112      532.9704199636776
0.002                     0.18043951527776295      532.9694620974576
0.002                     0.18045402521730597      532.9693357181887
0.002                     0.18046899647803288      532.9691936730579
0.002                     0.1805931856240547       532.9680979537012
0.002                     0.18069456023539332      532.9671363398131
0.002                     0.18071717475148938      532.9669337372193
0.002                     0.18074604102154773      532.9666577626599
0.002                     0.18085725254010138      532.9655974520051
0.002                     0.18091135151697024      532.9650346732593
0.002                     0.18097775802131189      532.9643738535246
0.002                     0.18102050539230813      532.9639222087154
0.002                     0.18108508081481056      532.9632720913434
0.002                     0.18121880682336022      532.9618290595672
0.002                     0.1812666428187195       532.9613032050148
0.002                     0.18129159453002558      532.9610042425599
0.002                     0.1814525378454811       532.9591907871985
0.002                     0.18148763452851302      532.9587553465378
0.002                     0.18161437926741814      532.9572774496486
0.002                     0.1816983229479774       532.9561882966696
0.002                     0.18180035338443154      532.954939008711
0.002                     0.18188509851796592      532.9537878575942
0.002                     0.18196151903111718      532.9528026991742
0.002                     0.18203983389916328      532.9516998755313
0.002                     0.18210153208706328      532.9508609056578
0.002                     0.18216844174183244      532.9499021969901
0.002                     0.18226722363888664      532.9484736954131
0.002                     0.18230948325635313      532.9478161117341
0.002                     0.1823886682775575       532.946663362783
0.002                     0.18254196608901108      532.9442392710566
0.002                     0.18252971388662442      532.9444307230033
0.002                     0.18254927871584917      532.9441123740133
0.002                     0.18269663083169252      532.9417330720528
0.002                     0.18273810386308437      532.941000239596
0.002                     0.18282318528659927      532.9395985040944
0.002                     0.18293000405110058      532.9376750026852
0.002                     0.18294030042737386      532.9375021354335
0.002                     0.1830592308285386       532.9353297015214
0.002                     0.18302860217455733      532.9358866484836
0.002                     0.18306395968953726      532.935237717898
0.002                     0.1831481712327842       532.9336774326487
0.002                     0.1832840864029032       532.9310765714506
0.002                     0.18322794555668567      532.9321573072738
0.002                     0.1833212503952808       532.9302828613348
0.002                     0.18347248305341074      532.9272369861471
0.002                     0.18349578315782197      532.9267267544382
0.002                     0.18354529989728796      532.9256445286114
0.002                     0.18362100374625956      532.9240648372145
0.002                     0.1837056133941778       532.9221801740512
0.002                     0.18372366899344073      532.9217823808659
0.002                     0.18373163268047374      532.9215922068652
0.002                     0.18384362808353186      532.9190860676416
0.002                     0.1838888404345328       532.9180013510015
0.002                     0.18397840472302868      532.9158200271872
0.002                     0.18402717234721902      532.9146997837546
0.002                     0.1840729246669815       532.9135652624426
0.002                     0.18416593351081761      532.9112605304166
0.002                     0.18423078455010022      532.9095189496985
0.002                     0.18429903965113448      532.9078047946916
0.002                     0.1844126674537197       532.9046890049242
0.002                     0.1844571677437171       532.9035467333603
0.002                     0.1845717290771891       532.9002799695083
0.002                     0.18462305389373687      532.898821790659
0.002                     0.1846459733788834       532.8981097250066
0.002                     0.18478243096303673      532.8941265692071
0.002                     0.18486661458054915      532.8914301296556
0.002                     0.18493487667554437      532.8893785679072
0.002                     0.18498452691756348      532.8878428799502
0.002                     0.18510239182653052      532.8839087856799
0.002                     0.18516919629969025      532.881763739095
0.002                     0.18527221451025516      532.8781270610397
0.002                     0.18535635952341345      532.8752839256808
0.002                     0.18544318301614543      532.8720687761559
0.002                     0.1855444322212948       532.8683056908774
0.002                     0.18558217526267698      532.8668119565491
0.002                     0.18568209812771014      532.863051883755
0.002                     0.18577475760640794      532.8592135797197
0.002                     0.18583634723847078      532.8568322804879
0.002                     0.18588396788071757      532.8548640538743
0.002                     0.1859720909017235       532.8510846783569
0.002                     0.186024122562292        532.8489476081015
0.002                     0.18616361918811872      532.8427138549981
0.002                     0.18614895539406953      532.8433592846952
0.002                     0.18616884048796747      532.8424619109892
0.002                     0.18618340798121596      532.8417774623115
0.002                     0.18630559653741385      532.8362289831077
0.002                     0.18642319905588636      532.8305515656245
0.002                     0.18642847493688489      532.8303146224944
0.002                     0.18657086415163548      532.8234359840733
0.002                     0.1864359724558436       532.8299471641698
0.002                     0.18664710056779965      532.8193330480462
0.002                     0.18680190248453066      532.8112054786191
0.002                     0.18672435155232636      532.8154455741961
0.002                     0.1868891781122307       532.8064119947355
0.002                     0.1869121699272086       532.8051373971377
0.002                     0.1869425214116794       532.8033602090377
0.002                     0.187021260415852        532.7989836171391
0.002                     0.18711144997663426      532.7936273576481
0.002                     0.18714037177930704      532.7920053828186
0.002                     0.1872864787182155       532.7830786712822
0.002                     0.18725079137159997      532.7852401975579
0.002                     0.18729550696052177      532.7824788125746
0.002                     0.1874352059732528       532.7737521504641
0.002                     0.18748768468739596      532.7701416020021
0.002                     0.1875816245094511       532.7641043174806
0.002                     0.18767975391212788      532.7571385694321
0.002                     0.1877307784199064       532.7537370384791
0.002                     0.18787088948565137      532.7435580530043
0.002                     0.18785889415636972      532.7444204851618
0.002                     0.18787592502447156      532.7431584493436
0.002                     0.18803279255453814      532.7315757271786
0.002                     0.18808718065316773      532.7271028398659
0.002                     0.1882055134343133       532.7180153715365
0.002                     0.1882885312454866       532.7108898110073
0.002                     0.18840248058357878      532.7017196166773
0.002                     0.18848819388357613      532.6939711262426
0.002                     0.18857215519900714      532.6865978449396
0.002                     0.18860850493056255      532.6832477070467
0.002                     0.18872707240081088      532.6724964703359
0.002                     0.1887729986858229       532.6679078041434
0.002                     0.18891347472016756      532.6546528122363
0.002                     0.18897393511531055      532.6483119976299
0.002                     0.18910194862653212      532.6351963293225
0.002                     0.18910713078709224      532.6346258063313
0.002                     0.18923007322079194      532.621744523281
0.002                     0.18927669715841156      532.6163610564665
0.002                     0.18938923937494795      532.604223044541
0.002                     0.18947133554150175      532.5943535012516
0.002                     0.189556812420351        532.5847837706544
0.002                     0.1896677532628215       532.5709606716155
0.002                     0.18971112148083358      532.5658828198975
0.002                     0.18981803816356868      532.5522192323806
0.002                     0.1899564463519773       532.5342942705634
0.002                     0.18989449219937599      532.5423110757207
0.002                     0.18998586157298683      532.530107853782
0.002                     0.19010253974183813      532.5140823951784
0.002                     0.19012023312568735      532.5117111076133
0.002                     0.19012961262576528      532.5103932854616
0.002                     0.19022925419703487      532.4963833662719
0.002                     0.19034562386918255      532.4791570859087
0.002                     0.1904559330227655       532.4624457324089
0.002                     0.19035558827418217      532.4776267720612
0.002                     0.19047732974589932      532.4592236829992
0.002                     0.1903475369859723       532.4788590635125
0.002                     0.19055469269672612      532.447146392518
0.002                     0.19065398934878142      532.4312456641198
0.002                     0.19068436231682986      532.4261733588993
0.002                     0.19074886030479         532.4151919524732
0.002                     0.19081130806221086      532.4049284056276
0.002                     0.1908416297920264       532.3998298194417
0.002                     0.19093324094155784      532.383897408686
0.002                     0.19103859926803346      532.364937323503
0.002                     0.19105543072738965      532.3618302479908
0.002                     0.19108645427156212      532.355932760672
0.002                     0.19116971300947638      532.3406661344573
0.002                     0.1912977767023059       532.3162023073926
0.002                     0.19124337100508346      532.3265693898614
0.002                     0.19132141239633246      532.3112371082508
0.002                     0.19147029332071325      532.2814753945165
0.002                     0.19148737325853732      532.2777190894976
0.002                     0.1916225987576543       532.2497898392695
0.002                     0.1916732487869907       532.2381095669489
0.002                     0.19181279939870835      532.2077882842043
0.002                     0.19186785562668351      532.1944866733818
0.002                     0.19195558137596214      532.1746586179493
0.002                     0.19206017452350244      532.1488341304382
0.002                     0.192108178749498        532.1376740457035
0.002                     0.19226298320112187      532.0981969984534
0.002                     0.19225516092281025      532.1001744081289
0.002                     0.19226554527665576      532.0974865680804
0.002                     0.19241982869538976      532.0572155684221
0.002                     0.1924669674558987       532.0436634215855
0.002                     0.1925778979360267       532.0137798540717
0.002                     0.19267226079743766      531.9856958722862
0.002                     0.19273500976859764      531.9682725288508
0.002                     0.1928812770884236       531.9233996319233
0.002                     0.19289194482651967      531.9203569112344
0.002                     0.19304689278350584      531.8717762161624
0.002                     0.19291929726964216      531.9117491971515
0.002                     0.19311281305350333      531.8490012317062
0.002                     0.19321277805400447      531.8168272932982
0.002                     0.1932826470114689       531.793089317174
0.002                     0.19335948787842852      531.7653982194968
0.002                     0.19343464434611635      531.739503938232
0.002                     0.19353634592472568      531.7010969593491
0.002                     0.19357989662838487      531.6856821849246
0.002                     0.19372260835530722      531.6305268455218
0.002                     0.19368458262128208      531.6451241929949
0.002                     0.1937409700804909       531.6228345270835
0.002                     0.193853957019495        531.5783207680919
0.002                     0.19399455027381027      531.5197457283911
0.002                     0.19397500793476524      531.5279495941525
0.002                     0.19401276241488236      531.5113919910709
0.002                     0.1941360221803992       531.4589835352415
0.002                     0.19423998054391756      531.4111322671332
0.002                     0.1942718156091346       531.3974041450774
0.002                     0.19429240364285694      531.387990905136
0.002                     0.19439960284759836      531.3378536292126
0.002                     0.19451393799594727      531.2816055161255
0.002                     0.19453160659189345      531.2735346489835
0.002                     0.19465271296779185      531.213647524182
0.002                     0.19455221976869067      531.263208893839
0.002                     0.19474409312942154      531.1643476651492
0.002                     0.19478741194581994      531.1428472487602
0.002                     0.1949354324353303       531.0634098376408
0.002                     0.19483970672726092      531.1145220077137
0.002                     0.1949930295045588       531.0287986515302
0.002                     0.1951185617113829       530.9586250362821
0.002                     0.19518509260508293      530.917438848762
0.002                     0.19526667350837373      530.870313672036
0.002                     0.19538110620277344      530.7971315495288
0.002                     0.19541628858868088      530.7762798782894
0.002                     0.19558072456463724      530.6687101529672
0.002                     0.19552599259735365      530.7041825742139
0.002                     0.1955975556703084       530.6566009144711
0.002                     0.19573836103439435      530.5609195293612
0.002                     0.19575855093759442      530.5459750259403
0.002                     0.19585558576961726      530.4776757286128
0.002                     0.19590202172708276      530.442721130592
0.002                     0.19594482112841827      530.4120741565985
0.002                     0.1959875165304394       530.3807321699784
0.002                     0.1960564814958432       530.3290466475704
0.002                     0.19613458700098782      530.266226259858
0.002                     0.19617470775991014      530.236157915556
0.002                     0.1962199554881927       530.2003588721217
0.002                     0.19630126115635027      530.1352981902191
0.002                     0.19638376767077786      530.0632948496971
0.002                     0.19644789630963494      530.0115592058111
0.002                     0.19649661816754918      529.9698577229548
0.002                     0.1966399691251247       529.8427857410256
0.002                     0.19659502151507635      529.8812085759454
0.002                     0.19670043733478337      529.7870102096475
0.002                     0.1967646045642281       529.7265640473162
0.002                     0.19685596451790793      529.6428306821305
0.002                     0.19692225359177498      529.5749139471004
0.002                     0.19699370761564974      529.5053259124036
0.002                     0.19703985247843814      529.4577033164408
0.002                     0.1971175385485971       529.3806721254023
0.002                     0.1971924840110359       529.2996481168864
0.002                     0.1972810088726083       529.2063831426054
0.002                     0.1973452751845195       529.1329676846112
0.002                     0.19739786355390582      529.0768242242406
0.002                     0.19747694508559813      528.9858081816838
0.002                     0.19752282628213613      528.9331226013192
0.002                     0.19756192463355257      528.8847452674472
0.002                     0.19765597669350238      528.7757301152624
0.002                     0.19772548609998955      528.6908809720496
0.002                     0.19779898847642063      528.5962145391894
0.002                     0.19786409127428678      528.5167801672317
0.002                     0.1979480043001155       528.4063878028694
0.002                     0.19799475980443917      528.342959131806
0.002                     0.19810079178360224      528.2035357211205
0.002                     0.19816498584382303      528.1103001663348
0.002                     0.19825881932576322      527.9788772605509
0.002                     0.19831415679959707      527.8949780469876
0.002                     0.1983800376009074       527.8013393355093
0.002                     0.1985100856008787       527.601241331897
0.002                     0.19844281009580872      527.7068429418226
0.002                     0.1986644955343727       527.3562281017694
0.002                     0.19857700635585596      527.5001669463867
0.002                     0.19871737782794452      527.2743780961538
0.002                     0.19883254008064527      527.0780294118957
0.002                     0.198868822668329        527.019576237679
0.002                     0.1989835134524057       526.8179086777461
0.002                     0.1990430299345345       526.712113844485
0.002                     0.19910644447200945      526.5951499456478
0.002                     0.19920071301123524      526.423077930033
0.002                     0.19925202288394583      526.3214524037958
0.002                     0.19937231282578657      526.0940793043195
0.002                     0.19946052636423064      525.9067136881902
0.002                     0.19953726244299308      525.7559798425482
0.002                     0.19968449139018452      525.440432276994
0.002                     0.19961790312991867      525.5869697479616
0.002                     0.19985246352284064      525.0661139400299
0.002                     0.19979334067849497      525.205185713769
0.002                     0.20003282881017295      524.6465272530079
0.002                     0.19996297440741664      524.8182787481626
0.002                     0.20017975008091465      524.2841058002643
0.002                     0.20013808534985705      524.3929083973879
0.002                     0.20026882551831132      524.0667075917949
0.002                     0.20034800836460853      523.8540531190497
0.002                     0.20043296281389195      523.6344884397388
0.002                     0.20049445192287818      523.4623937056499
0.002                     0.20063262987184538      523.0763167689744
0.002                     0.2005994736288802       523.1741542756138
0.002                     0.20077413374282582      522.6645627286143
0.002                     0.2007559746821948       522.7211316955253
0.002                     0.20090623220752016      522.2659419855893
0.002                     0.20091216307118395      522.2465509636132
0.002                     0.2010642315772173       521.7667159939924
0.002                     0.20106099576577555      521.7778245923761
0.002                     0.20120166059541483      521.3139047572291
0.002                     0.20121236848216875      521.2786824921253
0.002                     0.20133768435650184      520.8496082228469
0.002                     0.20121263533592998      521.2778423002225
0.002                     0.2013551449348521       520.7902490514308
0.002                     0.20144642079875236      520.4687958165985
0.002                     0.20153025757808274      520.1630423108036
0.002                     0.201569216237843        520.0120690790526
0.002                     0.2017235180324794       519.4279959018955
0.002                     0.20164351484120813      519.7390174540275
0.002                     0.20174487379681044      519.341253447059
0.002                     0.20183523179281027      518.989482622273
0.002                     0.20188946249672074      518.7602291969959
0.002                     0.2020215734411176       518.2085298771465
0.002                     0.20193470708775013      518.5798348089874
0.002                     0.20217957563869476      517.5285317431056
0.002                     0.2021041862674606       517.8597468903895
0.002                     0.20227484639862017      517.0953313729747
0.002                     0.20205738782150118      518.0651163006537
0.002                     0.20238735156192422      516.5788228112697
0.002                     0.2022749574109042       517.0948263948729
0.002                     0.20227488212108907      517.0951753066284
0.002                     0.20241166063731578      516.4569325855898
0.002                     0.20255168847499533      515.7862455469224
0.002                     0.20258228864164834      515.6250472868744
0.002                     0.20271748696388103      514.9465915000352
0.002                     0.2027532565162757       514.7498153956388
0.002                     0.20288603664633378      514.0495088226338
0.002                     0.20291964381244165      513.8556635807263
0.002                     0.20305048872103992      513.1309258062635
0.002                     0.20308190999401288      512.9407927997465
0.002                     0.20321474087380292      512.1694430993928
0.002                     0.2032457552528047       511.9724811605595
0.002                     0.20337754755216034      511.17192539183867
0.002                     0.2034129308328273       510.936401140378
0.002                     0.20352759117594932      510.2028734474705
0.002                     0.20355391587038854      510.01942649783234
0.002                     0.20365289054145497      509.3735586880503
0.002                     0.20376655775037159      508.57269573686335
0.002                     0.20376870309130188      508.55853179207884
0.002                     0.2039080195904406       507.55850559276126
0.002                     0.20382469705576228      508.15625646330113
0.002                     0.20391044657468108      507.53967079120844
0.002                     0.2039491969835773       507.24630822375303
0.002                     0.20409504497488726      506.14686756407593
0.002                     0.20410445791991402      506.0797690384598
0.002                     0.20427212288498908      504.75177375255555
0.002                     0.2041390200915989       505.8054251061876
0.002                     0.20431284648321016      504.39990287178375
0.002                     0.20442168934042737      503.5165821946511
0.002                     0.20452489392193773      502.59606628220826
0.002                     0.2045753319348858       502.1730457423735
0.002                     0.20473358681398557      500.7312654865168
0.002                     0.20468678394687673      501.1563539490629
0.002                     0.20475176401440223      500.547586075769
0.002                     0.20490715245988766      499.0763762598276
0.002                     0.20493092181360406      498.8275460647227
0.002                     0.2050532870842246       497.6147020254036
0.002                     0.20508214000016028      497.3079743377627
0.002                     0.20520309696165245      496.05509687468395
0.002                     0.20523292701827361      495.7150215953902
0.002                     0.20534779412193682      494.4752759136268
0.002                     0.20538197235613312      494.0736449166893
0.002                     0.20547786689241287      492.98498735684416
0.002                     0.20549989783088848      492.71651793854846
0.002                     0.2055759123373333       491.8393195118814
0.002                     0.20565282220901235      490.91792850156855
0.002                     0.20570457732067476      490.26185536599644
0.002                     0.20582587310685604      488.76856065052215
0.002                     0.20588247530889336      488.0103143466025
0.002                     0.20599308824473123      486.53576066308557
0.002                     0.20599902191007508      486.45242748471344
0.002                     0.20612212565318783      484.77149962472544
0.002                     0.206141915045497        484.4887315747368
0.002                     0.20619061195292737      483.7682737737513
0.002                     0.20628578578305834      482.4179631409231
0.002                     0.20642162977502637      480.38972225559587
0.002                     0.20632934927235336      481.78805328048657
0.002                     0.20651745738913702      478.8894368414204
0.002                     0.20654058840017553      478.51334443905097
0.002                     0.2066441031120384       476.8680899290322
0.002                     0.2066857717138332       476.14853936463504
0.002                     0.20679418864245552      474.3707302188785
0.002                     0.20686341969490263      473.12729182725127
0.002                     0.2069609930655521       471.41989794234536
0.002                     0.20701489318383148      470.43626005957054
0.002                     0.20714310427820562      468.05185370495064
0.002                     0.20717861285375355      467.34319032346343
0.002                     0.20731036334505484      464.7797735822486
0.002                     0.20733867931926936      464.18095210395603
0.002                     0.20745226105875952      461.8534711096889
0.002                     0.20747002985895646      461.47738819490144
0.002                     0.20753566257017805      460.05798774010896
0.002                     0.20758083952972062      459.10398960388267
0.002                     0.20760047412909388      458.66887459925977
0.002                     0.20767128686342762      457.12185496955647
0.002                     0.20775238459741144      455.2676154851137
0.002                     0.20776658246680033      454.93057602595275
0.002                     0.20785144518647236      452.98508541654905
0.002                     0.20792042076002026      451.35210015112375
0.002                     0.20799931044225836      449.39631526203874
0.002                     0.20807881030665404      447.431420632591
0.002                     0.20816539508961474      445.1652988416158
0.002                     0.20821521739871485      443.9184055382456
0.002                     0.20834250268087975      440.48677039032003
0.002                     0.2082910148407553       441.84670663877057
0.002                     0.20837796201181452      439.4792307902319
0.002                     0.20846802063681802      436.998078652709
0.002                     0.2085951628962399       433.28605970301464
0.002                     0.20860251071635155      433.0787950363731
0.002                     0.20860680182139574      432.9516863403632
0.002                     0.20873697664674026      429.08538245819784
0.002                     0.20885221292465986      425.52866487284507
0.002                     0.20879918752304355      427.13271636933734
0.002                     0.20888047199441584      424.6155444930125
0.002                     0.20897274897417575      421.74462827788034
0.002                     0.20906054881089434      418.81183245399234
0.002                     0.20909934803675848      417.54416707017793
0.002                     0.20918838750447177      414.5884760972531
0.002                     0.20925609853571808      412.29286061823717
0.002                     0.20933390063969304      409.631360718539
0.002                     0.20943896890397012      405.9682285996763
0.002                     0.20948097922047382      404.48208055367434
0.002                     0.20961757006190676      399.6120121852871
0.002                     0.20962709446502342      399.2632072100438
0.002                     0.2097667736148583       394.27874776077874
0.002                     0.20965962831844573      398.07978047206444
0.002                     0.20980493723148608      392.92196926857474
0.002                     0.20990569345198357      389.3061854316005
0.002                     0.21002878183184776      384.812200779127
0.002                     0.21004625432979057      384.2117147969867
0.002                     0.21010572647061976      382.09021986547475
0.002                     0.21019940774822837      378.775845159278
0.002                     0.21022034472198192      378.00705151212816
0.002                     0.21034147992203314      373.82195734553903
0.002                     0.21046734085842556      369.5059114428689
0.002                     0.21041721914607725      371.1858273809112
0.002                     0.21050580737416438      368.25350240139636
0.002                     0.210603621188385        365.0055454537477
0.002                     0.21075392594498557      360.19380332786
0.002                     0.21071921070700475      361.2648563572718
0.002                     0.2107860181312216       359.246374771147
0.002                     0.21092395041837445      355.0652874743188
0.002                     0.2110682508711581       350.8917200617828
0.002                     0.21104674967870946      351.4759158553601
0.002                     0.21115044796877874      348.6365326232807
0.002                     0.2111847456863741       347.6980247049544
0.002                     0.21127586977901286      345.3442643681997
0.002                     0.21119099232248817      347.5291953398149
0.002                     0.21133539140312058      343.815468483028
0.002                     0.21144703221826655      341.12366670602773
0.002                     0.2116062755165084       337.47326414320855
0.002                     0.2115285534824352       339.22430128954966
0.002                     0.21163896583577987      336.7850721246604
0.002                     0.21147385536564872      340.47040863284855
0.002                     0.2118130706880483       333.1935592253098
0.002                     0.21175604748671772      334.3104013899507
0.002                     0.21192499695534425      331.02068756806744
0.002                     0.21191596627506998      331.19691777480506
0.002                     0.21202158806469834      329.28350906661245
0.002                     0.21205088022491092      328.75709389223977
0.002                     0.2120522950362337       328.7332170407393
0.002                     0.2120667431791829       328.4937688387869
0.002                     0.21220583952777594      326.1905593960804
0.002                     0.21221758096611892      325.9921547203444
0.002                     0.21223611292565048      325.7046577995104
0.002                     0.21236692227593978      323.73675982564225
0.002                     0.21245924223636387      322.41580477816876
0.002                     0.21248706594953462      322.0412389309364
0.002                     0.21259508996769755      320.6126910931191
0.002                     0.21263960292756343      320.0701590207889
0.002                     0.21276097089438817      318.59633061462785
0.002                     0.21281685230985364      317.97870982523614
0.002                     0.21292960526173182      316.7388437237498
0.002                     0.21299881710221785      316.0509295305119
0.002                     0.2131026598882909       315.01837687205
0.002                     0.21320792692202808      314.0733829910637
0.002                     0.21326056404857932      313.59595771140613
0.002                     0.2134205600655077       312.28939483548237
0.002                     0.2133478486603974       312.87497776831253
0.002                     0.21345812144979834      312.0100446158513
0.002                     0.21358516905837932      311.06750439641087
0.002                     0.21362419182143283      310.80386728109465
0.002                     0.21375182152123634      309.9530519480487
0.002                     0.21378629957869522      309.74237140959923
0.002                     0.21391632913548714      308.95893004470895
0.002                     0.21394904235792617      308.778272184682
0.002                     0.21409050097542992      308.01105662158704
0.002                     0.21411464578484896      307.88935196984716
0.002                     0.2141502744744137       307.7150448350269
0.002                     0.21423018070551442      307.3212295461128
0.002                     0.21432391634632328      306.8941321889274
0.002                     0.2143440478126551       306.80177774310454
0.002                     0.21437853051546846      306.654947097868
0.002                     0.21449864042715683      306.15401966146663
0.002                     0.2145603707643109       305.9203790263635
0.002                     0.214672576259891        305.4943187747146
0.002                     0.2147601612568108       305.1949118981364
0.002                     0.21482807875390922      304.9621641610035
0.002                     0.2149751007430912       304.50386459657324
0.002                     0.21497605091602687      304.50088742574906
0.002                     0.214976685616659        304.4989769659426
0.002                     0.21514692843950825      304.02002775893135
0.002                     0.2149911742885353       304.45822115703623
0.002                     0.21515378160290702      304.0022135578588
0.002                     0.21516735854809677      303.967579274596
0.002                     0.21526825614582717      303.7088912940258
0.002                     0.21536389038505904      303.4800113959297
0.002                     0.2153742824452235       303.45496822997865
0.002                     0.21549493354796634      303.1872199874621
0.002                     0.21538730637442707      303.4252117045151
0.002                     0.21565929374637005      302.8513813712676
0.002                     0.21564090737144792      302.8892190172291
0.002                     0.2156679524436678       302.8343705450127
0.002                     0.21583236995936622      302.5338823121292
0.002                     0.21572437707104913      302.7311780639922
0.002                     0.2158585290606691       302.4906060169401
0.002                     0.21596486883595384      302.3137426913434
0.002                     0.21610796581575747      302.0947149636534
0.002                     0.2160875139221731       302.125273732284
0.002                     0.21612396813539428      302.0726724476096
0.002                     0.2162693031037481       301.87113708693994
0.002                     0.21633465669674257      301.78927045900554
0.002                     0.2164145989651972       301.68818851007507
0.002                     0.21651989408512648      301.56488625796715
0.002                     0.2165329167031778       301.5502588168415
0.002                     0.21659292190076773      301.48520368229293
0.002                     0.216634586034001        301.440077455473
0.002                     0.21664468584865706      301.4295870917436
0.002                     0.21673700083810366      301.33673244926615
0.002                     0.21685202965856348      301.2274966943444
0.002                     0.21688761882830476      301.1955533440458
0.002                     0.21693438472987586      301.1552833551764
0.002                     0.21701035331881469      301.08950876532265
0.002                     0.21712146084124284      301.0007297603814
0.002                     0.21712532762100928      300.9976189492333
0.002                     0.2172524530891516       300.9042766598797
0.002                     0.21713053367505866      300.99368822236664
0.002                     0.21741273133390518      300.7962398177829
0.002                     0.21736542366167105      300.8266628652376
0.002                     0.21758857195409265      300.6889819524399
0.002                     0.21757384600017154      300.6974594089645
0.002                     0.2176066703852917       300.67924456880644
0.002                     0.21775521193908934      300.5983552231716
0.002                     0.21792533756721522      300.5153435381677
0.002                     0.21783594928446884      300.5591712170275
0.002                     0.21803430137491053      300.4669300457791
0.002                     0.21808481076946445      300.44518551959345
0.002                     0.21824445213684765      300.38197329834816
0.002                     0.2181425401523693       300.4224643654726
0.002                     0.2183266992672628       300.35197315661355
0.002                     0.21840101854029362      300.3259203432249
0.002                     0.21855960080173453      300.2747762113653
0.002                     0.21847219793712658      300.30315495798993
0.002                     0.21865387690169238      300.24690534901725
0.002                     0.2187192986060679       300.22835803080545
0.002                     0.21887935110990855      300.1867095592342
0.002                     0.21878243447618934      300.2120973395372
0.002                     0.21897745979577732      300.1633951925378
0.002                     0.21903964101566442      300.1492662512188
0.002                     0.21919985559174715      300.1159596561272
0.002                     0.21910140793255342      300.1365907433873
0.002                     0.2192983438411047       300.0973820857783
0.002                     0.21935993387255168      300.0863003385416
0.002                     0.21951997780895172      300.06014803889104
0.002                     0.21942142772547507      300.07642136226013
0.002                     0.2196187546774424       300.0456827244312
0.002                     0.21967997855397314      300.0371446710212
0.002                     0.2198399864544643       300.0171715457875
0.002                     0.2197411092418516       300.02968980348726
0.002                     0.21993908305026327      300.00634064142787
0.002                     0.22                     300
